:020000040800F2
:10000000506F01208D040008B16801089943010870
:1000100051670108092A0008691C02080000000055
:10002000000000000000000000000000A1A1010885
:10003000E94D0008000000004171010819A3010802
:10004000A7040008A7040008A7040008A7040008E4
:10005000A7040008A7040008A7040008A7040008D4
:10006000A7040008A7040008A7040008193F000817
:10007000293F0008393F0008493F0008593F000860
:10008000693F0008793F0008A7040008514E0008A6
:1000900029500008614E000839500008A7040008E4
:1000A000A7040008A7040008A7040008A704000884
:1000B00071A50108A7040008A7040008A704000808
:1000C000A7040008A7040008A7040008A704000864
:1000D000A99F0108F9CB010809CC010819CC010836
:1000E000A7040008A704000800000000A7040008F7
:1000F000A7040008A7040008A7040008893F000817
:10010000A7040008A7040008A7040008A704000823
:10011000A704000851AF0108A7040008A7040008BD
:10012000993F0008A93F0008B93F0008C93F0008EF
:10013000D93F0008A7040008A7040008A704000886
:1001400000000000000000000000000000000000AF
:10015000E93F0008F93F0008A7040008A7040008C9
:10016000A7040008A7040008A7040008A7040008C3
:10017000A704000829690108A7040008000000007E
:10018000A7040008A7040008B1B80108A7040008E4
:10019000A7040008A7040008A7040008A704000893
:1001A000A7040008A7040008A70400080000000036
:1001B000A7040008A7040008A7040008A704000873
:1001C000A7040008A70400080000000000000000C9
:1001D0000000000000000000A7040008000000006C
:1001E000000000000000000000000000000000000F
:1001F0000000000000000000A7040008A704000899
:10020000A7040008A704000800000000A7040008D5
:10021000A7040008A7040008A7040008A704000812
:10022000A704000800000000A70400080000000068
:10023000A7040008A704000800000000A7040008A5
:10024000A7040008F9200008A7040008A704000874
:10025000A7040008A7040008A7040008A7040008D2
:10026000A7040008A7040008A7040008A7040008C2
:10027000A7040008A7040008A70400080000000065
:10028000A7040008A7040008A7040008A7040008A2
:1002900000000000A7040008A704000800000000F8
:1002A00000000000A7040008A7040008A704000835
:1002B000E9CB0108A7040008A704000819520008A8
:1002C00029520008A7040008A704000800F002F85B
:1002D00000F0CCF814A696E8000CB244B344DA451A
:1002E00001D100F0C3F8BAE80F000FA696E830007D
:1002F000A5EB040504EB0607AAEB0704A7F1010729
:100300004FEA15154FEA3414A4F10104AC4201D3AD
:1003100000F0ACF813F0010F18BFFB1A43F0010313
:1003200000F001F8DBE71847E0F8020020F90200CE
:100330000A444FF0000C10F8013B13F0070408BF0B
:1003400010F8014B1D1108BF10F8015B641E05D0A9
:1003500010F8016B641E01F8016BF9D113F0080F5E
:100360001EBF10F8014BAD1C0C1B09D16D1E58BFF0
:1003700001F801CBFAD505E014F8016B01F8016B27
:100380006D1EF9D59142D6D370470000704700002A
:100390000023002400250026103A28BF78C1FBD88E
:1003A000520728BF30C148BF0B6070476E2900F06C
:1003B0008D83702900F0D18466292EF0B8876529D5
:1003C0002EF0B58767292EF0B28761292EF0B1870C
:1003D00003681B0A28BF41F08001692900F03A83B5
:1003E000642900F03783752900F034836F2900F009
:1003F0005F84782900F09D84E92900F0F983E429DD
:1004000000F0F683F52900F0F383EF2900F05C8417
:10041000F82900F09C840368DB0928BF41F08001C3
:10042000632901F0BF81732901F0C481E32901F040
:10043000CF81F32901F0D481002070471FB52EF041
:1004400069FF9DE8030000F03BFA01F027FA040081
:10045000002000212EF048FF401C60600020002199
:100460002EF02CFFE0601FBD10B510BD01F0E8F9C3
:100470001146FFF7E3FF29F02BFD01F0C5FA03B4A5
:10048000FFF7F2FF03BC01F0F5FA000009488047CE
:1004900009480047FEE7FEE7FEE7FEE7FEE7FEE766
:1004A000FEE7FEE7FEE7FEE704480549054A064B7E
:1004B0007047000031A40108CD020008484F000039
:1004C000506F0120486F0000502F012070B5064684
:1004D00000F0DAF9056806F10B0020F00704B442D9
:1004E0009CBF002070BD2B466A68BAB11068A0425C
:1004F00010D304F1080188423CBF5068586007D30C
:100500005168101941601168091B0160586014603E
:10051000101D70BD13465268002AE7D121462846B7
:1005200000F0BAF90028DED170BD53EA020C00F0E9
:1005300069802DE9F04B4FF00006002B1FBFB3FA86
:1005400083F503FA05F424FA05F65E4012BF16435C
:10055000B2FA82F502FA05F4C5F120051EBF22FAAF
:1005600005FC44EA0C04203556EA044C4FEA1444D6
:1005700018BF641C4FF000084FF00009904271EB67
:10058000030C39D3002919BFB1FA81F701FA07F634
:10059000B0FA80F700FA07F6C7F120071EBF20FA6D
:1005A00007FC46EA0C062037B6FBF4FCA7EB050770
:1005B000103F07F01F0BCBF120062CFA06F60CFAC1
:1005C0000BFB44BFB3460026202FA4BF5E464FF06E
:1005D000000B5BEA060C08BF4FF0010B19EB0B098F
:1005E00048EB0608ABFB027C06FB02CC0BFB03CC02
:1005F000C01B71EB0C01C1E70B4602464146484661
:10060000BDE8F08B13B5084318BF4FF0FF3001462B
:10061000AFF30080BDE81C40704700000FB41CB56C
:100620000C0007AA009007D04142A14202D3204407
:10063000401E01E04FF0FF30074B7B4469460190BC
:10064000069800F05CFA0021002C01D0009A11708D
:100650001CBC5DF814FB0000E704000040EA010345
:1006600010B59B070FD1042A0DD310C808C9121F5B
:100670009C42F8D020BA19BA884201D9012010BD95
:100680004FF0FF3010BD1AB1D30703D0521C07E062
:10069000002010BD10F8013B11F8014B1B1B07D1C6
:1006A00010F8013B11F8014B1B1B01D1921EF1D137
:1006B000184610BD10B5431C02E010F8011B71B1C3
:1006C0008107FAD14FF0013202C88C1A8C4314EA28
:1006D000C211F9D0C01A0A0603D0C01E10BDC01A3C
:1006E00010BD0A0401D0801E10BD0902FCD0401EBE
:1006F00010BD032A40F2308010F0030C00F015808A
:1007000011F8013BBCF1020F624498BF11F801CB14
:1007100000F8013B38BF11F8013BA2F1040298BF79
:1007200000F801CB38BF00F8013B11F0030300F0E3
:100730002580083AC0F0088051F8043B083A51F887
:1007400004CBA0E80810F5E7121D5CBF51F8043B8C
:1007500040F8043BAFF30080D20724BF11F8013BFF
:1007600011F801CB48BF11F8012B24BF00F8013B61
:1007700000F801CB48BF00F8012B704710B5203AB4
:10078000C0F00B80B1E81850A0E81850B1E818503C
:10079000A0E81850203ABFF4F5AF5FEA027C24BF0E
:1007A000B1E81850A0E8185044BF18C918C0BDE8F7
:1007B00010405FEA827C24BF51F8043B40F8043BC0
:1007C00008BF7047D20728BF31F8023B48BF11F875
:1007D000012B28BF20F8023B48BF00F8012B7047CF
:1007E00002F0FF0343EA032242EA024200F024B887
:1007F0004FF000020429C0F0128010F0030C00F04A
:100800001B80CCF1040CBCF1020F18BF00F8012BC7
:10081000A8BF20F8022BA1EB0C0100F00DB85FEA95
:10082000C17C24BF00F8012B00F8012B48BF00F861
:10083000012B70474FF0000200B5134694469646D0
:10084000203922BFA0E80C50A0E80C50B1F12001E3
:10085000BFF4F7AF090728BFA0E80C5048BF0CC091
:100860005DF804EB890028BF40F8042B08BF7047EF
:1008700048BF20F8022B11F0804F18BF00F8012B61
:10088000704770477047704700487047F804002071
:10089000704770477047704738B504460A460020D5
:1008A0006946AFF30080002808BF38BD02460099B2
:1008B000204600F029FB012038BD012000F0B8BF20
:1008C000F8B5AFF30080054600200C460C2000BFB1
:1008D0000646A819A0420DD9324669460020AFF35A
:1008E0000080070008BF00F0A3FF0098A04218BFD7
:1008F0000546C419FFF7C8FF05600746F01D20F044
:1009000007004619284600F00AF8B44208BFF8BDAF
:10091000A21B31463868BDE8F84000F0F5BA002166
:100920000160416070470C20704770B50446051F98
:10093000FFF7AAFF0068002C14BF446870BD002CAC
:1009400018BFAC423CBF20466468F8D301680A185F
:10095000AA4218BF456003D12A68054611440160C8
:1009600028684119A1421CBF6C6070BD6168696054
:1009700021680844286070BD10B500F0C1FA006815
:1009800010BD10B5044600F0BBFA046010BD70B590
:10099000044685690068C10601D5302600E020269E
:1009A000C00707D070BDD4E9012130469047206AC6
:1009B000401C20626D1EF6D570BD70B50446856979
:1009C0000078C00707D170BDD4E9012120209047ED
:1009D000206A401C20626D1EF6D570BD09684A056C
:1009E00001D540B27047C905FCD500B2704709680F
:1009F0004A0501D5C0B27047C905FCD580B2704721
:100A000070B50C460546012A05D02878800600D529
:100A1000EA69002302E0012305E05B1C934202D255
:100A2000E05C0028F9D1A869E618C01AA861286A14
:100A3000184428622846FFF7AAFF04E0D5E90121FF
:100A400014F8010B9047B442F8D32846FFF7B5FFDE
:100A500070BD00002DE9F04106460024106875299C
:100A6000314616A510D0FFF7B9FF002802DA404240
:100A700013A507E031688A0701D512A502E04907EE
:100A800004D511A5012401E0FFF7B1FF00210A22DE
:100A900006F1240709E0B0FBF2FCB0FBF2F302FB25
:100AA0001C00303078541846491C0028F3D12346E6
:100AB0002A463046BDE8F04100F085BA000000004B
:100AC0002D0000002B0000002000000011680268CB
:100AD000006A530501D508700AE0D30501D50880E6
:100AE00006E0130603D5C217C1E9000200E0086062
:100AF0000120704701694A1C02610878704700B5FF
:100B00008FB0CDE901310021059105497944CDE946
:100B100003101146684600F02BF90FB000BD00002D
:100B2000E5FFFFFFD1E900239A4202D2531C0B607C
:100B3000107070472DE9FF5F15468A460446DFF8BE
:100B4000AC80F8440027D8E900103E46CDE90010FB
:100B500010E03AF816106A4602A800F045FE411C63
:100B600007D02178890603D5E269391891420DD85A
:100B70000744761C2078800602D5E069B84205DD7E
:100B8000AE42E6DB3AF816000028E2D1A069C01BAD
:100B9000A0612046FFF7FBFED8E90010CDE9001068
:100BA000002017E03AF818106A4602A800F01CFE70
:100BB000B0F1FF3F81460BD000250DF1080B05E099
:100BC000D4E901211BF8050090476D1C4D45F7D372
:100BD00008F10100B0428046E4DB206A384420621C
:100BE0002046FFF7EAFEBDE8FF9F0000F2E70200A3
:100BF0002DE9F0418046D21D22F007020025D2E9FE
:100C00000002F52915A614D0011E72F1000106DAC2
:100C10000023D0EB030063EB020211A608E0D8F832
:100C200000108B0701D50FA602E0490701D50EA6DB
:100C300001251146002408F1240704E000F07EF9A4
:100C400030323A55641C50EA0102F7D12B46324645
:100C500021464046BDE8F04100F0B5B90000000073
:100C60002D0000002B0000002000000030B4002107
:100C700000F1240408E002F00705D208303542EA0A
:100C80004372DB086554491C52EA0305F3D104683A
:100C9000002310A2250708D504F020040C4304D03B
:100CA000C46901230CA2641EC46130BC00F08BB97E
:100CB00010B5044621461068FFF799FE024620460B
:100CC000BDE810400023D1E7D21D22F00701D1E991
:100CD0000023CBE70000000030000000F0B40D4618
:100CE0000188090502D5214C7C4402E01F4C7C445C
:100CF0000E34002100F1240608E002F00F0712096B
:100D0000E75D42EA03721B097754491C52EA030764
:100D1000F3D102780023120704D5702D06D009B153
:100D2000022311342246F0BC00F04DB901231034E7
:100D3000F8E770B504460D4621461068FFF757FEE8
:100D4000024629462046BDE870400023C6E7D21D72
:100D500022F00703D3E90023C0E70368126843F0D9
:100D6000200303600823C3610023B7E754E60200B1
:100D70002DE9F05F894604464FF0000ADFF874B1B0
:100D8000FB44C0F820A02046E1688847002874D0C2
:100D9000252806D0D4E901219047206A401C206212
:100DA000F1E700265F462046E1688847202805468F
:100DB00007DB312D05D2781910F8200C08B1064355
:100DC000F1E7B00701D526F00406C4F81CA00027FF
:100DD000C4F818A02A2D09D028462EF03DFA38B3C1
:100DE00004EB8708303DC8F8185019E059F8041B87
:100DF000204604EB87029161E1688847012F054690
:100E000018D1E069002820DA26F020061DE0D8F885
:100E1000180000EB800005EB40003038C8F81800DF
:100E20002046E168884705462EF016FA0028EED1E4
:100E3000012F0AD02E2D08D12046E16888477F1C5B
:100E40000546022F46F02006C4DBA069002803DA1D
:100E5000404246F00106A061F00701D026F01006DE
:100E60006C2D0BD0682D09D04C2D39D06A2D35D082
:100E7000742D35D07A2D33D016E038E0E1682F4656
:100E800020468847B842054609D16C2F26D04FF43A
:100E90008060E168064320468847054604E06C2FE1
:100EA0001AD04FF4807006430DB3A5F14100192804
:100EB00002D8203546F400664A4629462046266078
:100EC0004E46FFF773FA80B101280BD0F61D26F0CD
:100ED000070000F1080956E74020E4E78020D8E742
:100EE0000020D6E706F104094DE7284652E7206ABC
:100EF000BDE8F09FE4E5020000487047F0040020E0
:100F000000487047F0040020034640688C460028E3
:100F100018BF88423CBF03464068F8D3186818449D
:100F2000884207D00CF1030020F00700001D411A91
:100F3000521A0146081D0A60FFF7F7BC30B5B0F140
:100F40000A0271F100034FEA900E4EEA817EB0EB87
:100F50000E0061EB91014FEA101E4EEA017E10EB8C
:100F60000E0041EB11114FEA102E4EEA016E10EB0C
:100F70000E0041EB11214FEA104E4EEA014E10EBEC
:100F80000E0041EB1141401841F100014FEAD00041
:100F900040EA41704FEAD1014FEA810444EA90747B
:100FA00010EB800544EB01046D1944EB0404521B63
:100FB000A3414FF0000348BF0A3200D530BD401CAA
:100FC00041F1000130BD2DE9F0470D4699469246AA
:100FD000044600F124080168880604D5E06921F080
:100FE0001001216000E00120A84201DD471B00E064
:100FF0000027A1697A1902EB0900081AA06120787C
:10100000C00602D42046FFF7C2FC002608E0D4E95F
:1010100001211AF806009047206A401C761C2062C5
:101020004E45F4DB2078C0060AD52046FFF7AFFC1A
:1010300006E0D4E9012130209047206A401C20625C
:10104000381EA7F10107F4DC07E0D4E9012118F804
:1010500005009047206A401C2062281EA5F101056A
:10106000F3DC2046FFF7A9FC2078000602D5022019
:10107000BDE8F0870120FBE72DE9FF4F0C461E4637
:101080004FF0FF378BB0D2E90001DDF860800A90A5
:101090008A46C1F30A5505B93D46002108464FF07E
:1010A0000000BAF1000F00F4400005DA00EB800008
:1010B0004FF4400101EA50004FEA9059B9F1010F95
:1010C00000DDB9460A9850EA4A000ED044F61050A6
:1010D000A5F2FF3545432F14B8F1000F1ED075421D
:1010E000291E1EDDC9F100021CE0B8F1010F4FF00E
:1010F000000001D0302103E0F24305E02154401C00
:10110000B042FBDB30460022002121540B99C1F88C
:101110000880C1E900200FB0BDE8F08FBD1B6D1C39
:10112000DEE74A4600DA694206A800F0FBFB06ABA0
:1011300093E8070003AB83E8070050460A992CF0B8
:10114000B7FC8DE80700A0F500501F380090039809
:10115000002D0ADD42F21F014A460844002303A97C
:10116000039068462CF020FF09E0A0F500504A46A5
:101170001F38002303A9039068462CF02AFF8DE84E
:1011800007000004000C03D04FF0FF30410800E0DE
:101190001046B8F1000F03D00022009215461EE061
:1011A000751E05D4FFF7CAFE303262556D1EF9D5A3
:1011B000B3460122084302D000227F1C04E02078BD
:1011C000302801D100227F1E002A099784D01DE01B
:1011D000112D07DAFFF7B2FE303262556D1C50EA6E
:1011E0000102F5D1084302D00098C8B10EE00021F9
:1011F000681E05E0235C625C63542254401E491C57
:101200008142F7DBAB46A81B401E0990002004F882
:101210000B000B98099AC0F80880C0E9002B7AE708
:1012200011264FF0000857E72DE9F04F8846044695
:10123000D21D22F0070191B0D1E90001CDE90A01E8
:101240002CF0FEFF02460B98C00F01D02D2007E0C6
:101250002068810701D52B2002E0202101EAC0008F
:10126000032A099001D0072A05DB034641462046A0
:1012700000F018FB0BE12078800601D5E06900E062
:101280000620B8F1650F814606D0B8F1660F18D078
:10129000B8F1670F70D131E00020B9F1110F009063
:1012A00001DB112301E009F101030AAA01A90CA83D
:1012B000FFF7E2FEDDE90C70002609F10105834627
:1012C00047E001204B4600904FF000470AAA01A9D1
:1012D0000CA8FFF7D1FEDDE90DB00C995D460026A4
:1012E00010B909F101000D18B9EB050003D4C0F1E4
:1012F000FF3609F10105A5EB09002BE0B9F1010F5B
:1013000001DA4FF001090020B9F1110F00904846B1
:1013100001DD112300E003460AAA01A90CA8FFF78A
:10132000ABFEDDE90C704D460026834620780007B1
:101330000AD4AB4500DA5D4601A8012D04DD411950
:1013400011F8011C302907D04F4502DA17F1040FBC
:1013500004DA012082460FE06D1EEEE7002F02DC6A
:10136000ED1B3E4403E0781CA84200DD7D1CB81B49
:1013700000F1010A4FF000472078000703D4AA4586
:1013800001DB4FF0FF3A0021B7F1004F0DF14308A8
:101390008DF8431024D002202B23002F01DA7F4246
:1013A0002D230A21021EA0F1010000DC5FB197FB92
:1013B000F1FC97FBF1F201FB1C7C17460CF1300CA1
:1013C00008F801CDEEE7A8F10100037021880905B6
:1013D00001D5452100E06521A0F1010800F8011CBC
:1013E00009980FA9A1EB0807FF1D00B101204119C1
:1013F00001EBEA70A1693844081A401EA061207808
:10140000C00602D42046FFF7C2FA099828B1D4E9F1
:1014100001219047206A401C20622078C00622D516
:101420002046FFF7B4FA1EE0002E04DBB34502DDD0
:1014300001A8805D00E03020D4E901219047206AB6
:10144000401C2062761CAAF101005FEA000A0AD162
:1014500000F024FAC0680168405CD4E9012190479B
:10146000206A401C2062281EA5F10105DCDC07E093
:10147000D4E9012118F8010B9047206A401C206232
:10148000381EA7F10107F3DC2046FFF796FA032088
:1014900011B041E62DE9F04F04460D46D21D22F071
:1014A000070089B0D0E90097484639462CF0C8FEBD
:1014B0000246F80F01D02D2307E02068810701D5EF
:1014C0002B2302E0202101EAC0038DF820300BB16C
:1014D000012000E00020032A824601D0072A04DB15
:1014E0002946204600F0DEF93FE12078800601D44D
:1014F0000D2500E0E569C7F30A560D2D49DA0021F4
:101500004FEA175B08464FF00000002F00F4400040
:1015100007DA00EB80004FF4400100EBD07001EAE5
:1015200060008115012901DD4FF0FF3100224FEAF3
:10153000850CBCF1180F06D31346ACF118004FF020
:101540008052C24003E04FF4801323FA0CF30CF1F5
:101550000C0CBCF1200F04D3ACF1200C09FA0CF0F8
:1015600001E007FA0CF000294FF0004801DD18B93E
:101570000FE00ED140450CD319EB02095F4121B9B0
:10158000404502D19F4329EA0209BBEB175F00D017
:10159000761C2088000502D57B48784402E07A4812
:1015A0007844193808AA302302F80A30037C0AF17B
:1015B0000101002E0AF1020A53546A4602DC4FF080
:1015C000300101E04FF031014FF001088DF80010BB
:1015D00002D0A6F2FF3603E059EA470100D06B4E75
:1015E000002D02DC2178090704D54FF002082E21D6
:1015F0008DF80110C44600210BE0C7F303433F01FF
:10160000C35C491C6D1E02F80830052908F1010869
:1016100001DA002DF1DC00210CE000EB1973491C0C
:101620001B786D1E082902F808304FEA091908F1E5
:10163000010801DA002DF0DC21688B0602D516E0E6
:10164000A8F10108E04505DD02EB080313F8013CB1
:10165000302BF5D0B8F1000F09DD02EB080313F8C9
:10166000013C2E2B03D1090701D4A8F10108002D5C
:1016700005DD3E2102F808106D1E08F10108407CCE
:10168000002E02F8080008F1010804DA2D20764245
:1016900002F8080002E02B2002F808000A214FF4AB
:1016A0007A70864208F101080BDB96FBF0F33033C9
:1016B00002F8083096FBF0F308F1010800FB13660E
:1016C00001E0642E0CDB642096FBF0F3303302F86B
:1016D000083096FBF0F308F1010800FB136601E007
:1016E0000A2E06DB96FBF1F0303002F8080008F114
:1016F000010896FBF1F001FB1060303002F80800A1
:10170000A16908F1010808EB050202EB0A00081ABA
:10171000A0612078C00602D42046FFF738F9216A7C
:1017200008AE01EB0A00206204E0D4E9012116F8BA
:10173000010B9047BAF1010AF7D22078C00602D512
:101740002046FFF724F96E4609E016F8010B3E2803
:101750000FD0D4E901219047206A401C2062B8F1E3
:101760000108F2D22046FFF728F909B00320BDE8AE
:10177000F08F206A2844206203E0D4E90121302060
:1017800090476D1EEBD3F8E73DDF020002FCFFFF40
:1017900010B5436913B1AFF3008001E0FFF730F9F2
:1017A000012010BD127800F124010A7000224A7055
:1017B0000122EDE711684FF0FF32E9E710B5436908
:1017C00013B1AFF3008001E0FFF7B4F9012010BDC1
:1017D000128800F1240182840022C2840122EDE7F4
:1017E00011684FF0FF32E9E72DE9F04116460C464B
:1017F000054600F04BF8036893F80101012807D073
:10180000FF2C12D8185D80B101202C70BDE8F0814A
:10181000D3F807013246214603F20713C7182846BA
:10182000BC46BDE8F041002360474FF0FF30EDE7D4
:1018300010B500F0F7F8BDE8104000F0EEB87047C2
:101840007546FFF759FBAE4605006946534620F042
:101850000700854618B020B5FEF726FEBDE82040FB
:101860004FF000064FF000074FF000084FF0000B5C
:10187000AC46ACE8C009ACE8C009ACE8C009ACE8CB
:10188000C00921F007018D467047000010B500F037
:1018900005F8001D10BD00BF51DA02000048704776
:1018A000100500202DE9F0411F460446032601687B
:1018B000072A01F4006004DB08B116A505E016A5AF
:1018C00003E008B115A500E015A521F01000206087
:1018D000A069C01EA0610FB1401EA0612046FFF7A5
:1018E00056F84FB1D4E9012138469047206A401C90
:1018F0002062C01C206206E0206AFAE7D4E90121D8
:1019000015F8010B9047761EF8D22046FFF755F8E0
:10191000BDE8F0814E414E006E616E00494E4600BA
:10192000696E66002DE9F047814616468AB0354853
:1019300078440DC88DE80D0032487844801C03AC13
:101940000DC884E80D0041F69B300844372190FB18
:10195000F1F290FBF1F5A5F1800501FB12041B3CAF
:1019600002D56442012000E00020DFF898A0804604
:101970000027FA44AAF1BE0A0EE0E0070AD0324678
:10198000684607EB470101230AEB81012CF021FB9C
:101990008DE8070064107F1C002CEED1194F7F44A6
:1019A000AE3F19E0E80715D007EB04100DF1180A57
:1019B00090E80E008AE80E00C068F04201D1981944
:1019C00008903246012306A903A82CF002FB03ABC2
:1019D00083E807006D10641C002DE3D14FF0010374
:1019E00032466946B8F1000F03A802D02CF0DCFAA9
:1019F00001E02CF0EEFAC9E90001C9F808200AB0AC
:101A0000BDE8F08738DC020010B50446AFF3008073
:101A10002046BDE81040FEF732BD002801D000F09E
:101A200029B8704710B5012805D0002103A000F0A7
:101A300027F8012010BD09A1F8E7000053494752DB
:101A4000544D454D3A204F7574206F66206865618E
:101A500070206D656D6F7279000000003A20486556
:101A60006170206D656D6F727920636F7272757031
:101A70007465640001491820ABBEFEE72600020031
:101A800070B505460C460A2000E06D1C00F052F8C7
:101A900035B128780028F8D102E0641C00F04AF83B
:101AA00014B120780028F8D1BDE870400A2000F079
:101AB00041B800000000000030B44FF0013C50F885
:101AC000042BCCFA52F451F8043BD51A20D1FCB9BE
:101AD00050F8042BCCFA52F451F8043BD51A17D124
:101AE000B4B950F8042BCCFA52F451F8043BD51A8F
:101AF0000ED16CB950F8042BCCFA52F451F8043BD7
:101B0000D51A05D1002CDAD030BC4FF00000704758
:101B100029BAB1FA81F111F01801D1F12000844005
:101B2000F2D1CA40CB4012F0FF0213F0FF0330BCE9
:101B3000D01A704708B569468DF800000320ABBE87
:101B400008BD00000000000080B584B00390039839
:101B5000006842F20001C4F20201884209D0FFE7A6
:101B60000398006842F20011C4F20201884209D1D0
:101B7000FFE742F20830C4F20200006810F4403F70
:101B800009D129E046F20830C5F60200006810F4D9
:101B9000403F21D0FFE70EF08FFB02900398406892
:101BA0000190B0F5803F0AD0FFE70198B0F5003F03
:101BB00005D0FFE70198B0F5403F07D00AE0039851
:101BC000C1880298B0FBF1F0029004E0029880080E
:101BD000029000E0FFE75FE04FF4002000210CF0EE
:101BE00077FB0290039840680090B0F5802F32D0C8
:101BF000FFE70098B0F5002F2DD0FFE70098B0F573
:101C0000402F28D0FFE70098B0F5801F23D0FFE7D2
:101C10000098B0F5A01F1ED0FFE70098B0F5C01FD8
:101C200019D0FFE70098B0F5E01F1FD0FFE700983C
:101C3000B0F5001F1ED0FFE70098B0F5101F1DD0B3
:101C4000FFE70098B0F5201F1CD0FFE70098B0F523
:101C5000301F1BD01EE0039841686FF0010000EABE
:101C600051410298B0FBF1F0029014E00298000993
:101C7000029010E00298400902900CE0029880095E
:101C8000029008E00298C009029004E00298000A5D
:101C9000029000E0FFE7FFE70298400802900298F8
:101CA00045F61061C0F25F01884209D8FFE703984A
:101CB0000068806820F440700399096888602EE00D
:101CC00002984BF62041C0F2BE0188420AD8FFE7D5
:101CD000039800688068012161F30920039909686D
:101CE00088601BE0029847F64001C0F27D118842EF
:101CF0000AD8FFE7039800688068022161F3092091
:101D000003990968886008E003980068806840F4D7
:101D10004070039909688860FFE7FFE7FFE704B0B8
:101D200080BD00000000000080B582B001900198E5
:101D3000806B00900098006E10F0500F4AD1FFE7C2
:101D40000099086E40F4007008660098006800680A
:101D50000007002821D5FFE70098006813F048FB32
:101D6000D0B1FFE700980068C0688004002812D452
:101D7000FFE70099086E20F4807008660098006EF6
:101D8000C004002806D4FFE70099086E40F0010067
:101D90000866FFE7FFE7FFE718E000980068C06803
:101DA000800790B9FFE70099086E20F480700866FC
:101DB0000098006EC004002806D4FFE70099086E62
:101DC00040F001000866FFE7FFE7FFE7009804F036
:101DD000BFFC10E00098006EC006002804D5FFE7A5
:101DE000009804F0BDFC05E00098806DC16C01987E
:101DF0008847FFE7FFE702B080BD00000000000059
:101E000080B582B001900198806B00900099086EB7
:101E100040F0400008660099486E40F004004866B3
:101E2000009804F09DFC02B080BD0000000000009E
:101E300080B582B001900198806B0090009804F00A
:101E40008BFC02B080BD000080B584B00290029887
:101E5000006813F09DFA00900298006813F0A0FA51
:101E600000284BD0FFE70098002847D1FFE70298F1
:101E70000068806800F00D00012809D1FFE7029892
:101E8000006813F005FA02980168032008600DE06D
:101E90000299086E40F0100008660299486E40F002
:101EA0000100486601208DF80F002BE00AF0E8F8E9
:101EB0000190FFE7029800688068C007E8B1FFE77B
:101EC0000AF0DEF80199401A032815D3FFE70298BB
:101ED00000688068C00770B1FFE70299086E40F0A3
:101EE000100008660299486E40F001004866012023
:101EF0008DF80F0006E0FFE7DCE7FFE700208DF834
:101F00000F00FFE79DF80F0004B080BD0000000047
:101F100080B586B004900498006813F041FA002858
:101F200040F09280FFE70498006880683F21C8F283
:101F3000000108420ED0FFE70499086E40F010003F
:101F400008660499486E40F00100486601208DF84B
:101F500017007DE00498006813F0B6F90AF090F8D5
:101F6000039004980168012042F20002C4F20202C8
:101F7000914201900CD0FFE7049800684DF6007183
:101F8000CBF6FD710844B0FA80F040090190FFE7FC
:101F90000198C10746F20030C5F6020000291CBFB7
:101FA00042F20030C4F2020013F0C2F90290049829
:101FB000006842F20011C4F20201884206D1FFE734
:101FC00042F20000C4F20200009003E004980068AE
:101FD0000090FFE7009804990968884203D0FFE762
:101FE000029880BBFFE7FFE7049800680068C0071D
:101FF00040BBFFE70498006813F0D2F928B9FFE767
:102000000498006813F060F9FFE70AF039F80399C3
:10201000401A032815D3FFE7049800680068C0073A
:1020200070B9FFE70499086E40F010000866049943
:10203000486E40F00100486601208DF8170007E067
:10204000FFE7D1E7FFE7FFE700208DF81700FFE784
:102050009DF8170006B080BD80B584B00390029152
:102060000020ADF80600039820B1FFE7029802288F
:1020700001D8FFE717E00398029902394FF6FF7283
:1020800003F042FBADF80600BDF80600039A029982
:10209000114401F8020C9DF80700039A02991144BB
:1020A00001F8010CFFE704B080BD00000000000053
:1020B00080B584B00390029100208DF8070003984A
:1020C00020B1FFE70298022801D8FFE70FE003984C
:1020D00002990139FF2203F04BFB8DF807009DF8B0
:1020E0000700039A0299114401F8010CFFE704B0BC
:1020F00080BD00000000000080B544F21850C0F21E
:10210000000005F0B5FF80BD80B540F60000C5F6C3
:1021100002000122114609F09BFF80BD0000000073
:1021200080B540F60000C5F602000121002209F04A
:102130008FFF80BD0000000080B588B000208DF8C2
:102140001E00FFF7EDFF8020049000F0D9FA552023
:10215000059000F0D5FA059800F0D2FA8DF81E002F
:10216000FFF7D2FF9620069002F056FEFFF7D8FF49
:10217000049800F0C5FA059800F0C2FA059800F03E
:10218000BFFA8DF81E00FFF7BFFF069802F044FE6D
:10219000FFF7C6FF7E20B62100F022FBFFF7B4FF59
:1021A000502002F025FEFFF7BBFF049800F0A8FACC
:1021B000059800F0A5FA059800F0A2FA8DF81E0027
:1021C000FFF7A2FF069802F027FEFFF7A9FF049889
:1021D00000F096FA059800F093FA059800F090FA4E
:1021E0008DF81E00FFF790FF069802F015FE9DF88F
:1021F0001E001E2804D0FFE7FF208DF81F005CE0C2
:1022000000208DF81D00FFE79DF81D00052850DC1B
:10221000FFE7FFF785FF9DF81D0000EB400240F24D
:102220000000C2F2000003908118805C497800F041
:10223000D7FAFFF769FF9620029002F0EDFDFFF755
:102240006FFF03989DF81D1001EB4101405C40F0C9
:10225000800000F055FA5520019000F051FA0198E5
:1022600000F04EFA8DF81E00FFF74EFF029802F0C4
:10227000D3FD03999DF81E009DF81D2002EB42023C
:102280001144497888420DD0FFE79DF81D0000EB0E
:10229000400140F20000C2F20000084480788DF84E
:1022A0001F000AE0FFE79DF81D0001308DF81D00BA
:1022B000AAE700208DF81F00FFE79DF81F0008B077
:1022C00080BD00000000000080B540F60000C5F6AB
:1022D00002000821012209F0BBFE80BD00000000C1
:1022E00080B540F60000C5F602000821002209F082
:1022F000AFFE80BD0000000080B586B000200290D7
:102300008DF81600FFF7ECFF02980DF1160103910E
:1023100000F0E2F9FFF7D8FF9620049002F07CFD70
:10232000FFF7DEFF0298039900F0D6F9FFF7CCFF24
:10233000049802F071FDFFF7D3FF1420B62100F0DE
:102340004FFAFFF7C1FF502002F052FDFFF7C8FF20
:102350000298039900F0C0F9FFF7B6FF049802F065
:102360005BFDFFF7BDFF0298039900F0B5F9FFF799
:10237000ABFF049802F050FD9DF816000F2804D022
:10238000FFE7FF208DF8170053E000208DF81500BF
:10239000FFE79DF81500052847DCFFE7FFF7A0FFE2
:1023A0009DF8150000EB400240F2F010C2F2000070
:1023B00001908118805C497800F012FAFFF784FFE1
:1023C0009620009002F028FDFFF78AFF01989DF803
:1023D000151001EB4101405C0DF1160100F07CF994
:1023E000FFF772FF009802F017FD01999DF81600A3
:1023F0009DF8152002EB42021144497888420DD025
:10240000FFE79DF8150000EB400140F2F010C2F22A
:102410000000084480788DF817000AE0FFE79DF877
:10242000150001308DF81500B3E700208DF8170076
:10243000FFE79DF8170006B080BD00000000000017
:1024400080B584B00390002002900190FFF768FEF1
:10245000922000F055F9122001A90091062200F007
:1024600017F9FFF751FE9DF804009DF8051040EAAA
:102470000120039908849DF806009DF8071040EAA2
:102480000120039948849DF808009DF8091040EA4E
:1024900001200399888440F25460C0F2000090ED5E
:1024A000000A0399B1F9202001EE102AB8EEC11AF2
:1024B00020EE010A81ED010A90ED000A0399B1F9BD
:1024C000222001EE102AB8EEC11A20EE010A81ED99
:1024D000020A90ED000A0398B0F9241001EE101AD8
:1024E000B8EEC11A20EE010A80ED030AFFF718FECC
:1024F000A22000F005F900992220022200F0C8F87D
:10250000FFF702FE9DF804009DF80510C00040EAA8
:102510005110039988850398B0F92C00B0F5806FAD
:1025200006DBFFE70399888DA0F500608885FFE74B
:102530000398B0F92C1000EE101AB8EEC01AB4EEE1
:10254000002AB3EE070AA1EE020A80ED070AFFF7A0
:10255000C7FE002001A9082200F09AF8FFF7B4FE98
:102560009DF804000F2819D1FFE79DF806009DF89B
:10257000071040EA01200399C8849DF808009DF8DF
:10258000091040EA0120039908859DF80A009DF88A
:102590000B1040EA012003994885FFE740F2140040
:1025A000C2F2000090ED001A0399B1F9262000EE66
:1025B000102AB8EEC02A91ED0C0A91EE020A81EDC4
:1025C000040A90ED001A0399B1F9282000EE102AB0
:1025D000B8EEC02A91ED0D0A91EE020A81ED050ACE
:1025E00090ED001A0398B0F92A1000EE101AB8EE18
:1025F000C02A90ED0E0A91EE020A80ED060A04B0A0
:1026000080BD00000000000080B582B000208DF881
:102610000700FFE7FFF790FD01469DF8070008431C
:102620008DF80700FFF768FE01469DF80700084394
:102630008DF80700022002F0DBFBFFE79DF80700A2
:102640000028E7D1FFE740F25050C2F2000000F04E
:1026500003F802B080BD000081B0009000994EF2F6
:10266000D150C3F67830086300994FF68F40CBF60F
:1026700064304863009949F2B020C3F6C000886313
:1026800000990120087001B07047000000000000B0
:1026900080B584B08DF80F0002918DF807209DF869
:1026A0000F0040F0800000F02BF8FFE79DF80700D6
:1026B00070B1FFE7552000F023F8029908700298E6
:1026C000013002909DF8070001388DF80700EDE712
:1026D00004B080BD0000000080B582B08DF8070016
:1026E00000919DF8070040F0800000F009F85520A7
:1026F00000F006F80099087002B080BD00000000EC
:1027000080B582B08DF8070000208DF8060069467C
:102710006420086044F6CC10C0F200000DF10701FF
:102720000DF1060201230FF007F99DF8060002B033
:1027300080BD00000000000080B582B08DED010A70
:10274000DDED010A4CF6A810C2F200009FED220A4E
:1027500014F0CEFAFFE74CF6A810C2F2000090ED9C
:102760000A0A90ED151AB4EE410AF1EE10FA07DDEF
:10277000FFE74CF6A811C2F20001486D88621BE029
:102780004CF6A810C2F2000090ED0A0A90ED151A5E
:10279000B1EE411AB4EE410AF1EE10FA0BDAFFE79E
:1027A0004CF6A810C2F2000090ED150AB1EE400AF6
:1027B00080ED0A0AFFE7FFE7FFE74CF6A810C2F238
:1027C000000090ED0A0ABCEEC00A10EE100A11F0EB
:1027D000E7FD02B080BD00BF000020420000000005
:1027E00080B582B08DF807008DF806109DF80700BF
:1027F000FFF786FF9DF80600FFF782FF02B080BD5D
:1028000080B582B04DF21040C2F20000019000216C
:1028100040F2FF7203F00CF8019840F25061C0F2F0
:102820000001022204F000FB02B080BD00000000A5
:1028300080B5A8B00020069020902190022104913C
:102840002291012105912391249025904DF640007D
:10285000C2F20000029020A907F032FE069B029807
:1028600069460B6019461A4607F0B6FE0599069AA6
:10287000029807F035FD029809F01AF804990698B5
:10288000189019901A911B911C901D9044F6D80035
:10289000C0F20000039018A907F012FE049A0699EE
:1028A00003984FF080431093119112921392149158
:1028B000159110A907F004FE059A069B0398694636
:1028C0000B60114607F088FE069A0398102107F066
:1028D00007FD039808F0ECFF049A05990698089004
:1028E00009900A920B910C900D904DF6E000C2F207
:1028F0000000079008A907F0E3FD049A069B0798DB
:1029000069460B60114607F067FE0599069A07981D
:1029100007F0E6FC079808F0CBFF28B080BD000068
:10292000704700000000000080B544F6A020C0F20F
:1029300000000C2110F024F980BD00000000000010
:1029400080B586B040F23860C2F2000001900BF012
:102950000FFA01984068059041F20001C4F20101AC
:10296000086820F00100086005984BF2C532C9F2F2
:10297000A212A0FB0220000C41F20C02C4F20102E0
:102980001060086840F0010008604DF6B060C2F2C7
:10299000000022210291C0F88C1001210391C16630
:1029A00040F24021C0F2000101F580724FF48073C3
:1029B00004931AF039F9029A03994DF6D870C2F2CD
:1029C0000000C0F88C20C16640F20021C0F2000176
:1029D00001F1200212231AF027F9029A0399049BAD
:1029E00044F61440C0F20000C0F88C20C16640F2EA
:1029F0004041C0F2000101F580721AF015F906B0ED
:102A000080BD000000000000FFE7FEE700000000BE
:102A100080B544F65420C0F200000268182191628B
:102A2000026800219163042110F0AAF880BD000023
:102A300080B5AAB0299001202890FFE740F63830F1
:102A4000C0F20000B0F83B004DF25431C2F2000178
:102A5000088044F6FC50C0F2000001880020249059
:102A600059B9FFE74DF25430C2F20000018800204E
:102A70000029C8BF01202490FFE7249800F001003E
:102A800044F61C61C0F20001087044F6D800C0F2A0
:102A900000000068406C0006002810D5FFE702F037
:102AA000D3FA1420239027F077FC239840F64412A1
:102AB000C0F200020121117027F06EFCFFE74DF615
:102AC0004000C2F200000068406C0006002810D5EB
:102AD000FFE702F0CDF91420229027F05DFC229848
:102AE00040F64412C0F200020121117027F054FC9C
:102AF000FFE740F2D030C2F200000078C00728B3F0
:102B0000FFE740F29010C2F2000040F26061C0F2B4
:102B100000010222209200F0BBFE1E20219027F02F
:102B20003BFC209A40F2C010C2F2000040F200715B
:102B3000C0F2000102F0A4F8219827F02DFC40F229
:102B4000D031C2F2000100200870FFE74EF20920E8
:102B5000C2F200000078002840F0A680FFE740F2B3
:102B60009010C2F200001E9040F26061C0F20001BD
:102B70001C919FEDE52A8DED1D2AB0EE420AF0EE84
:102B8000420AB0EE421AF0EE421A00F011FD1E2089
:102B90001F9027F001FC1C991E9801221A9200F048
:102BA00077FE1F9827F0F8FB1A9A40F24470C0F2A3
:102BB00000001B9040F21C01C2F20001199100F0CC
:102BC00067FE1F9827F0E8FB19991A9A1B98403165
:102BD00000F05EFE1F9827F0DFFB19991A9A1B98E8
:102BE000803100F055FE1F9827F0D6FB19991A9AEC
:102BF0001B98C03100F04CFE1F9827F0CDFB1A9AAD
:102C00001B9840F24C11C2F2000102F039F81F98F3
:102C100027F0C2FB1C991E98022200F039FE1F9873
:102C200027F0BAFB1C999DED1D2A1E98B0EE420AB2
:102C3000F0EE420AB0EE421AF0EE421A00F0B8FC92
:102C40001F9827F0A9FB40F61C30C0F20000807AE4
:102C500078B1FFE740F24470C0F2000040F24C113E
:102C6000C2F20001022202F00BF81E2027F094FBB2
:102C7000FFE740F2C010C2F2000040F20071C0F263
:102C800000010122189201F0FBFF1E2027F084FBB7
:102C9000189840F2CE31C2F20001087040F644119B
:102CA000C0F200010870E9E040F64410C0F20000F4
:102CB000007800F0010001280AD0FFE744F61C600C
:102CC000C0F200000078C007002800F0D680FFE7BF
:102CD00040F29010C2F2000040F26061C0F20001C8
:102CE0009FED892AB0EE420AF0EE420AB0EE421A97
:102CF000F0EE421A00F05CFC1E2027F04DFB40F283
:102D0000CC30C2F200000078C007A8B1FFE740F263
:102D10009010C2F2000040F26061C0F20001022295
:102D200000F0B6FD1E2027F037FB40F2CC31C2F296
:102D3000000100200870FFE740F29010C2F200008E
:102D4000169040F26061C0F2000114919FED6E2A6E
:102D50008DED152AB0EE420AF0EE420AB0EE421AAC
:102D6000F0EE421A00F024FC1E20179027F014FB0E
:102D700040F24470C0F20000129040F21C01C2F216
:102D8000000111910022139200F082FD179827F0A4
:102D900003FB1199139A1298403100F079FD1798AE
:102DA00027F0FAFA1199139A1298803100F070FD09
:102DB000179827F0F1FA1199139A1298C03100F080
:102DC00067FD179827F0E8FA139A129840F24C1111
:102DD000C2F2000101F054FF179827F0DDFA139AB0
:102DE0001499169800F054FD179827F0D5FA149905
:102DF0009DED152A1698B0EE420AF0EE420AB0EEAA
:102E0000421AF0EE421A00F0D3FB179827F0C4FAEA
:102E100044F62860C0F200000078C00778B9FFE7E8
:102E200040F2C010C2F2000040F20071C0F2000196
:102E3000002201F025FF1E2027F0AEFAFFE740F246
:102E40009010C2F2000040F26061C0F200019FEDFC
:102E50002E2AB0EE420AF0EE420AB0EE421AF0EE2E
:102E6000421A00F0A5FB1E2027F096FA40F6441106
:102E7000C0F2000100200870FFE7FFE744F6286079
:102E8000C0F200000078C007B0B1FFE740F2C01008
:102E9000C2F2000040F20071C0F200010122109263
:102EA00001F0EEFE109840F2CE31C2F2000108703F
:102EB0001E2027F071FA1EE040F2CE30C2F2000070
:102EC0000078C007B0B1FFE740F2C010C2F20000C6
:102ED00040F20071C0F2000100220F9201F0D0FE1A
:102EE0000F9840F2CE31C2F2000108701E2027F088
:102EF00053FAFFE7FFE744F62A60C0F200000078CB
:102F0000002856D102E000BF0000000040F6A000FB
:102F1000C0F20000D0ED0B0A40F2A070C0F2000039
:102F2000D0ED001A40F24470C0F200000D9040F263
:102F30004C11C2F200011FED0C2A8DED0E2AB0EEED
:102F4000420AB0EE421A01F09FFD0D989DED0E2A47
:102F500040F27431C2F200010A91D1ED0B0A40F245
:102F6000A871C0F200010B91D1ED001A40F21C01D2
:102F7000C2F200010C91B0EE420AB0EE421A00F02B
:102F800017FB0A9B0B9A0C990D989DED0E2AD3ED19
:102F90000C0AD2ED001A4031B0EE420AB0EE421AED
:102FA00000F006FB44F62A61C0F20001012008701F
:102FB0003BE040F27430C2F200000590D0ED0D0A03
:102FC00040F2A870C0F200000690D0ED001A40F266
:102FD0001C00C2F20000079000F1800140F2447032
:102FE000C0F2000008909FEDDE2A8DED092AB0EEB8
:102FF000420AB0EE421A00F0DBFA059B069A0799E6
:1030000008989DED092AD3ED0E0AD2ED001AC031C1
:10301000B0EE420AB0EE421A00F0CAFA44F62A6153
:10302000C0F2000100200870FFE740F6A000C0F2E7
:10303000000090ED200A40F2A470C0F2000090ED74
:10304000001A40F20420C2F20000D0ED001A40F253
:103050009010C2F20000049040F26061C0F20001E2
:103060009FEDBF2AF0EE420A00F0A2FA049840F267
:103070003C41C2F2000191ED151A91ED160ABDEE28
:10308000C11A11EE101ABDEEC00A10EE102A40F659
:10309000A013C0F2000393ED150ABDEEC00A10EEB6
:1030A000103AEE464FF0000CCEF800C000F0A0FC45
:1030B00044F6A840C0F2000090ED000AB5EE400AC8
:1030C000F1EE10FA28D0FFE740F2C010C2F2000083
:1030D000039040F20071C0F2000102919FEDA02A1E
:1030E000B0EE420AF0EE420AB0EE421AF0EE421A98
:1030F00001F0CAFC012027F04FF90299039802223F
:1031000001F0BEFD1E2027F047F944F6A841C0F2A9
:1031100000010020086018E040F6A010C0F2000096
:1031200090ED160A40F2C010C2F2000040F20071A9
:10313000C0F20001B2EE041AF7EE001A9FED882AE1
:10314000F0EE420A01F0A0FCFFE74DF25430C2F26B
:103150000000008844F6FC51C0F20001088008F02D
:103160008FFF00EE100AB8EE400A8DED270A9DEDA4
:10317000270A40F2A060C0F2000090ED0A1A30EE7B
:10318000410AB2EE041AB4EE410AF1EE10FA07DD7C
:10319000FFE744F62861C0F200010120087006E054
:1031A00044F62861C0F2000100200870FFE700200B
:1031B0002690FFE72698032825DCFFE79DED270AE8
:1031C000269940F21C00C2F2000000EB811090ED45
:1031D0000F1A30EE410A9FED631AB4EE410AF1EE88
:1031E00010FA0BDDFFE7269940F21C00C2F2000046
:1031F00000EB8111072081F83500FFE7FFE72698F3
:1032000001302690D6E700202590FFE72598012879
:1032100034DCFFE79DED270A259800EB400140F2E2
:10322000A060C0F2000000EB011090ED0A1A30EE31
:10323000410A9FED4C1AB4EE410AF1EE10FA0CDD92
:10324000FFE7259800EB400140F2A060C0F20000CB
:1032500000EB0111012088850BE0259800EB40016F
:1032600040F2A060C0F2000000EB01110020888550
:10327000FFE7FFE7259801302590C7E79DED270A76
:1032800040F26060C0F2000090ED0F1A30EE410A8B
:103290009FED341AB4EE410AF1EE10FA08DDFFE7B3
:1032A00040F26061C0F20001072081F83500FFE7BD
:1032B0009DED270A40F24C10C2F2000090ED101A6A
:1032C00030EE410A9FED271AB4EE410AF1EE10FAF2
:1032D00007DDFFE740F24C11C2F2000107204876FB
:1032E000FFE79DED270A40F21C10C2F2000090EDAE
:1032F0000A1A30EE410A9FED1B1AB4EE410AF1EEB4
:1033000010FA07DDFFE740F21C11C2F200010120B4
:10331000888506E040F21C11C2F200010020888579
:10332000FFE79DED270A40F20070C0F2000090ED2B
:10333000101A30EE410A9FED0B1AB4EE410AF1EE7D
:1033400010FA07DDFFE740F20071C0F2000107202C
:103350004876FFE7012028F09BFEFFF76FBB00BF18
:10336000000000000000FA4384B08DF80F000291C5
:10337000ADF806209DF80F000146009123281DD8C6
:103380000099DFE801F012131415161B1B1B1B1B01
:103390001B1B1B1B1B1B1B1B1B1B1B1B1B1B1B1B7D
:1033A0001B1B1B1B1B1B1718191A08E007E006E064
:1033B00005E004E003E002E001E000E0FFE70020B8
:1033C00004B07047000000000020704700000000BB
:1033D00080B582B044F2CC10C0F20000009043F6F9
:1033E0000501C0F20001002201921AF089F900984B
:1033F00043F20501C0F200011AF062F9019802B02F
:1034000080BD00000000000080B584B003900291F0
:1034100003980299096813F0FBF9039944F2CC1060
:10342000C0F2000001901AF04BF901981AF0ECF884
:10343000002004B080BD000083B0029001918DF89F
:10344000032000208DF802009DF9020003B07047B0
:1034500080B586B00490ADF80E1000208DF80D00F8
:1034600044F2CC10C0F20000D0F8BC0202900298E6
:10347000D0F8140220B1FFE701208DF8170013E007
:103480000499BDF80E2044F2CC10C0F20000019067
:103490001AF036F901981AF03FFA8DF80D009DF8F0
:1034A0000D008DF81700FFE79DF8170006B080BDEE
:1034B00080B586B084460898CDF814C004918DF884
:1034C0000F2002938DF80700049840689DF80F10B4
:1034D00040EA01200599486005994FF080408860D6
:1034E00005990020C8609DF807200821052AB8BF6B
:1034F0000421059A11610599C861059988618DF8C3
:103500000600FFE79DF806009DF8071088420FDAD5
:10351000FFE702989DF80620805C0599114481F828
:103520002800FFE79DF8060001308DF80600E9E766
:1035300005981DF079FA06B080BD0000000000007B
:1035400080B584B00390029101928DF80330029807
:103550004068039948600399002088600399C86017
:10356000039A082111610399C861039988618DF854
:103570000200FFE79DF802009DF8031088420FDA71
:10358000FFE701989DF80220805C0399114481F8BF
:103590002800FFE79DF8020001308DF80200E9E7FE
:1035A00003981DF041FA04B080BD00000000000047
:1035B00080B59EB01D901C918DED1B0ACDED1A0AB1
:1035C0008DED191ACDED181A8DED172A1C9840783B
:1035D000002840F0B480FFE71C9890ED031AB1EE8C
:1035E000410A9DED1B2A80FE020A80FE410A8DEDF4
:1035F0001B0A1C9890ED041AB1EE410A9DED1A2A9F
:1036000080FE020A80FE410A8DED1A0A9DED190A1C
:103610009FED9E1A8DED071A80FE010A1C9890ED11
:10362000062A80FE420A8DED190A9DED180A80FED9
:10363000010A1C9890ED071A80FE410A8DED180AC8
:103640001C9890ED051AB1EE410A9DED172A80FEF7
:10365000020A80FE410A8DED170A9DED1B0A1C9897
:1036600090ED031AF1EE410A102026F075FBADF83B
:103670005A009DED1A0A1C9890ED041AF1EE410AC9
:103680000C20089026F068FBDDED070A014608983B
:10369000ADF858109DED190A1C9991ED061A26F007
:1036A0005BFBDDED070A01460898ADF856109DED6D
:1036B000180A1C9991ED071A26F04EFB014608984E
:1036C000ADF854109DED170A1C9991ED051AF1EE15
:1036D000410A26F041FBADF852009DF85B008DF8E1
:1036E0004A00BDF85A008DF84B00BDF8580000099B
:1036F0008DF84C00BDF858109DF8570040EA0110B5
:103700008DF84D00BDF856008DF84E00BDF8540000
:1037100000098DF84F00BDF854109DF8530040EAA1
:1037200001108DF85000BDF852008DF851001D9821
:103730001C990DF14A020823FFF702FFA2E01C9832
:10374000407801281DD1FFE7002011909DED1B0A54
:103750009FED4D1A20EE010ABDEEC00A10EE101AC0
:1037600010A8069011AA20F023FB069B1D981C9917
:103770009DF84420EC46CCF800200422FFF798FE88
:103780007FE01C98407802283CD1FFE700200F9092
:103790009DED1B0A9FED3C1A20EE010ABDEEC00A0A
:1037A00010EE101A0DA805900FAA049220F000FB4D
:1037B000049A05989DED1A0AB2EE041A8DED031ACB
:1037C00080EE010ABDEEC00A10EE101A20F0D0FA09
:1037D0009DED031A049A05989DED170A80EE010AE3
:1037E000BDEEC00A10EE101A20F0C2FA059B1D981B
:1037F0001C999DF83C20EC46CCF800200622FFF7EF
:1038000057FE3DE01C984078032819D1FFE70020BF
:103810000C909DED170ABDEEC00A10EE101A0BA811
:1038200002900CAA20F0C4FA029B1D981C999DF8E6
:103830003020EC46CCF800200122FFF739FE1EE0D4
:103840001C984078042819D1FFE700200A909DEDCC
:103850001A0ABDEEC00A10EE101A09A801900AAAB1
:1038600020F0A6FA019B1D981C999DF82820EC4693
:10387000CCF800200322FFF71BFEFFE7FFE7FFE77E
:10388000FFE7FFE71EB080BD00401C4600000000BF
:1038900080B586B0059004918DF80F20FF208DF83B
:1038A00007008DF808008DF809008DF80A008DF8E2
:1038B0000B008DF80C008DF80D009DF80F000146EF
:1038C000009140B1FFE70098012808D0FFE7009879
:1038D000022808D00BE0FC208DF80E0008E0FD2047
:1038E0008DF80E0004E0FE208DF80E0000E007E0E9
:1038F000059804990DF107020823FFF721FEFFE761
:1039000006B080BD0000000080B584B00390029135
:1039100001920398006801998968884201D0FFE705
:1039200054E002984178807840EA01200199488467
:103930000299C8780979000140EA11100199888438
:1039400002980179407901F00F0140EA01200199C4
:10395000C8840199488CD1ED030AB1EE600A1021A8
:1039600028F00EF8019880ED0A0A0199888CD1EDB3
:10397000040AB1EE600A0C21009128F001F80099C8
:10398000019880ED0B0A019AD08CD2ED050AB1EEB8
:10399000600A27F0F5FF019880ED0C0A0298807903
:1039A000019981F834000298C079019981F83500B5
:1039B00008F066FB00EE100AB8EE400A019880EDB0
:1039C0000F0A0199012081F82000FFE704B080BDB3
:1039D00080B582B0019001200090FFE727F0A0FDA4
:1039E00020F0AEFE012028F053FBF7E700000000B6
:1039F00080B584B084460698CDF80CC0ADF80A10A6
:103A0000ADF80820ADF80630ADF8040003994FF486
:103A1000007048609DF80B00039981F828009DF81C
:103A20000A00039981F829009DF80900039981F89B
:103A30002A009DF80800039981F82B009DF80700E3
:103A4000039981F82C009DF80600039981F82D0058
:103A50009DF80500039981F82E009DF80400039954
:103A600081F82F0003981CF0DFFF04B080BD000038
:103A700080B584B003908DED020AADF806100020E9
:103A800000900398007800F00100012820D0FFE7A3
:103A900003998889C8810398B0F90C1000EE101AB8
:103AA000B8EEC00ABDF8061001EE101AB8EEC11A41
:103AB0009DED022A21EE021A80EE010A9FED4C1ABA
:103AC00020EE010A80ED040A039901200870FFE747
:103AD0000399B1F90C00B1F90E10401A00EE100A6A
:103AE000B8EEC00A8DED000A9DED000ABDF8060093
:103AF00001EE100AB8EEC11AB6EE002A21EE021A43
:103B0000B4EE410AF1EE10FA1ADDFFE79DED000A6E
:103B1000BDF8060001EE100AB8EEC11A30EE410AF7
:103B20009DED022A21EE021A80EE011A039890ED13
:103B3000040A9FED2F2AA1EE020A80ED040A45E057
:103B40009DED000ABDF80600404201EE100AB8EEF5
:103B5000C11AB6EE002A21EE021AB4EE410AF1EEC5
:103B600010FA1ADAFFE79DED000ABDF8060001EE33
:103B7000100AB8EEC11A30EE010A9DED022A21EEBC
:103B8000021A80EE011A039890ED040A9FED182A9C
:103B9000A1EE020A80ED040A17E09DED000ABDF8CF
:103BA000060001EE100AB8EEC11A9DED022A21EEC0
:103BB000021A80EE011A039890ED040A9FED0C2A78
:103BC000A1EE020A80ED040AFFE7FFE7039890EDFB
:103BD000040ADFED080A9FED081A01F005FD0398BD
:103BE00080ED040A039890ED040A04B080BD00BF84
:103BF0000000B443000034C3000034430000000060
:103C000084B003908DED020AADF806100399B1F966
:103C10000C00B1F90E10401A00EE100AB8EEC00AFE
:103C20008DED000A9DED000ABDF8060001EE100AB8
:103C3000B8EEC11ABEEE082A21EE021AB4EE410A0D
:103C4000F1EE10FA0DDAFFE7BDF8060000EE100AFB
:103C5000B8EEC01A9DED000A30EE010A8DED000AA3
:103C60001FE09DED000ABDF8060001EE100AB8EE57
:103C7000C11AB6EE082A21EE021AB4EE410AF1EE9C
:103C800010FA0DDDFFE7BDF8060000EE100AB8EEF1
:103C9000C01A9DED000A30EE410A8DED000AFFE7E3
:103CA000FFE7BDF8060000EE100AB8EEC00A9DED71
:103CB000021A20EE010AB7EEC01A9FED0F0B80EE3C
:103CC000011B9DED000AB7EEC00A20EE010BB7EE16
:103CD000C00B8DED000A9DED001A039890ED050ACA
:103CE00030EE010A80ED050A039890ED050A04B054
:103CF000704700BF00BF00BF44174154FB2119406B
:103D000080B58CB00B900A9109920B9800680999C4
:103D10008968884201D0FFE7CAE00999088B488387
:103D20000A988079099981F824000A9801784078E6
:103D300040EA0120099908830A988178C07840EA0E
:103D40000120099908820A980179407940EA012006
:103D50000999C88108F094F900EE100AB8EE400AFB
:103D6000099880ED0A0A099800780146089103280D
:103D700000F29D800899DFE801F002284E7409984E
:103D80000C30B7EE000A8DED070A4FF40051069192
:103D9000FFF76EFE0699B0EE401A9DED070A0998EE
:103DA00080ED071A09980C30FFF72AFFB0EE401A91
:103DB0009DED070A099880ED081A09980C3000F06B
:103DC0007FF8099880ED050A72E009980C309FEDA4
:103DD0003A0A8DED050A4FF400510491FFF748FEB1
:103DE0000499B0EE401A9DED050A099880ED071A76
:103DF00009980C30FFF704FFB0EE401A9DED050A5C
:103E0000099880ED081A09980C3000F059F80998C3
:103E100080ED050A4CE009980C30B7EE000A8DEDF4
:103E2000030A4FF400510291FFF722FE0299B0EE0F
:103E3000401A9DED030A099880ED071A09980C3085
:103E4000FFF7DEFEB0EE401A9DED030A099880ED03
:103E5000081A09980C3000F033F8099880ED050A2B
:103E600026E009980C309FED130A8DED010A4FF4FE
:103E700000510091FFF7FCFD0099B0EE401A9DED56
:103E8000010A099880ED071A09980C30FFF7B8FE6F
:103E9000B0EE401A9DED010A099880ED081A0998C4
:103EA0000C3000F00DF8099880ED050A00E0FFE7FE
:103EB0000CB080BD000010422CA099410000000011
:103EC00082B001908DED000A0198B0F9041049000C
:103ED00000EE101AB8EEC00B9FED0B1B20EE010B8D
:103EE0009DED001A9FED0A2A21EE021AB7EEC11AC3
:103EF00080EE010BB7EEC00B80ED020A019890ED49
:103F0000020A02B0704700BF44174154FB21094028
:103F1000000070420000000080B54DF2F840C2F28F
:103F2000000004F0A5F880BD80B544F29050C0F2C6
:103F3000000004F09DF880BD80B54DF27050C2F2D3
:103F4000000004F095F880BD80B54DF2E850C2F253
:103F5000000004F08DF880BD80B544F28060C0F2AE
:103F6000000004F085F880BD80B54DF2D860C2F243
:103F7000000004F07DF880BD80B544F27070C0F29E
:103F8000000004F075F880BD80B54DF25070C2F2AB
:103F9000000004F06DF880BD80B544F2E870C0F216
:103FA000000004F065F880BD80B54DF2C870C2F223
:103FB000000004F05DF880BD80B544F66000C0F2FA
:103FC000000004F055F880BD80B544F20860C0F2EE
:103FD000000004F04DF880BD80B54DF26060C2F283
:103FE000000004F045F880BD80B544F2F860C0F2EE
:103FF000000004F03DF880BD80B54DF28040C2F273
:10400000000004F035F880BD83B00290029801688A
:1040100001201022C4F202029142009000F0A3801D
:10402000FFE70298016801202822C4F202029142AF
:10403000009000F09880FFE702980168012040227C
:10404000C4F202029142009000F08D80FFE70298D6
:10405000016801205822C4F202029142009000F04F
:104060008280FFE70298016801207022C4F20202F8
:104070009142009077D0FFE70298016801208822E2
:10408000C4F20202914200906DD0FFE702980168ED
:104090000120A022C4F202029142009063D0FFE707
:1040A000029801680120B822C4F2020291420090F5
:1040B00059D0FFE702980168012040F21042C4F293
:1040C0000202914200904ED0FFE702980168012061
:1040D00040F22842C4F202029142009043D0FFE72E
:1040E00002980168012040F24042C4F2020291426B
:1040F000009038D0FFE702980168012040F2584252
:10410000C4F20202914200902DD0FFE702980168AC
:10411000012040F27042C4F202029142009022D08B
:10412000FFE702980168012040F28842C4F20202CF
:104130009142009017D0FFE702980168012040F2F9
:10414000A042C4F20202914200900CD0FFE7029814
:1041500000684FF64831CBF6FD710844B0FA80F0A4
:1041600040090090FFE70098C00740B3FFE70298BE
:10417000007810384AF6AB21CAF6AA21A0FB01103C
:1041800000090190019800F007014FF2E870C0F6B5
:104190000200405C0299C8650198042807D3FFE734
:1041A00002990868042262F30900886506E0029912
:1041B000086840F2FF3290438865FFE705E0029906
:1041C000086820F0FF008865FFE70298806D03B063
:1041D000704700000000000084B00390039800685E
:1041E000019003980168012045F20842C5F60202D9
:1041F000914200904ED0FFE703980168012045F2FC
:104200001C42C5F602029142009043D0FFE703989A
:104210000168012045F23042C5F602029142009049
:1042200038D0FFE703980168012045F24442C5F603
:104230000202914200902DD0FFE70398016801200F
:1042400045F25842C5F602029142009022D0FFE7A3
:1042500003980168012045F26C42C5F602029142C2
:10426000009017D0FFE703980168012045F28042D3
:10427000C5F60202914200900CD0FFE70398006857
:104280004AF66C31CAF2FD710844B0FA80F0400978
:104290000090FFE70098C00710B3FFE7039800788D
:1042A00008384CF6CD41CCF6CC41A0FB01100009FA
:1042B0000290029945F60000C5F6020000EB81006D
:1042C00003990866039945F68000C5F60200486622
:1042D000029800F01F01012088400399886635E0AC
:1042E0000398007810384AF6AB21CAF6AA21A0FB41
:1042F000011000090290019840F2B841C4F2020195
:1043000088420CD8FFE7019840F21041C4F2020144
:10431000884204D3FFE7029808300290FFE7029931
:1043200040F60000C4F2020000EB81000399086629
:10433000039940F68000C4F202004866029800F03B
:104340001F010120884003998866FFE704B0704789
:1043500083B002900298007901900198002800F043
:104360008A80FFE70198082800F28580FFE702981D
:104370000168012045F20842C5F602029142009010
:104380004ED0FFE702980168012045F21C42C5F6B5
:1043900002029142009043D0FFE702980168012099
:1043A00045F23042C5F602029142009038D0FFE754
:1043B00002980168012045F24442C5F6020291428A
:1043C00000902DD0FFE702980168012045F2584285
:1043D000C5F602029142009022D0FFE702980168E0
:1043E000012045F26C42C5F602029142009017D0BE
:1043F000FFE702980168012045F28042C5F60202FB
:10440000914200900CD0FFE7029800684AF66C31A8
:10441000CAF2FD710844B0FA80F040090090FFE74D
:104420000098C00780B1FFE7019945F6FC00C5F68A
:10443000020000EB81000299C866029945F640101F
:10444000C5F6020008670FE0019940F6FC00C4F2CF
:10445000020000EB81000299C866029940F6401004
:10446000C4F202000867FFE70198411E012088405E
:1044700002994867FFE703B07047000000000000A2
:1044800085B0049000208DF80F000498806918BB57
:10449000FFE70498806A029003281BD80299DFE89E
:1044A00001F0020D0218049890F82F00C00720B107
:1044B000FFE701208DF80F00FFE70CE00498C06AC9
:1044C000B0F1C07F04D1FFE701208DF80F00FFE7B6
:1044D00001E000E0FFE747E004988069B0F5005F85
:1044E00026D1FFE70498806A019003281ED801991D
:1044F000DFE801F00206021101208DF80F0016E03E
:10450000049890F82F00C00720B1FFE701208DF834
:104510000F00FFE70BE00498C06AB0F1C07F04D140
:10452000FFE701208DF80F00FFE700E0FFE71AE04A
:104530000498806A0090032804D3FFE700980328BA
:1045400004D00EE001208DF80F000BE0049890F8E5
:104550002F00C00720B1FFE701208DF80F00FFE713
:1045600000E0FFE7FFE7FFE79DF80F0005B07047A9
:1045700089B008900791069205930898806D049081
:104580000898806D03900898016801201022C4F2F9
:1045900002029142029000F00381FFE7089801684F
:1045A00001202822C4F202029142029000F0F88019
:1045B000FFE70898016801204022C4F202029142FC
:1045C000029000F0ED80FFE7089801680120582272
:1045D000C4F202029142029000F0E280FFE70898E4
:1045E000016801207022C4F202029142029000F0A0
:1045F000D780FFE70898016801208822C4F20202F0
:104600009142029000F0CC80FFE7089801680120F9
:10461000A022C4F202029142029000F0C180FFE7A2
:10462000089801680120B822C4F202029142029067
:1046300000F0B680FFE708980168012040F21042C0
:10464000C4F202029142029000F0AA80FFE70898AB
:104650000168012040F22842C4F202029142029015
:1046600000F09E80FFE708980168012040F2404278
:10467000C4F202029142029000F09280FFE7089893
:104680000168012040F25842C4F2020291420290B5
:1046900000F08680FFE708980168012040F2704230
:1046A000C4F20202914202907AD0FFE708980168B2
:1046B000012040F28842C4F20202914202906FD07F
:1046C000FFE708980168012040F2A042C4F202020C
:1046D0009142029064D0FFE708980168012040F2FF
:1046E000B842C4F202029142029059D0FFE7089802
:1046F0000168012045F20842C5F60202914202908B
:104700004ED0FFE708980168012045F21C42C5F62B
:1047100002029142029043D0FFE70898016801200D
:1047200045F23042C5F602029142029038D0FFE7CE
:1047300008980168012045F24442C5F60202914200
:1047400002902DD0FFE708980168012045F25842F9
:10475000C5F602029142029022D0FFE70898016854
:10476000012045F26C42C5F602029142029017D038
:10477000FFE708980168012045F28042C5F6020271
:10478000914202900CD0FFE7089800684AF66C311D
:10479000CAF2FD710844B0FA80F040090290FFE7C8
:1047A0000298C00770B1FFE70898416E806E4860BC
:1047B0000898C06E28B1FFE70898016F406F486005
:1047C000FFE7FFE70898016801201022C4F2020207
:1047D0009142019000F0A380FFE708980168012052
:1047E0002822C4F202029142019000F09880FFE773
:1047F0000898016801204022C4F20202914201900F
:1048000000F08D80FFE70898016801205822C4F26B
:1048100002029142019000F08280FFE7089801684F
:1048200001207022C4F202029142019077D0FFE78A
:104830000898016801208822C4F202029142019086
:104840006DD0FFE7089801680120A022C4F202029F
:104850009142019063D0FFE7089801680120B822D7
:10486000C4F202029142019059D0FFE70898016812
:10487000012040F21042C4F20202914201904ED057
:10488000FFE708980168012040F22842C4F20202C2
:104890009142019043D0FFE708980168012040F25F
:1048A0004042C4F202029142019038D0FFE70898DA
:1048B0000168012040F25842C4F202029142019084
:1048C0002DD0FFE708980168012040F27042C4F241
:1048D00002029142019022D0FFE70898016801206E
:1048E00040F28842C4F202029142019017D0FFE7E1
:1048F00008980168012040F2A042C4F202029142ED
:1049000001900CD0FFE7089800684FF64831CBF6CD
:10491000FD710844B0FA80F040090190FFE701986A
:10492000C00750B3FFE70898C06D00F01F013F209B
:1049300088400499886008980168086820F48020FD
:1049400008600598089909684860089880684028B8
:1049500009D1FFE7069808990968886007980899BF
:104960000968C86008E0079808990968886006988F
:1049700008990968C860FFE782E00898016801208B
:1049800045F20842C5F60202914200904ED0FFE780
:1049900008980168012045F21C42C5F602029142C6
:1049A000009043D0FFE708980168012045F23042AB
:1049B000C5F602029142009038D0FFE708980168DE
:1049C000012045F24442C5F60202914200902DD0EA
:1049D000FFE708980168012045F25842C5F6020237
:1049E0009142009022D0FFE708980168012045F22B
:1049F0006C42C5F602029142009017D0FFE708987A
:104A00000168012045F28042C5F602029142009001
:104A10000CD0FFE7089800684AF66C31CAF2FD71C5
:104A20000844B0FA80F040090090FFE70098C00702
:104A300020B3FFE70898C06D00F01F0101208840F7
:104A40000399486005980899096848600898806843
:104A5000402809D1FFE706980899096888600798F7
:104A600008990968C86008E007980899096888608B
:104A7000069808990968C860FFE700E0FFE7FFE7CC
:104A800009B070470000000080B590B00F900E9103
:104A90008DED0D0ACDED0C0A8DED0B1ACDED0A1A38
:104AA0008DED092A0E984078002877D1FFE79DED1B
:104AB0000D0A0E9890ED031AF1EE410A102025F030
:104AC00077F9ADF822009DED0C0A0E9890ED041ACE
:104AD000F1EE410A0C20029025F06AF90146029895
:104AE000ADF820109DED090A0E9991ED051AF1EE31
:104AF000410A25F05DF901460298ADF81E109DEDC2
:104B00000B0ADFED5D0ACDED010A9FED5C1A25F081
:104B10004FF9DDED010A01460298ADF81C109DED3C
:104B20000A0AB1EE041A25F043F9ADF81A000E98FE
:104B300040680F9948609DF823000F9981F828007C
:104B40009DF822000F9981F82900BDF82000000986
:104B50000F9981F82A00BDF820109DF81D0040EA49
:104B600001100F9981F82B009DF81C000F9981F816
:104B70002C00BDF81A0000090F9981F82D00BDF82E
:104B80001A109DF81F0040EA01100F9981F82E00BD
:104B90009DF81E000F9981F82F0068E00E9840786C
:104BA000012833D1FFE70DA805900CA804900E98BA
:104BB000406800F580700F994860059800780F995B
:104BC00081F82800059840780F9981F82900059808
:104BD00080780F9981F82A000598C0780F9981F89C
:104BE0002B00049800780F9981F82C0004984078E5
:104BF0000F9981F82D00049880780F9981F82E0084
:104C00000498C0780F9981F82F002FE00E98407813
:104C100002282AD1FFE70CA803900E98406800F5FF
:104C200000700F994860039800780F9981F8280068
:104C3000039840780F9981F82900039880780F999C
:104C400081F82A000398C0780F9981F82B000F99FA
:104C5000002081F82C000F9981F82D000F9981F820
:104C60002E000F9981F82F00FFE7FFE7FFE70F986D
:104C70001BF0DAFE10B080BD000000000000FA4317
:104C800080B584B0039002918DF8072002984068A7
:104C9000039948600399FF2081F82800039981F85F
:104CA0002900039981F82A00039981F82B000399C0
:104CB00081F82C00039981F82D00039981F82E00CA
:104CC0009DF807000146009140B1FFE700980128D8
:104CD00009D0FFE7009802280AD00EE00399FC20D3
:104CE00081F82F000AE00399FD2081F82F0005E0EC
:104CF0000399FE2081F82F0000E0FFE703981BF0E6
:104D000093FE04B080BD000080B584B00390029192
:104D100001920398006801998968884201D0FFE7F1
:104D200060E00199086A48620298007800090199D8
:104D3000487602984178807840EA012001994883BA
:104D40000299C8780979000140EA11100199888315
:104D500002980179407901F00F0140EA01200199A0
:104D6000C8830199C88BD1ED050AB1EE600A0C2108
:104D7000009126F031FE019880ED0B0A0199488BD5
:104D8000D1ED030AB1EE600A102126F025FE00994C
:104D9000019880ED080A019A908BD2ED040AB1EED9
:104DA000600A26F019FE019880ED0A0A02988079BF
:104DB00000EE100AB8EE400A019880ED0C0A029845
:104DC000C07900EE100AB8EE400A019880ED0D0A95
:104DD00007F056F900EE100AB8EE400A019880ED8F
:104DE000100AFFE704B080BD70470000000000001B
:104DF00080B582B0019007F043F90090FFE707F01B
:104E00003FF90099401A0199884201D2FFE7F6E77D
:104E100002B080BD0000000080B582B001900FF0AC
:104E2000A3FA0090FFE70FF09FFA0099401A01994A
:104E3000884201D2FFE7F6E702B080BD0000000023
:104E400081B0EFF3108072B60090FFE7FEE700003C
:104E500080B54DF64000C2F2000005F019FE80BD9D
:104E600080B54DF64000C2F2000005F011FE80BD95
:104E700080B58AB04DF64000C2F20000019005F006
:104E8000DBFB01984AF20001C4F2000101604FF41B
:104E9000407181600022C2600121017442748174FA
:104EA0000523436183614FF00E0CC0F81CC0036200
:104EB00041628362C0F82CC0036340F25533436300
:104EC0008163C16302640421416408238364C16473
:104ED000026541658265C26503664266816606F0C9
:104EE000CBF818B1FFE7FFF7ABFFFFE70020029018
:104EF0000390022104910591069007904DF6400021
:104F0000C2F2000002A905F0DBFA18B1FFE7FFF7D3
:104F100097FFFFE74FF080400290002003900221AE
:104F200004910591069007904DF64000C2F20000F2
:104F300002A905F0C5FA18B1FFE7FFF781FFFFE707
:104F40006846002303604DF64000C2F200000122D3
:104F5000114605F041FB18B1FFE7FFF771FFFFE7CE
:104F60004DF64000C2F200001021002205F0B8F911
:104F700018B1FFE7FFF764FFFFE74DF64000C2F20C
:104F8000000006F095FC18B1FFE7FFF759FFFFE7B7
:104F90000AB080BD0000000080B584B0039002918B
:104FA00003980068019001980090022812D0FFE752
:104FB000009840F20121884215D0FFE7009840F2A6
:104FC0000221884218D0FFE7009840F2032188426E
:104FD0001DD025E0029940F26062C0F2000201A8F3
:104FE000FEF792FC1DE0029940F2A062C0F20002BE
:104FF00001A8FEF785FE14E0029940F2A060C0F21D
:10500000000000F1300201A8FEF77AFE09E00299E3
:1050100040F21C12C2F2000201A8FEF771FE00E08D
:10502000FFE704B080BD000080B544F6D800C0F2B0
:10503000000005F02DFD80BD80B544F6D800C0F21B
:10504000000005F025FD80BD80B58AB044F6D8008B
:10505000C0F20000019005F0EFFA01984AF2004119
:10506000C4F2000101604FF4407181600022C2600F
:1050700001210174427481740523436183614FF0FF
:105080000E0CC0F81CC0036241628362C0F82CC0E1
:10509000036340F2553343638163C16302640421B7
:1050A000416408238364C164026541658265C26509
:1050B00003664266816605F0DFFF18B1FFE7FFF780
:1050C000BFFEFFE7002002900390022104910591AA
:1050D0000690079044F6D800C0F2000002A905F03F
:1050E000EFF918B1FFE7FFF7ABFEFFE74FF08040A5
:1050F00002900020039002210491059106900790F0
:1051000044F6D800C0F2000002A905F0D9F918B1A0
:10511000FFE7FFF795FEFFE768460023036044F6CC
:10512000D800C0F200000122114605F055FA18B16E
:10513000FFE7FFF785FEFFE744F6D800C0F2000066
:105140001021002205F0CCF818B1FFE7FFF778FE38
:10515000FFE744F6D800C0F2000006F0A9FB18B142
:10516000FFE7FFF76DFEFFE70AB080BD000000001B
:1051700080B584B003900291039800680190019873
:105180000090112810D0FFE70098792815D0FFE78C
:1051900000987A281AD0FFE700987B2821D0FFE7F3
:1051A00000987E2828D032E0029940F24C12C2F2D8
:1051B000000201A8FFF7A8FD2AE0029940F21C02B4
:1051C000C2F2000201A8FEF79FFB21E0029940F223
:1051D0001C00C2F2000000F1400201A8FEF794FB9F
:1051E00016E0029940F21C00C2F2000000F18002B9
:1051F00001A8FEF789FB0BE0029940F21C00C2F205
:10520000000000F1C00201A8FEF77EFB00E0FFE70E
:1052100004B080BD0000000080B54DF6E000C2F291
:10522000000005F035FC80BD80B54DF6E000C2F20F
:10523000000005F02DFC80BD80B584B00390029184
:105240000398006801900198192809D1FFE7029995
:1052500040F20072C0F2000201A8FFF755FDFFE71F
:1052600004B080BD0000000084B002900298406B42
:10527000009002980068D0F884004FF6FC718843D3
:10528000009940EA810002990968C1F884000298F7
:105290000068D0F8840020F47F00029A1168926BB5
:1052A00040EA0240C1F884000298816B00980844EB
:1052B000009002980068D0F888006FF38F00009982
:1052C00040EA810002990968C1F8880002980068E4
:1052D000D0F8880020F4FE00029A1168D26B40EAF0
:1052E0000240C1F888000298C16B009800EB4100B1
:1052F000009002980068D0F8A0006FF38F0000992A
:1053000040EA810002990968C1F8A000029800688B
:10531000D0F8A00020F4FE00029A1168126C40EA56
:105320000240C1F8A0000299086C496C009A00FB89
:105330000120009002980068D0F8B0006FF38F0051
:10534000009940EA810002990968C1F8B00002980A
:105350000068D0F8B00020F4FE00029A1168926C48
:1053600040EA0240C1F8B0000299886CC96C009A0A
:1053700000FB0120009002980068D0F8AC006FF3A9
:105380008F00009940EA810002990968C1F8AC00D9
:105390000299086D496D009A00FB01200090029867
:1053A0000068D0F8F0006FF38F00009940EA8100A8
:1053B00002990968C1F8F00002980068D0F8F0007E
:1053C00020F47C10029A1168926D40EA0240C1F804
:1053D000F0000298816D009800EB41000090029867
:1053E0000068D0F8C0006FF38F00009940EA810098
:1053F00002990968C1F8C00002980068D0F8C0009E
:1054000020F47C10029A1168D26D40EA0240C1F883
:10541000C00002980068D0F8C00020F07C50029ACA
:105420001168126E40EA0260C1F8C00002994A6B2E
:105430004AF60040C4F2000000EB8200C866029900
:105440008A6BC86E00EB820008670299CA6B086F0E
:1054500000EBC200486702990A6C4B6C486F5A43D4
:1054600000EB8200886702998A6CCB6C886F5A4384
:1054700000EB8200C86702990A6D4B6DC86F5A43F2
:1054800000EB8200C1F8800002998A6DD1F880009B
:1054900000EBC200C1F884000299CA6D8B6ED1F88E
:1054A00084005A4300EB8200C1F8880002990A6E1A
:1054B0008B6ED1F888005A4300EB8200C1F890004F
:1054C0000298D0F890004DF2FD31C4F200018842FC
:1054D0000FD3FFE70299D1F89C0040F02000C1F8FB
:1054E0009C000299032081F8980001208DF80F009C
:1054F00017E00298C06E0190FFE701980299D1F879
:105500009010884208D2FFE7019900200860FFE769
:10551000019804300190F0E7FFE700208DF80F00BC
:10552000FFE79DF80F0004B0704700000000000086
:1055300088B007900691059204930698406848B990
:10554000FFE70698016882680069104340EA8140DD
:10555000039009E0069801688268006910430843D7
:1055600040F080400390FFE70698D0F820C0C16863
:1055700042698369C06940EA0C601843104340EAFD
:10558000014002900798826ED0F88400049951433C
:1055900000EB8100019003980199086001980430A4
:1055A0000190029801990860019804300190002050
:1055B0000090FFE700980699CA684FF2D871C0F6CC
:1055C0000201895C88420DD2FFE705980099405896
:1055D00001990860019804300190FFE700980430B9
:1055E0000090E7E708B0704785B08DED030ACDED78
:1055F000020A8DED011A9DED010A9DED021AB4EE2D
:10560000410AF1EE10FA03DAFFE70398049049E04B
:105610009DED010A9DED021A30EE410A8DED000A62
:105620009DED030A9DED011AB4EE410AF1EE10FA68
:1056300015DDFFE7FFE79DED001A9DED030A30EE53
:10564000410A8DED030AFFE79DED030A9DED011A66
:10565000B4EE410AF1EE10FAEDDCFFE71FE09DED3C
:10566000030A9DED021AB4EE410AF1EE10FA15DAC2
:10567000FFE7FFE79DED001A9DED030A30EE010AFA
:105680008DED030AFFE79DED030A9DED021AB4EECE
:10569000410AF1EE10FAEDDBFFE7FFE7FFE70398C1
:1056A0000490FFE79DED040A05B07047000000007C
:1056B00084B08DED030A9DED030AB6EE001A20EECC
:1056C000010A8DED020A039801900198009000995B
:1056D00045F68620C5F63770A0EB61000090009873
:1056E00001909DED011A9DED020A20EE012ABFEE08
:1056F000080AA2EE010A20EE410A8DED010A9DED95
:10570000010A04B07047000084B002900191ADF826
:105710000220029828B9FFE74FF6FF70ADF80E009F
:1057200021E0FFE70198411E0191B8B1FFE702981F
:10573000411C029100788DF80100BDF802109DF81F
:1057400001004840C2B24FF60820C0F6020030F80F
:10575000120080EA1120ADF80200E3E7BDF8020074
:10576000ADF80E00FFE7BDF80E0004B07047000072
:1057700083B0029001918DF80320FFE70198411E4C
:10578000019198B1FFE79DF8030002994A1C02922B
:10579000097848408DF802009DF802104FF2B86079
:1057A000C0F60200405C8DF80300E7E79DF80300B7
:1057B00003B070470000000080B584B04EF60000D2
:1057C000C1F6F170006803904EF60400C1F6F17066
:1057D000006802904EF60800C1F6F1700068019072
:1057E0000199039808440390039888B1FFE7039850
:1057F00040F25031C2F200010091023108220FF054
:105800001BF800990298123104220FF015F8FFE7F7
:1058100004B080BD0000000080B582B0019001207E
:105820000090FFE71FF01CFF012026F031FCF9E794
:1058300080B586B004900391029200200090FFE7AB
:10584000049890F85C00012804D1FFE702208DF84D
:1058500017005BE00499012081F85C00FFE7FFE797
:105860000498FCF7F1FA8DF807009DF80700E0BBFB
:10587000FFE70498006E40F0020020F4885004997D
:105880000866049800680399029A0FF055FFFFE735
:10589000049800680FF06CFDF0B1FFE7009801304C
:1058A000009000984FF60001C2F2C351884212D313
:1058B000FFE70498006E40F0100020F00200049909
:1058C0000866FFE70499002081F85C00FFE70120EB
:1058D0008DF817001AE0DBE70498006E40F0010035
:1058E00020F002000499086605E00499086E40F073
:1058F00010000866FFE7FFE70499002081F85C00CC
:10590000FFE79DF807008DF81700FFE79DF81700E7
:1059100006B080BD0000000080B5AAB02890279195
:1059200000208DF89B002798006808B1FFE7FFE78B
:10593000FFE7289890F85C00012804D1FFE70220D7
:105940008DF8A7002DE12899012081F85C00FFE780
:10595000FFE70020219022902898006842F2000181
:10596000C4F20201884206D1FFE742F20010C4F2FD
:105970000200099002E000200990FFE7099878B939
:10598000FFE72899086E40F020000866FFE7289995
:10599000002081F85C00FFE701208DF8A70000E1FE
:1059A00009980FF01DFD0890289800680FF018FD69
:1059B000002840F0E280FFE70898002840F0DD80F2
:1059C000FFE728980168012042F20002C4F20202B7
:1059D000914207900CD0FFE7289800684DF60071BF
:1059E000CBF6FD710844B0FA80F040090790FFE75C
:1059F0000798C10746F20030C5F6020000291CBF17
:105A000042F20030C4F20200259027980068002876
:105A10005ED0FFE72598806820F4404027994968C8
:105A200008432599886028980168012042F2000205
:105A3000C4F20202914206900CD0FFE72898006859
:105A40004DF60071CBF6FD710844B0FA80F04009C4
:105A50000690FFE70698C10746F20030C5F602003F
:105A600000291CBF42F20030C4F2020042F20031B1
:105A7000C4F20201884212D1FFE742F20000C4F2F0
:105A800002000FF095FC049042F20010C4F20200F4
:105A90000FF08EFC014604980843059007E046F29B
:105AA0000000C5F602000FF083FC0590FFE70598A3
:105AB00068B9FFE72598806840F61F718843279AE8
:105AC000116892681143084325998860FFE753E005
:105AD0002599886820F44040886028980168012052
:105AE00042F20002C4F20202914203900CD0FFE79E
:105AF000289800684DF60071CBF6FD710844B0FAA5
:105B000080F040090390FFE70398C10746F2003098
:105B1000C5F6020000291CBF42F20030C4F20200A8
:105B200042F20031C4F20201884212D1FFE742F290
:105B30000000C4F202000FF03BFC019042F20010A2
:105B4000C4F202000FF034FC0146019808430290B1
:105B500007E046F20000C5F602000FF029FC0290B3
:105B6000FFE7029838B9FFE72599886840F61F7269
:105B700090438860FFE7FFE708E02899086E40F04F
:105B80002000086601208DF89B00FFE7FFE72899B9
:105B9000002081F85C00FFE79DF89B008DF8A700CE
:105BA000FFE79DF8A7002AB080BD000000000000BC
:105BB00080B5CCB02A90299100208DF8A3002590C3
:105BC0002A9890F84400012801D1FFE70BE02A98B9
:105BD000006846F20001C5F60201884201D1FFE7E4
:105BE00000E0FFE7FFE72998C0680021C4F2FF71D9
:105BF000884201D0FFE71EE02A98006842F20001C7
:105C0000C4F20201884201D1FFE7FFE72A98006849
:105C100042F20011C4F20201884201D1FFE7FFE71E
:105C20002A98006846F20001C5F60201884201D1B7
:105C3000FFE7FFE7FFE7FFE72A9890F85C000128FD
:105C400005D1FFE702208DF8AF0000F07DBD2A9955
:105C5000012081F85C00FFE7FFE72A9800680FF059
:105C6000B7FB002840F05C85FFE72998C078000664
:105C7000002837D4FFE72A98006846F20001C5F6ED
:105C8000020188422DD0FFE729980068000330B94F
:105C9000FFE729980068C0F38460229015E02998F6
:105CA000006890FAA0F04A904A9820B9FFE72020B7
:105CB0008DF82F0105E04A98B0FA80F08DF82F0199
:105CC000FFE79DF82F012290FFE7229800F01F01C7
:105CD000012000FA01F22A980168C8691043C861DE
:105CE000FFE7FFE72A98006829990A6849680FF0DA
:105CF000B3FB2A9800680FF06BFB24902A98006889
:105D00000FF02EFB23902498002840F05A82FFE7E2
:105D10002398002840F05582FFE72A980068299AC6
:105D2000116892680FF0C8FB2A98006846F20001DB
:105D3000C5F6020188420BD1FFE7299840692A99EC
:105D40000968C96801F0180189088840279038E07F
:105D500041F20000C5F60040006800F07040B0F16C
:105D6000805F0BD1FFE7299840692A990968C968C3
:105D700001F01C014908884021901FE02A98006822
:105D8000C068C00600280BD4FFE7299840692A990B
:105D90000968C96801F01C014908884020900AE0A0
:105DA000299840692A990968C96801F010014908D1
:105DB00088402090FFE720982190FFE721982790C6
:105DC000FFE729980069042841D0FFE72A98006876
:105DD00029990A680969279B0FF0F6FB2A98006841
:105DE00046F20001C5F60201884215D1FFE72A9864
:105DF0000068299A1169D2690FF036FC2A98006868
:105E0000299A116992F82020013AB2FA82F25209D5
:105E100052060FF009FC19E02A980068299A1169C6
:105E200092F82120013AB2FA82F25209D2070FF019
:105E30003BFC2A980068299A1169127E013AB2FA4D
:105E400082F25209D2020FF0ABFBFFE7B8E12A98C9
:105E5000006846F20001C5F60201884240F0668102
:105E6000FFE72A98006800210FF06AFA000348B99A
:105E7000FFE72A98006800210FF062FAC0F38460FF
:105E80001F9018E02A98006800210FF059FA90FA44
:105E9000A0F04890489820B9FFE720208DF827010E
:105EA00005E04898B0FA80F08DF82701FFE79DF8EB
:105EB00027011F90FFE71F981E9029980068000394
:105EC00030B9FFE729980068C0F384601D9015E0A1
:105ED0002998006890FAA0F04690469820B9FFE70C
:105EE00020208DF81F0105E04698B0FA80F08DF86B
:105EF0001F01FFE79DF81F011D90FFE71E981D99E8
:105F0000884207D1FFE72A980068002211460FF067
:105F1000EBFBFFE72A98006801210FF011FA00035C
:105F200048B9FFE72A98006801210FF009FAC0F389
:105F300084601C9018E02A98006801210FF000FA94
:105F400090FAA0F04490449820B9FFE720208DF803
:105F5000170105E04498B0FA80F08DF81701FFE7CB
:105F60009DF817011C90FFE71C981B90299800686A
:105F7000000330B9FFE729980068C0F384601A90E5
:105F800015E02998006890FAA0F04290429820B954
:105F9000FFE720208DF80F0105E04298B0FA80F06D
:105FA0008DF80F01FFE79DF80F011A90FFE71B988E
:105FB0001A99884207D1FFE72A9800680121002238
:105FC0000FF092FBFFE72A98006802210FF0B8F962
:105FD000000348B9FFE72A98006802210FF0B0F9E2
:105FE000C0F38460199018E02A98006802210FF02D
:105FF000A7F990FAA0F04090409820B9FFE7202040
:106000008DF8070105E04098B0FA80F08DF807019F
:10601000FFE79DF807011990FFE719981890299854
:106020000068000330B9FFE729980068C0F3846076
:10603000179015E02998006890FAA0F03E903E98DD
:1060400020B9FFE720208DF8FF0005E03E98B0FA68
:1060500080F08DF8FF00FFE79DF8FF001790FFE745
:1060600018981799884207D1FFE72A9800680221FB
:1060700000220FF039FBFFE72A98006803210FF098
:106080005FF9000348B9FFE72A98006803210FF081
:1060900057F9C0F38460169018E02A98006803212D
:1060A0000FF04EF990FAA0F03C903C9820B9FFE731
:1060B00020208DF8F70005E03C98B0FA80F08DF8CC
:1060C000F700FFE79DF8F7001690FFE71698159088
:1060D00029980068000330B9FFE729980068C0F3E9
:1060E0008460149015E02998006890FAA0F03A9026
:1060F0003A9820B9FFE720208DF8EF0005E03A98A4
:10610000B0FA80F08DF8EF00FFE79DF8EF001490F3
:10611000FFE715981499884207D1FFE72A9800688D
:10612000032100220FF0E0FAFFE748E02A98006818
:10613000006E00F0F84029990968B0EB816F07D133
:10614000FFE72A980168086E20F000400866FFE724
:106150002A980068406E00F0F84029990968B0EB71
:10616000816F07D1FFE72A980168486E20F0004050
:106170004866FFE72A980068806E00F0F840299989
:106180000968B0EB816F07D1FFE72A980168886E34
:1061900020F000408866FFE72A980068C06E00F093
:1061A000F84029990968B0EB816F07D1FFE72A9879
:1061B0000168C86E20F00040C866FFE7FFE7FFE710
:1061C000FFE72A9800680FF0EBF8002840F0A7825C
:1061D000FFE72A980068299A1168D2680FF088F9B9
:1061E0002998C0680021C4F2FF71884240F03381D1
:1061F000FFE72A980068139029980068000330B9D7
:10620000FFE729980068C0F38460129015E0299890
:10621000006890FAA0F03890389820B9FFE7202065
:106220008DF8E70005E03898B0FA80F08DF8E700C7
:10623000FFE79DF8E7001290FFE71298013000F0A9
:106240001F0009287DD8FFE729980068000330B9AE
:10625000FFE729980068C0F38460119015E0299841
:10626000006890FAA0F03690369820B9FFE7202019
:106270008DF8DF0005E03698B0FA80F08DF8DF0089
:10628000FFE79DF8DF001190FFE71198013000F063
:106290001F008006109029980068000330B9FFE7BE
:1062A00029980068C0F384600F9015E02998006871
:1062B00090FAA0F03490349820B9FFE720208DF8B0
:1062C000D70005E03498B0FA80F08DF8D700FFE7EA
:1062D0009DF8D7000F90FFE710980F99013101F05A
:1062E0001F020121914008430E9029980068000385
:1062F00030B9FFE729980068C0F384600D9015E07D
:106300002998006890FAA0F03290329820B9FFE7FF
:1063100020208DF8CF0005E03298B0FA80F08DF89B
:10632000CF00FFE79DF8CF000D90FFE70E980D9985
:10633000013101F01F0101EB410140EA01500C90D5
:1063400082E029980068000330B9FFE729980068C7
:10635000C0F384600B9015E02998006890FAA0F0D3
:106360003090309820B9FFE720208DF8C70005E075
:106370003098B0FA80F08DF8C700FFE79DF8C700AD
:106380000B90FFE70B98013000F01F0080060A9089
:1063900029980068000330B9FFE729980068C0F326
:1063A0008460099015E02998006890FAA0F02E907A
:1063B0002E9820B9FFE720208DF8BF0005E02E9829
:1063C000B0FA80F08DF8BF00FFE79DF8BF0009909C
:1063D000FFE70A980999013101F01F02012191405C
:1063E0000843089029980068000330B9FFE729980E
:1063F0000068C0F38460079015E02998006890FA5F
:10640000A0F02C902C9820B9FFE720208DF8B70041
:1064100005E02C98B0FA80F08DF8B700FFE79DF802
:10642000B7000790FFE708990798013000F01F00B8
:1064300000EB40020020CFF6206000EB0250084342
:1064400040F000700C90FFE713980C99299A92681D
:106450000FF032F8FFE72998C0780006002840F1D5
:106460005D81FFE72A980168012042F20002C4F230
:106470000202914206900CD0FFE72A9800684DF680
:106480000071CBF6FD710844B0FA80F04009069027
:10649000FFE70698C10746F20030C5F60200002962
:1064A0001CBF42F20030C4F202000EF039FF269009
:1064B0002A9801684FF0010042F20002C4F2020281
:1064C000914205900CD0FFE72A9800684DF60071C4
:1064D000CBF6FD710844B0FA80F040090590FFE763
:1064E0000598C10746F20030C5F6020000291CBF1E
:1064F00042F20030C4F2020042F20031C4F2020162
:10650000884212D1FFE742F20000C4F202000EF00E
:1065100047FF039042F20010C4F202000EF040FF69
:10652000014603980843049007E046F20000C5F6D0
:1065300002000EF035FF0490FFE70498002840F0B9
:10654000E380FFE7299800680021CCF2527188426D
:1065500055D1FFE79DF89A00000600284FD4FFE7C9
:106560002A98006846F20001C5F60201884245D12A
:10657000FFE72A980168012042F20002C4F20202F9
:10658000914202900CD0FFE72A9800684DF6007106
:10659000CBF6FD710844B0FA80F040090290FFE7A5
:1065A0000298C10746F20030C5F6020000291CBF60
:1065B00042F20030C4F20200269941F400010EF0CC
:1065C000DFFF40F2B420C2F2000000684FEA9010F2
:1065D00042F66351C0F23E51A0FB01104FEA901108
:1065E0004FF0020000EB41002590FFE7259820B115
:1065F000FFE7259801382590F8E7FFE783E0299821
:1066000000680021CCF22131884238D1FFE79DF8A3
:106610009B00C00798BBFFE72A98006846F200017C
:10662000C5F60201884229D1FFE72A9801680120B6
:1066300042F20002C4F20202914201900CD0FFE744
:106640002A9800684DF60071CBF6FD710844B0FA47
:1066500080F040090190FFE70198C10746F2003041
:10666000C5F6020000291CBF42F20030C4F202004D
:10667000269941F080710EF083FFFFE742E02998F0
:1066800000680021CCF68431884239D1FFE79DF8BB
:106690009A004006002833D4FFE72A98006846F2A3
:1066A0000001C5F60201884229D1FFE72A98016856
:1066B000012042F20002C4F20202914200900CD08A
:1066C000FFE72A9800684DF60071CBF6FD7108448B
:1066D000B0FA80F040090090FFE70098C10746F249
:1066E0000030C5F6020000291CBF42F20030C4F29F
:1066F0000200269941F480010EF042FFFFE700E01E
:10670000FFE7FFE7FFE708E02A99086E40F0200066
:10671000086601208DF8A300FFE7FFE7FFE708E028
:106720002A99086E40F02000086601208DF8A30029
:10673000FFE7FFE72A99002081F85C00FFE79DF85A
:10674000A3008DF8AF00FFE79DF8AF004CB080BD0F
:1067500081B0009001B0704781B0009001B07047E7
:1067600081B0009001B0704710B590B00E9000203D
:106770008DF837000A900E9820B9FFE701208DF8B8
:106780003F006EE20E98006940B1FFE70E9890F866
:106790002000012801D1FFE7FFE7FFE70E98006E18
:1067A00050B9FFE70E9800F063FA0E990020486692
:1067B0000E9981F85C00FFE70E9800680EF0E0FD8E
:1067C00028B1FFE70E9800680EF072FDFFE70E9803
:1067D00000680EF0F5FDE8B9FFE70E9800680EF0CE
:1067E0008FFD40F2B420C2F200000068800942F63A
:1067F0006351C0F23E51A0FB0101012000EB91105A
:106800000A90FFE70A9820B1FFE70A9801380A903A
:10681000F8E7FFE70E9800680EF0D2FD70B9FFE7C9
:106820000E99086E40F0100008660E99486E40F010
:106830000100486601208DF83700FFE70E980068D8
:106840000EF0C6FD0B900E98006EC006002800F1F9
:10685000FA81FFE70B98002840F0F581FFE70E98DA
:10686000006E40F0020020F480700E9908660E98C9
:1068700000680EF095FD002870D1FFE70E980168C2
:10688000012042F20002C4F20202914207900CD0B1
:10689000FFE70E9800684DF60071CBF6FD710844D5
:1068A000B0FA80F040090790FFE70798C10746F269
:1068B0000030C5F6020000291CBF42F20030C4F2CD
:1068C000020042F20031C4F20201884212D1FFE715
:1068D00042F20000C4F202000EF062FD059042F2A6
:1068E0000010C4F202000EF05BFD0146059808435B
:1068F000069007E046F20000C5F602000EF050FDDB
:106900000690FFE7069840BBFFE70E98016801205C
:1069100042F20002C4F20202914204900CD0FFE75E
:106920000E9800684DF60071CBF6FD710844B0FA80
:1069300080F040090490FFE70498C10746F2003058
:10694000C5F6020000291CBF42F20030C4F202006A
:106950000E9949680EF004FEFFE7FFE70E98006805
:1069600046F20001C5F6020188423AD1FFE70E9ACD
:10697000517ED06B40EA41319068D2681143039157
:10698000082803D1FFE7002002901DE00E988068E0
:106990000C2803D1FFE70420019012E00E988068D4
:1069A0001C2803D1FFE70820009007E00E988168BB
:1069B0000020182908BF1C200090FFE700980190D4
:1069C000FFE701980290FFE70398029901F00C019C
:1069D00040EA41000E9991F8201040EA01400C90E5
:1069E0000CE00E994A7EC86B40EA42308A68104338
:1069F00091F8201040EA01400C90FFE70E9890F8C3
:106A0000200001280BD1FFE70E98416A0020CFF645
:106A1000FE7000EB41410C9808430C90FFE70E9884
:106A2000806A50B1FFE70E99886AC96A00F47870ED
:106A300001430C9808430C90FFE70E98006846F25B
:106A40000001C5F60201884218D1FFE70E980068E0
:106A5000C06844F20701CFF6F07108400C99084372
:106A60000E990968C8600E980068006920F04060BF
:106A70000E9A1168526B104308610DE00E98006881
:106A8000C0684CF20301CFF6F07108400C9908433E
:106A90000E990968C860FFE70E9800680EF098FC30
:106AA00009900E9800680EF05BFC08900998002889
:106AB00040F0A880FFE70898002840F0A380FFE797
:106AC0000E98006846F20001C5F60201884209D11D
:106AD000FFE70E99087E91F83810800340EA4100E4
:106AE0000C9006E00E98017E006B40EA81300C901D
:106AF000FFE70E980068C06844F2030188430C99D0
:106B000008430E990968C8600E9890F8440001285F
:106B100059D1FFE70E98006846F20001C5F6020160
:106B2000884201D1FFE700E0FFE70E98806A20B1BC
:106B3000FFE70E98C06A08B9FFE7FFE70E98006804
:106B400046F20001C5F6020188421BD1FFE70E980C
:106B5000006800694FF61E01CFF6004100EA01020D
:106B60000E9B1968986CD3F84CE0D3F850C040EAFB
:106B70000E0040EA0C005B6D1843104340F001002A
:106B800008611FE00E98006800694FF61E01CFF6FD
:106B9000004100EA01020E9B19689C6CD3F84CE09E
:106BA000D3F850C00020CFF6FF7000EB044040EA5D
:106BB0000E0040EA0C005B6D1843104340F00100EA
:106BC0000861FFE706E00E980168086920F00100FF
:106BD0000861FFE70E980068006920F070400E9A87
:106BE0001168126C104308610E98006846F20001AB
:106BF000C5F60201884204D0FFE70E98FAF7A4FF19
:106C0000FFE7FFE70E98006901280CD1FFE70E9817
:106C10000068006B20F00F000E9A1168D269013AEB
:106C20001043086306E00E980168086B20F00F001F
:106C30000863FFE70E98006E40F0010020F00200AC
:106C40000E99086608E00E99086E40F0100008667C
:106C500001208DF83700FFE79DF837008DF83F00E1
:106C6000FFE79DF83F0010B010BD000000000000DD
:106C700080B5BAB039900020389037903690359072
:106C8000349006A8B821F9F7D5FD3998006842F28A
:106C90000001C4F2020188426BD1FFE70020079097
:106CA0004FF4002006904FF400302E9006A808F014
:106CB0007BF818B1FFE7FEF7C3F8FFE7FFE744F200
:106CC000D840C5F60200016841F02001016000686B
:106CD00000F0200005900598FFE7FFE744F2E04050
:106CE000C5F60200016841F004010160006800F08F
:106CF000040004900498FFE710203490032035909E
:106D000000200190369040F60000C5F6020034A93C
:106D100004F0CAFF01994DF28040C2F200000290D7
:106D200040F2A042C4F20202026009224260816085
:106D3000C1604FF4806202614FF4006242614FF41F
:106D4000005282614FF48072C2610162416202F0BE
:106D50006FFA18B1FFE7FEF773F8FFE7FFE739981E
:106D60004DF28041C2F20001816539988863FFE7E6
:106D700056E03998006846F20001C5F602018842E3
:106D80004DD1FFE7002007904FF4002006904FF40C
:106D900000302E9006A808F007F818B1FFE7FEF7BC
:106DA0004FF8FFE7FFE744F2E040C5F60200016854
:106DB00041F080710160006800F0807003900398DA
:106DC000FFE744F21850C0F20000009045F208417D
:106DD000C5F6020101601121416000218160C1609E
:106DE0004FF4806202614FF4006242614FF400523E
:106DF00082614FF48072C261016202F019FA18B127
:106E0000FFE7FEF71DF8FFE7FFE7399844F2185156
:106E1000C0F20001816539988863FFE7FFE7FFE76B
:106E20003AB080BD0000000080B588B006900591A2
:106E3000049206980168012042F20002C4F20202A4
:106E4000914201900CD0FFE7069800684DF6007162
:106E5000CBF6FD710844B0FA80F040090190FFE7DD
:106E60000198C10746F20030C5F6020000291CBF98
:106E700042F20030C4F202000EF05AFA0290069874
:106E800000680EF0A5FA002840F0C680FFE7FFE793
:106E9000069890F85C00012804D1FFE702208DF8E5
:106EA0001F00C2E00699012081F85C00FFE7FFE7C0
:106EB000029848B1FFE70298052805D0FFE702983D
:106EC000092840F09E80FFE70698FBF721F88DF82F
:106ED0000F009DF80F00002840F08B80FFE7069818
:106EE000006E40F4807040F60161884306990866A0
:106EF0000698006842F20011C4F20201884206D1ED
:106F0000FFE742F20000C4F20200009003E006989E
:106F100000680090FFE7009806990968884203D04E
:106F2000FFE7029830B9FFE70699086E20F4801059
:106F30000866FFE70698006EC004002806D5FFE744
:106F40000699486E20F00600486603E00699002086
:106F50004866FFE70698816D41F62950C0F60000AB
:106F6000C8630698816D41F63160C0F60000086480
:106F70000698816D41F60160C0F60000C86406986D
:106F800001681C200860FFE70699002081F85C007A
:106F9000FFE706980168486840F0100048600698CE
:106FA000006846F20001C5F6020188420CD1FFE7F5
:106FB0000699086891F8381049000EF025FA0698ED
:106FC00000680EF091F905E006990868096B0EF06B
:106FD00033FAFFE706980168806D4031059A049BFB
:106FE00002F0D6FD8DF80F00069800680EF054FAF6
:106FF00006E0FFE70699002081F85C00FFE7FFE765
:1070000009E001208DF80F00FFE70699002081F8C4
:107010005C00FFE7FFE703E002208DF80F00FFE7C9
:107020009DF80F008DF81F00FFE79DF81F0008B0C6
:1070300080BD00000000000080B58AB0089005F017
:107040001FF80490089828B9FFE701208DF8270061
:1070500000F0AABC089890F8350002280ED0FFE78F
:10706000089980204865FFE70899002081F83400DE
:10707000FFE701208DF8270000F096BC0898016812
:1070800001201022C4F202029142039000F0A3807A
:10709000FFE70898016801202822C4F20202914209
:1070A000039000F09880FFE70898016801204022D3
:1070B000C4F202029142039000F08D80FFE708982D
:1070C000016801205822C4F202029142039000F0AC
:1070D0008280FFE70898016801207022C4F2020252
:1070E0009142039077D0FFE7089801680120882239
:1070F000C4F20202914203906DD0FFE70898016844
:107100000120A022C4F202029142039063D0FFE763
:10711000089801680120B822C4F20202914203904B
:1071200059D0FFE708980168012040F21042C4F2EC
:107130000202914203904ED0FFE7089801680120B7
:1071400040F22842C4F202029142039043D0FFE78A
:1071500008980168012040F24042C4F202029142C4
:10716000039038D0FFE708980168012040F25842A8
:10717000C4F20202914203902DD0FFE70898016803
:10718000012040F27042C4F202029142039022D0E8
:10719000FFE708980168012040F28842C4F2020229
:1071A0009142039017D0FFE708980168012040F250
:1071B000A042C4F20202914203900CD0FFE708986B
:1071C00000684FF64831CBF6FD710844B0FA80F004
:1071D00040090390FFE70398C00780B1FFE70898D4
:1071E0000168086820F01E00086008980168486976
:1071F00020F08000486108980068059009E0089830
:107200000168086820F00E00086008980068059082
:10721000FFE70898016801201022C4F2020291429F
:10722000029000F00381FFE70898016801202822FE
:10723000C4F202029142029000F0F880FFE7089841
:10724000016801204022C4F202029142029000F043
:10725000ED80FFE70898016801205822C4F202027D
:107260009142029000F0E280FFE708980168012057
:107270007022C4F202029142029000F0D780FFE730
:107280000898016801208822C4F20202914202900B
:1072900000F0CC80FFE7089801680120A022C4F22A
:1072A00002029142029000F0C180FFE70898016855
:1072B0000120B822C4F202029142029000F0B6808E
:1072C000FFE708980168012040F21042C4F2020270
:1072D0009142029000F0AA80FFE70898016801201F
:1072E00040F22842C4F202029142029000F09E80D5
:1072F000FFE708980168012040F24042C4F2020210
:107300009142029000F09280FFE708980168012006
:1073100040F25842C4F202029142029000F086808C
:10732000FFE708980168012040F27042C4F20202AF
:10733000914202907AD0FFE708980168012040F25C
:107340008842C4F20202914202906FD0FFE708988F
:107350000168012040F2A042C4F202029142029070
:1073600064D0FFE708980168012040F2B842C4F2F7
:1073700002029142029059D0FFE70898016801206B
:1073800045F20842C5F60202914202904ED0FFE754
:1073900008980168012045F21C42C5F6020291429C
:1073A000029043D0FFE708980168012045F230427F
:1073B000C5F602029142029038D0FFE708980168B2
:1073C000012045F24442C5F60202914202902DD0BE
:1073D000FFE708980168012045F25842C5F602020D
:1073E0009142029022D0FFE708980168012045F2FF
:1073F0006C42C5F602029142029017D0FFE708984E
:107400000168012045F28042C5F6020291420290D5
:107410000CD0FFE7089800684AF66C31CAF2FD719B
:107420000844B0FA80F040090290FFE70298C007D4
:1074300038B1FFE70898016E086820F48070086092
:10744000FFE7089800681021C4F20201884200F0AA
:107450008180FFE7089800682821C4F20201884271
:1074600078D0FFE7089800684021C4F20201884202
:1074700070D0FFE7089800685821C4F202018842E2
:1074800068D0FFE7089800687021C4F202018842C2
:1074900060D0FFE7089800688821C4F202018842A2
:1074A00058D0FFE708980068A021C4F20201884282
:1074B00050D0FFE708980068B821C4F20201884262
:1074C00048D0FFE70898006840F21041C4F202017A
:1074D00088423FD0FFE70898006840F22841C4F294
:1074E0000201884236D0FFE70898006840F2404128
:1074F000C4F2020188422DD0FFE70898006840F2EC
:107500005841C4F20201884224D0FFE7089800687D
:1075100040F27041C4F2020188421BD0FFE7089894
:10752000006840F28841C4F20201884212D0FFE7AD
:107530000898006840F2A041C4F20201884209D0D4
:10754000FFE70898006840F2B841C4F2020188429F
:1075500007D1FFE708980168086820F0010008607B
:1075600006E008980168086820F001000860FFE75D
:10757000FFE705980068C007C8B1FFE704F080FD89
:107580000499401A062811D3FFE70899202048657E
:107590000899032081F83500FFE70899002081F859
:1075A0003400FFE701208DF82700FDE1E1E70898AE
:1075B000016801201022C4F202029142019000F001
:1075C000A380FFE70898016801202822C4F2020284
:1075D0009142019000F09880FFE70898016801202F
:1075E0004022C4F202029142019000F08D80FFE738
:1075F0000898016801205822C4F2020291420190C9
:1076000000F08280FFE70898016801207022C4F230
:1076100002029142019077D0FFE7089801680120AB
:107620008822C4F20202914201906DD0FFE70898CF
:1076300001680120A022C4F202029142019063D0AD
:10764000FFE7089801680120B822C4F202029142C3
:10765000019059D0FFE708980168012040F21042DC
:10766000C4F20202914201904ED0FFE708980168EF
:10767000012040F22842C4F202029142019043D01C
:10768000FFE708980168012040F24042C4F202027C
:107690009142019038D0FFE708980168012040F23C
:1076A0005842C4F20202914201902DD0FFE708989F
:1076B0000168012040F27042C4F20202914201903E
:1076C00022D0FFE708980168012040F28842C4F206
:1076D00002029142019017D0FFE70898016801204B
:1076E00040F2A042C4F20202914201900CD0FFE7A6
:1076F000089800684FF64831CBF6FD710844B0FA9F
:1077000080F040090190FFE70198C00760B1FFE7F2
:107710000898806D07900898C06D00F01F013F2009
:107720008840079988600BE00898806D069008985B
:10773000C06D00F01F010120884006994860FFE7F6
:107740000898016801201022C4F2020291420090C0
:1077500000F00381FFE70898016801202822C4F2A5
:1077600002029142009000F0F880FFE7089801685B
:1077700001204022C4F202029142009000F0ED800C
:10778000FFE70898016801205822C4F202029142E2
:10779000009000F0E280FFE7089801680120702265
:1077A000C4F202029142009000F0D780FFE70898EF
:1077B000016801208822C4F202029142009000F088
:1077C000CC80FFE7089801680120A022C4F20202E1
:1077D0009142009000F0C180FFE708980168012005
:1077E000B822C4F202029142009000F0B680FFE796
:1077F00008980168012040F21042C4F2020291424E
:10780000009000F0AA80FFE708980168012040F28C
:107810002842C4F202029142009000F09E80FFE7ED
:1078200008980168012040F24042C4F202029142ED
:10783000009000F09280FFE708980168012040F274
:107840005842C4F202029142009000F08680FFE7A5
:1078500008980168012040F27042C4F2020291428D
:1078600000907AD0FFE708980168012040F2884232
:10787000C4F20202914200906FD0FFE708980168BD
:10788000012040F2A042C4F202029142009064D072
:10789000FFE708980168012040F2B842C4F20202F2
:1078A0009142009059D0FFE708980168012045F205
:1078B0000842C5F60202914200904ED0FFE70898B8
:1078C0000168012045F21C42C5F602029142009077
:1078D00043D0FFE708980168012045F23042C5F621
:1078E00002029142009038D0FFE708980168012019
:1078F00045F24442C5F60202914200902DD0FFE7C6
:1079000008980168012045F25842C5F602029142EA
:10791000009022D0FFE708980168012045F26C42F0
:10792000C5F602029142009017D0FFE7089801685F
:10793000012045F28042C5F60202914200900CD02F
:10794000FFE7089800684AF66C31CAF2FD710844F6
:10795000B0FA80F040090090FFE70098C007A0B19E
:10796000FFE70898416E806E48600898C06E58B175
:10797000FFE70898C16E086820F4807008600898D6
:10798000016F406F4860FFE7FFE70899012081F829
:107990003500FFE70899002081F83400FFE7FFE792
:1079A00000208DF82700FFE79DF827000AB080BD72
:1079B00080B586B00490049820B9FFE701208DF8C7
:1079C000170046E3049890F83500022807D0FFE737
:1079D00004998020486501208DF8170039E3049848
:1079E000016801201022C4F202029142029000F0CC
:1079F000A380FFE70498016801202822C4F2020254
:107A00009142029000F09880FFE7049801680120FD
:107A10004022C4F202029142029000F08D80FFE702
:107A20000498016801205822C4F202029142029097
:107A300000F08280FFE70498016801207022C4F200
:107A400002029142029077D0FFE70498016801207A
:107A50008822C4F20202914202906DD0FFE704989E
:107A600001680120A022C4F202029142029063D078
:107A7000FFE7049801680120B822C4F20202914293
:107A8000029059D0FFE704980168012040F21042AB
:107A9000C4F20202914202904ED0FFE704980168BE
:107AA000012040F22842C4F202029142029043D0E7
:107AB000FFE704980168012040F24042C4F202024C
:107AC0009142029038D0FFE704980168012040F20B
:107AD0005842C4F20202914202902DD0FFE704986E
:107AE0000168012040F27042C4F202029142029009
:107AF00022D0FFE704980168012040F28842C4F2D6
:107B000002029142029017D0FFE704980168012019
:107B100040F2A042C4F20202914202900CD0FFE770
:107B2000049800684FF64831CBF6FD710844B0FA6E
:107B300080F040090290FFE70298C007002800F09B
:107B40009D80FFE70499042081F8350004980068BF
:107B50001021C4F20201884200F08180FFE70498FE
:107B600000682821C4F20201884278D0FFE7049817
:107B700000684021C4F20201884270D0FFE70498F7
:107B800000685821C4F20201884268D0FFE70498D7
:107B900000687021C4F20201884260D0FFE70498B7
:107BA00000688821C4F20201884258D0FFE7049897
:107BB0000068A021C4F20201884250D0FFE7049877
:107BC0000068B821C4F20201884248D0FFE7049857
:107BD000006840F21041C4F2020188423FD0FFE742
:107BE0000498006840F22841C4F20201884236D06D
:107BF000FFE70498006840F24041C4F20201884265
:107C00002DD0FFE70498006840F25841C4F2020109
:107C1000884224D0FFE70498006840F27041C4F223
:107C2000020188421BD0FFE70498006840F28841B7
:107C3000C4F20201884212D0FFE70498006840F2C3
:107C4000A041C4F20201884209D0FFE7049800680D
:107C500040F2B841C4F20201884207D1FFE704981C
:107C60000168086820F00100086006E004980168D7
:107C7000086820F001000860FFE7E5E1049801686A
:107C8000086820F00E000860049800681021C4F213
:107C90000201884200F08180FFE7049800682821F3
:107CA000C4F20201884278D0FFE7049800684021BE
:107CB000C4F20201884270D0FFE70498006858219E
:107CC000C4F20201884268D0FFE70498006870217E
:107CD000C4F20201884260D0FFE70498006888215E
:107CE000C4F20201884258D0FFE704980068A0213E
:107CF000C4F20201884250D0FFE704980068B8211E
:107D0000C4F20201884248D0FFE70498006840F2BC
:107D10001041C4F2020188423FD0FFE70498006896
:107D200040F22841C4F20201884236D0FFE70498AD
:107D3000006840F24041C4F2020188422DD0FFE7C2
:107D40000498006840F25841C4F20201884224D0ED
:107D5000FFE70498006840F27041C4F202018842D3
:107D60001BD0FFE70498006840F28841C4F202018A
:107D7000884212D0FFE70498006840F2A041C4F2A4
:107D80000201884209D0FFE70498006840F2B84138
:107D9000C4F20201884207D1FFE70498016808682D
:107DA00020F00100086006E004980168086820F0EF
:107DB00001000860FFE70498016801201022C4F266
:107DC00002029142019000F00381FFE704980168EC
:107DD00001202822C4F202029142019000F0F880B2
:107DE000FFE70498016801204022C4F20202914298
:107DF000019000F0ED80FFE704980168012058220F
:107E0000C4F202029142019000F0E280FFE7049880
:107E1000016801207022C4F202029142019000F038
:107E2000D780FFE70498016801208822C4F202028B
:107E30009142019000F0CC80FFE704980168012096
:107E4000A022C4F202029142019000F0C180FFE73B
:107E5000049801680120B822C4F202029142019004
:107E600000F0B680FFE704980168012040F210425C
:107E7000C4F202029142019000F0AA80FFE7049848
:107E80000168012040F22842C4F2020291420190AE
:107E900000F09E80FFE704980168012040F2404214
:107EA000C4F202029142019000F09280FFE7049830
:107EB0000168012040F25842C4F20202914201904E
:107EC00000F08680FFE704980168012040F27042CC
:107ED000C4F20202914201907AD0FFE7049801684F
:107EE000012040F28842C4F20202914201906FD018
:107EF000FFE704980168012040F2A042C4F20202A8
:107F00009142019064D0FFE704980168012040F29B
:107F1000B842C4F202029142019059D0FFE704989E
:107F20000168012045F20842C5F602029142019023
:107F30004ED0FFE704980168012045F21C42C5F6C7
:107F400002029142019043D0FFE7049801680120AA
:107F500045F23042C5F602029142019038D0FFE767
:107F600004980168012045F24442C5F6020291429C
:107F700001902DD0FFE704980168012045F2584296
:107F8000C5F602029142019022D0FFE704980168F1
:107F9000012045F26C42C5F602029142019017D0D1
:107FA000FFE704980168012045F28042C5F602020D
:107FB000914201900CD0FFE7049800684AF66C31BA
:107FC000CAF2FD710844B0FA80F040090190FFE761
:107FD0000198C00728B3FFE70498016E086820F4F1
:107FE000807008600498806D03900498C06D00F064
:107FF0001F0101208840039948600498416E806EFB
:1080000048600498C06E58B1FFE70498C16E0868D4
:1080100020F4807008600498016F406F4860FFE7AB
:10802000FFE70499012081F83500FFE7049900205B
:1080300081F83400FFE70498006D20B1FFE7049851
:10804000016D8847FFE7FFE7FFE700208DF8170085
:10805000FFE79DF8170006B080BD0000000000009B
:1080600081B000900098406D01B0704700000000A2
:1080700080B590B00F9000200B9040F2B420C2F277
:108080000000006848F2B511C1F64E31A0FB0110A6
:10809000800A0A900F98806D09900F98806D089063
:1080A000099800680E90089800680D900F98016874
:1080B00001201022C4F202029142079000F0A38036
:1080C000FFE70F98016801202822C4F202029142C2
:1080D000079000F09880FFE70F9801680120402288
:1080E000C4F202029142079000F08D80FFE70F98E2
:1080F000016801205822C4F202029142079000F068
:108100008280FFE70F98016801207022C4F202020A
:108110009142079077D0FFE70F98016801208822ED
:10812000C4F20202914207906DD0FFE70F980168F8
:108130000120A022C4F202029142079063D0FFE71F
:108140000F9801680120B822C4F202029142079000
:1081500059D0FFE70F980168012040F21042C4F2A5
:108160000202914207904ED0FFE70F98016801206C
:1081700040F22842C4F202029142079043D0FFE746
:108180000F980168012040F24042C4F2020291427D
:10819000079038D0FFE70F980168012040F258425D
:1081A000C4F20202914207902DD0FFE70F980168B8
:1081B000012040F27042C4F202029142079022D0A4
:1081C000FFE70F980168012040F28842C4F20202E2
:1081D0009142079017D0FFE70F980168012040F205
:1081E000A042C4F20202914207900CD0FFE70F9820
:1081F00000684FF64831CBF6FD710844B0FA80F0C4
:1082000040090790FFE70798C007002800F0138592
:10821000FFE70E980F99C96D01F01F01C8400007D4
:10822000002840F1B080FFE70F9800681021C4F2E9
:108230000201884200F08180FFE70F980068282142
:10824000C4F20201884278D0FFE70F98006840210D
:10825000C4F20201884270D0FFE70F9800685821ED
:10826000C4F20201884268D0FFE70F9800687021CD
:10827000C4F20201884260D0FFE70F9800688821AD
:10828000C4F20201884258D0FFE70F980068A0218D
:10829000C4F20201884250D0FFE70F980068B8216D
:1082A000C4F20201884248D0FFE70F98006840F20C
:1082B0001041C4F2020188423FD0FFE70F980068E6
:1082C00040F22841C4F20201884236D0FFE70F98FD
:1082D000006840F24041C4F2020188422DD0FFE71D
:1082E0000F98006840F25841C4F20201884224D03D
:1082F000FFE70F98006840F27041C4F20201884223
:108300001BD0FFE70F98006840F28841C4F20201D9
:10831000884212D0FFE70F98006840F2A041C4F2F3
:108320000201884209D0FFE70F98006840F2B84187
:10833000C4F20201884207D1FFE70F980068006885
:1083400000F00400069006E00F980068006800F056
:1083500008000690FFE70698A0B1FFE70F980168B4
:10836000086820F0040008600F98C06D00F01F013D
:1083700008208840099988600F99486D40F00100F5
:108380004865FFE7FFE70E980F99C96D01F01F01DF
:10839000C840C007002800F0A980FFE70F980068D8
:1083A0001021C4F20201884200F08180FFE70F989B
:1083B00000682821C4F20201884278D0FFE70F98B4
:1083C00000684021C4F20201884270D0FFE70F9894
:1083D00000685821C4F20201884268D0FFE70F9874
:1083E00000687021C4F20201884260D0FFE70F9854
:1083F00000688821C4F20201884258D0FFE70F9834
:108400000068A021C4F20201884250D0FFE70F9813
:108410000068B821C4F20201884248D0FFE70F98F3
:10842000006840F21041C4F2020188423FD0FFE7E9
:108430000F98006840F22841C4F20201884236D009
:10844000FFE70F98006840F24041C4F20201884201
:108450002DD0FFE70F98006840F25841C4F20201A6
:10846000884224D0FFE70F98006840F27041C4F2C0
:10847000020188421BD0FFE70F98006840F2884154
:10848000C4F20201884212D0FFE70F98006840F260
:10849000A041C4F20201884209D0FFE70F980068AA
:1084A00040F2B841C4F20201884207D1FFE70F98B9
:1084B0000068406900F08000059005E00F980068B2
:1084C000006800200590FFE7059870B1FFE70F985E
:1084D000C06D00F01F0101208840099988600F9944
:1084E000486D40F002004865FFE7FFE70E980F99DE
:1084F000C96D01F01F01C8404007002840F1A98064
:10850000FFE70F9800681021C4F20201884200F0D2
:108510008180FFE70F9800682821C4F20201884299
:1085200078D0FFE70F9800684021C4F2020188422A
:1085300070D0FFE70F9800685821C4F2020188420A
:1085400068D0FFE70F9800687021C4F202018842EA
:1085500060D0FFE70F9800688821C4F202018842CA
:1085600058D0FFE70F980068A021C4F202018842AA
:1085700050D0FFE70F980068B821C4F2020188428A
:1085800048D0FFE70F98006840F21041C4F20201A2
:1085900088423FD0FFE70F98006840F22841C4F2BC
:1085A0000201884236D0FFE70F98006840F2404150
:1085B000C4F2020188422DD0FFE70F98006840F214
:1085C0005841C4F20201884224D0FFE70F980068A6
:1085D00040F27041C4F2020188421BD0FFE70F98BD
:1085E000006840F28841C4F20201884212D0FFE7DD
:1085F0000F98006840F2A041C4F20201884209D0FD
:10860000FFE70F98006840F2B841C4F202018842C7
:1086100007D1FFE70F980068006800F0020004909F
:1086200005E00F980068006800200490FFE70498B8
:1086300070B1FFE70F98C06D00F01F010420884063
:10864000099988600F99486D40F004004865FFE77C
:10865000FFE70E980F99C96D01F01F01C840C006D1
:10866000002840F1DE80FFE70F9800681021C4F277
:108670000201884200F08180FFE70F9800682821FE
:10868000C4F20201884278D0FFE70F9800684021C9
:10869000C4F20201884270D0FFE70F9800685821A9
:1086A000C4F20201884268D0FFE70F980068702189
:1086B000C4F20201884260D0FFE70F980068882169
:1086C000C4F20201884258D0FFE70F980068A02149
:1086D000C4F20201884250D0FFE70F980068B82129
:1086E000C4F20201884248D0FFE70F98006840F2C8
:1086F0001041C4F2020188423FD0FFE70F980068A2
:1087000040F22841C4F20201884236D0FFE70F98B8
:10871000006840F24041C4F2020188422DD0FFE7D8
:108720000F98006840F25841C4F20201884224D0F8
:10873000FFE70F98006840F27041C4F202018842DE
:108740001BD0FFE70F98006840F28841C4F2020195
:10875000884212D0FFE70F98006840F2A041C4F2AF
:108760000201884209D0FFE70F98006840F2B84143
:10877000C4F20201884207D1FFE70F980068006841
:1087800000F00800039006E00F980068006800F011
:1087900004000390FFE70398002841D0FFE70F98FB
:1087A000C06D00F01F0110208840099988600F9863
:1087B00000680068400300281AD5FFE70F9800689A
:1087C00000680003002809D4FFE70F98006C20B16F
:1087D000FFE70F98016C8847FFE708E00F98806C6F
:1087E00020B1FFE70F98816C8847FFE7FFE716E0AD
:1087F0000F9800680068C005002807D4FFE70F98AD
:108800000168086820F008000860FFE70F98006C16
:1088100020B1FFE70F98016C8847FFE7FFE7FFE70C
:10882000FFE70E980F99C96D01F01F01C84080063F
:10883000002840F12681FFE70F9800681021C4F25C
:108840000201884200F08180FFE70F98006828212C
:10885000C4F20201884278D0FFE70F9800684021F7
:10886000C4F20201884270D0FFE70F9800685821D7
:10887000C4F20201884268D0FFE70F9800687021B7
:10888000C4F20201884260D0FFE70F980068882197
:10889000C4F20201884258D0FFE70F980068A02177
:1088A000C4F20201884250D0FFE70F980068B82157
:1088B000C4F20201884248D0FFE70F98006840F2F6
:1088C0001041C4F2020188423FD0FFE70F980068D0
:1088D00040F22841C4F20201884236D0FFE70F98E7
:1088E000006840F24041C4F2020188422DD0FFE707
:1088F0000F98006840F25841C4F20201884224D027
:10890000FFE70F98006840F27041C4F2020188420C
:108910001BD0FFE70F98006840F28841C4F20201C3
:10892000884212D0FFE70F98006840F2A041C4F2DD
:108930000201884209D0FFE70F98006840F2B84171
:10894000C4F20201884207D1FFE70F98006800686F
:1089500000F01000029006E00F980068006800F038
:1089600002000290FFE70298002800F08980FFE7EC
:108970000F98C06D00F01F01202088400999886081
:108980000F9890F83500042837D1FFE70F98016859
:10899000086820F0160008600F980168486920F008
:1089A000800048610F98006C20B9FFE70F98806C39
:1089B00038B1FFE70F980168086820F008000860E8
:1089C000FFE70F98C06D00F01F013F208840099914
:1089D00088600F99012081F83500FFE70F9900208A
:1089E00081F83400FFE70F98006D20B1FFE70F9882
:1089F000016D8847FFE700F019BC0F980068006818
:108A0000400300281AD5FFE70F98006800680003AC
:108A1000002809D4FFE70F98406C20B1FFE70F98BA
:108A2000416C8847FFE708E00F98C06B20B1FFE773
:108A30000F98C16B8847FFE7FFE720E00F980068B9
:108A40000068C005002811D4FFE70F980168086886
:108A500020F0100008600F99012081F83500FFE731
:108A60000F99002081F83400FFE7FFE70F98C06BF3
:108A700020B1FFE70F98C16B8847FFE7FFE7FFE7EB
:108A8000FFE70F98406D002800F0D480FFE70F98B3
:108A9000406DC007002800F0C480FFE70F99042054
:108AA00081F835000F9800681021C4F20201884255
:108AB00000F08180FFE70F9800682821C4F20201CE
:108AC000884278D0FFE70F9800684021C4F2020185
:108AD000884270D0FFE70F9800685821C4F2020165
:108AE000884268D0FFE70F9800687021C4F2020145
:108AF000884260D0FFE70F9800688821C4F2020125
:108B0000884258D0FFE70F980068A021C4F2020104
:108B1000884250D0FFE70F980068B821C4F20201E4
:108B2000884248D0FFE70F98006840F21041C4F235
:108B3000020188423FD0FFE70F98006840F22841C9
:108B4000C4F20201884236D0FFE70F98006840F275
:108B50004041C4F2020188422DD0FFE70F9800681F
:108B600040F25841C4F20201884224D0FFE70F9836
:108B7000006840F27041C4F2020188421BD0FFE756
:108B80000F98006840F28841C4F20201884212D076
:108B9000FFE70F98006840F2A041C4F2020188424A
:108BA00009D0FFE70F98006840F2B841C4F2020113
:108BB000884207D1FFE70F980168086820F001009C
:108BC000086006E00F980168086820F0010008605E
:108BD000FFE7FFE70B9801300B900A99884201D913
:108BE000FFE707E0FFE70F9800680068C00700286C
:108BF000F0D1FFE70F9800680068C00728B1FFE7D1
:108C00000F99032081F8350004E00F99012081F8C5
:108C10003500FFE7FFE70F99002081F83400FFE7F8
:108C2000FFE70F98C06C20B1FFE70F98C16C884731
:108C3000FFE7FFE7FAE20F980168012045F20842DA
:108C4000C5F60202914201904ED0FFE70F980168ED
:108C5000012045F21C42C5F602029142019043D028
:108C6000FFE70F980168012045F23042C5F6020285
:108C70009142019038D0FFE70F980168012045F23A
:108C80004442C5F60202914201902DD0FFE70F98B1
:108C90000168012045F25842C5F602029142019056
:108CA00022D0FFE70F980168012045F26C42C5F61B
:108CB00002029142019017D0FFE70F98016801204E
:108CC00045F28042C5F60202914201900CD0FFE7C6
:108CD0000F9800684AF66C31CAF2FD710844B0FA88
:108CE00080F040090190FFE70198C007002800F0DC
:108CF0009B82FFE70F98006800680C900D980F9911
:108D0000C96D01F01F01C8404007002840F1D7801D
:108D1000FFE79DF830004007002840F1D080FFE7D2
:108D20000F98C06D00F01F0104208840089948602A
:108D30009DF831000006002818D5FFE79DF83200A5
:108D4000C00748B9FFE70F98806C20B1FFE70F9884
:108D5000816C8847FFE708E00F98006C20B1FFE7BF
:108D60000F98016C8847FFE7FFE7A7E09DF8300008
:108D70008006002800F19980FFE70F980068102115
:108D8000C4F20201884200F08180FFE70F9800687A
:108D90002821C4F20201884278D0FFE70F980068CA
:108DA0004021C4F20201884270D0FFE70F980068AA
:108DB0005821C4F20201884268D0FFE70F9800688A
:108DC0007021C4F20201884260D0FFE70F9800686A
:108DD0008821C4F20201884258D0FFE70F9800684A
:108DE000A021C4F20201884250D0FFE70F9800682A
:108DF000B821C4F20201884248D0FFE70F9800680A
:108E000040F21041C4F2020188423FD0FFE70F98C0
:108E1000006840F22841C4F20201884236D0FFE7E0
:108E20000F98006840F24041C4F2020188422DD000
:108E3000FFE70F98006840F25841C4F202018842EF
:108E400024D0FFE70F98006840F27041C4F202019D
:108E500088421BD0FFE70F98006840F28841C4F2B7
:108E60000201884212D0FFE70F98006840F2A0414B
:108E7000C4F20201884209D0FFE70F98006840F26F
:108E8000B841C4F20201884207D1FFE70F98016898
:108E9000086820F00800086006E00F98016808687C
:108EA00020F004000860FFE7FFE70F98006C20B196
:108EB000FFE70F98016C8847FFE7FFE7B3E10D98E4
:108EC0000F99C96D01F01F01C8408007002840F1CB
:108ED000E180FFE79DF830008007002840F1DA804C
:108EE000FFE70F98C06D00F01F010220884008992D
:108EF00048609DF831000006002818D5FFE79DF86E
:108F00003200C00748B9FFE70F98406C20B1FFE777
:108F10000F98416C8847FFE708E00F98C06B20B1BD
:108F2000FFE70F98C16B8847FFE7FFE7B1E09DF8C7
:108F300030008006002800F1A380FFE70F9800684A
:108F40001021C4F20201884200F08180FFE70F98EF
:108F500000682821C4F20201884278D0FFE70F9808
:108F600000684021C4F20201884270D0FFE70F98E8
:108F700000685821C4F20201884268D0FFE70F98C8
:108F800000687021C4F20201884260D0FFE70F98A8
:108F900000688821C4F20201884258D0FFE70F9888
:108FA0000068A021C4F20201884250D0FFE70F9868
:108FB0000068B821C4F20201884248D0FFE70F9848
:108FC000006840F21041C4F2020188423FD0FFE73E
:108FD0000F98006840F22841C4F20201884236D05E
:108FE000FFE70F98006840F24041C4F20201884256
:108FF0002DD0FFE70F98006840F25841C4F20201FB
:10900000884224D0FFE70F98006840F27041C4F214
:10901000020188421BD0FFE70F98006840F28841A8
:10902000C4F20201884212D0FFE70F98006840F2B4
:10903000A041C4F20201884209D0FFE70F980068FE
:1090400040F2B841C4F20201884207D1FFE70F980D
:109050000168086820F01400086006E00F980168B5
:10906000086820F00A000860FFE70F99012081F8E6
:109070003500FFE70F99002081F83400FFE7FFE794
:109080000F98C06B20B1FFE70F98C16B8847FFE7CF
:10909000FFE7C7E00D980F99C96D01F01F01C840A7
:1090A0000007002840F1BC80FFE79DF83000000772
:1090B000002840F1B580FFE70F9800681021C4F246
:1090C0000201884200F08180FFE70F9800682821A4
:1090D000C4F20201884278D0FFE70F98006840216F
:1090E000C4F20201884270D0FFE70F98006858214F
:1090F000C4F20201884268D0FFE70F98006870212F
:10910000C4F20201884260D0FFE70F98006888210E
:10911000C4F20201884258D0FFE70F980068A021EE
:10912000C4F20201884250D0FFE70F980068B821CE
:10913000C4F20201884248D0FFE70F98006840F26D
:109140001041C4F2020188423FD0FFE70F98006847
:1091500040F22841C4F20201884236D0FFE70F985E
:10916000006840F24041C4F2020188422DD0FFE77E
:109170000F98006840F25841C4F20201884224D09E
:10918000FFE70F98006840F27041C4F20201884284
:109190001BD0FFE70F98006840F28841C4F202013B
:1091A000884212D0FFE70F98006840F2A041C4F255
:1091B0000201884209D0FFE70F98006840F2B841E9
:1091C000C4F20201884207D1FFE70F9801680868DE
:1091D00020F01C00086006E00F980168086820F085
:1091E0000E000860FFE70F98C06D00F01F0101201E
:1091F00000FA01F1089A51600F9948650F9981F8BA
:109200003500FFE70F99002081F83400FFE70F9841
:10921000C06C20B1FFE70F98C16C8847FFE700E002
:10922000FFE7FFE7FFE700E0FFE7FFE710B080BDE3
:1092300010B58EB00C9002F023FF0A900C9828B95C
:10924000FFE701208DF8370000F09EBC0C98016804
:1092500001201022C4F202029142079000F0A38084
:10926000FFE70C98016801202822C4F20202914213
:10927000079000F09880FFE70C98016801204022D9
:10928000C4F202029142079000F08D80FFE70C9833
:10929000016801205822C4F202029142079000F0B6
:1092A0008280FFE70C98016801207022C4F202025C
:1092B0009142079077D0FFE70C980168012088223F
:1092C000C4F20202914207906DD0FFE70C9801684A
:1092D0000120A022C4F202029142079063D0FFE76E
:1092E0000C9801680120B822C4F202029142079052
:1092F00059D0FFE70C980168012040F21042C4F2F7
:109300000202914207904ED0FFE70C9801680120BD
:1093100040F22842C4F202029142079043D0FFE794
:109320000C980168012040F24042C4F202029142CE
:10933000079038D0FFE70C980168012040F25842AE
:10934000C4F20202914207902DD0FFE70C98016809
:10935000012040F27042C4F202029142079022D0F2
:10936000FFE70C980168012040F28842C4F2020233
:109370009142079017D0FFE70C980168012040F256
:10938000A042C4F20202914207900CD0FFE70C9871
:1093900000684FF64831CBF6FD710844B0FA80F012
:1093A00040090790FFE70798C007002800F0788180
:1093B000FFE70C98406A08B1FFE7FFE70C9902202D
:1093C00081F83500FFE70C99002081F83400FFE7B1
:1093D0000C9800681021C4F20201884200F08180DC
:1093E000FFE70C9800682821C4F20201884278D077
:1093F000FFE70C9800684021C4F20201884270D057
:10940000FFE70C9800685821C4F20201884268D036
:10941000FFE70C9800687021C4F20201884260D016
:10942000FFE70C9800688821C4F20201884258D0F6
:10943000FFE70C980068A021C4F20201884250D0D6
:10944000FFE70C980068B821C4F20201884248D0B6
:10945000FFE70C98006840F21041C4F20201884214
:109460003FD0FFE70C98006840F22841C4F20201A7
:10947000884236D0FFE70C98006840F24041C4F2C1
:10948000020188422DD0FFE70C98006840F2584155
:10949000C4F20201884224D0FFE70C98006840F231
:1094A0007041C4F2020188421BD0FFE70C980068AB
:1094B00040F28841C4F20201884212D0FFE70C98C2
:1094C000006840F2A041C4F20201884209D0FFE7DF
:1094D0000C98006840F2B841C4F20201884207D1FA
:1094E000FFE70C980168086820F00100086006E0BA
:1094F0000C980168086820F001000860FFE7FFE7AA
:109500000C9800680068C00798B1FFE702F0B8FD4A
:109510000A99401A06280BD3FFE70C9920204865CA
:109520000C99032081F8350001208DF837002BE3DA
:10953000E6E70C98006800680B900B9848F23F0132
:10954000CFF6106108400B900C998868D1F80CC0D8
:109550000B694A6940EA0C00184310438A691043BA
:10956000CA691043096A01430B9808430B900C9891
:10957000406A042808D1FFE70C99C86A096B0143C7
:109580000B9808430B90FFE70C984068292807D3F5
:10959000FFE70C98416801202F29069036D3FFE79A
:1095A0000C9840683F2807D3FFE70C9841680120DA
:1095B000432906902AD3FFE70C984068472807D331
:1095C000FFE70C9841680120492906901ED3FFE768
:1095D0000C9840684F2807D3FFE70C98416801209A
:1095E0005329069012D3FFE70C9841680020742994
:1095F000059008D3FFE70C9841680020782938BF10
:1096000001200590FFE705980690FFE70698C00740
:1096100028B1FFE70B9840F480100B90FFE70B9800
:109620000C99096808600C98006840690B900B98C9
:1096300020F007000B900C98416A0B9808430B90A0
:109640000C98406A04281AD1FFE70C98816A0B989D
:1096500008430B900C98C06A80B1FFE70C98FAF7AA
:109660000FFF50B1FFE70C99402048650C9901208D
:1096700081F835008DF8370086E2FFE7FFE70B98A9
:109680000C99096848610C98FAF7BEFC09900C988F
:10969000C06D00F01F013F2088400999886026E1D5
:1096A0000C980168012045F20842C5F60202914279
:1096B00004904ED0FFE70C980168012045F21C424F
:1096C000C5F602029142049043D0FFE70C9801686E
:1096D000012045F23042C5F602029142049038D092
:1096E000FFE70C980168012045F24442C5F60202EA
:1096F000914204902DD0FFE70C980168012045F2BB
:109700005842C5F602029142049022D0FFE70C981D
:109710000168012045F26C42C5F6020291420490B4
:1097200017D0FFE70C980168012045F28042C5F68A
:109730000202914204900CD0FFE70C9800684AF6B0
:109740006C31CAF2FD710844B0FA80F0400904900F
:10975000FFE70498C007002800F0BD80FFE70C98E1
:109760000168012045F20842C5F6020291420390C9
:109770004ED0FFE70C980168012045F21C42C5F667
:1097800002029142039043D0FFE70C980168012048
:1097900045F23042C5F602029142039038D0FFE70D
:1097A0000C980168012045F24442C5F6020291423C
:1097B00003902DD0FFE70C980168012045F2584234
:1097C000C5F602029142039022D0FFE70C9801688F
:1097D000012045F26C42C5F602029142039017D077
:1097E000FFE70C980168012045F28042C5F60202AD
:1097F000914203900CD0FFE70C9800684AF66C3158
:10980000CAF2FD710844B0FA80F040090390FFE706
:109810000398C00708B1FFE7FFE70C99022081F821
:109820003500FFE70C99002081F83400FFE70C9821
:10983000006800680B900B986FF310100B900C9859
:109840008068402803D1FFE71020029008E00C98C0
:1098500080688038B0FA80F0400980030290FFE70A
:1098600002980C99CA680B69D1F814C0D1F818E0B5
:10987000CC694EEA040E4CEA0E0C43EA0C031A4380
:1098800040EAD200096A40EA11110B9808430B9094
:109890000B980C99096808600C9908684AF6F83228
:1098A000CAF2FD7210444CF6CD42CCF6CC42A0FB7D
:1098B00002026FF0030000EA9200C8650C98FAF704
:1098C000A3FB08900C98C06D00F01F010120884098
:1098D000089948600AE00C99402048650C990320DB
:1098E00081F8350001208DF837004DE1FFE70C9835
:1098F000016801201022C4F202029142019000F09E
:109900000381FFE70C98016801202822C4F20202BB
:109910009142019000F0F880FFE70C980168012067
:109920004022C4F202029142019000F0ED80FFE774
:109930000C98016801205822C4F202029142019061
:1099400000F0E280FFE70C98016801207022C4F269
:1099500002029142019000F0D780FFE70C98016865
:1099600001208822C4F202029142019000F0CC80D2
:10997000FFE70C9801680120A022C4F20202914284
:10998000019000F0C180FFE70C9801680120B82227
:10999000C4F202029142019000F0B680FFE70C98F9
:1099A0000168012040F21042C4F20202914201908B
:1099B00000F0AA80FFE70C980168012040F22842DD
:1099C000C4F202029142019000F09E80FFE70C98E1
:1099D0000168012040F24042C4F20202914201902B
:1099E00000F09280FFE70C980168012040F2584295
:1099F000C4F202029142019000F08680FFE70C98C9
:109A00000168012040F27042C4F2020291420190CA
:109A10007AD0FFE70C980168012040F28842C4F236
:109A20000202914201906FD0FFE70C98016801207B
:109A300040F2A042C4F202029142019064D0FFE7DA
:109A40000C980168012040F2B842C4F2020291422F
:109A5000019059D0FFE70C980168012045F20842B7
:109A6000C5F60202914201904ED0FFE70C980168C2
:109A7000012045F21C42C5F602029142019043D0FA
:109A8000FFE70C980168012045F23042C5F602025A
:109A90009142019038D0FFE70C980168012045F20F
:109AA0004442C5F60202914201902DD0FFE70C9886
:109AB0000168012045F25842C5F602029142019028
:109AC00022D0FFE70C980168012045F26C42C5F6F0
:109AD00002029142019017D0FFE70C980168012023
:109AE00045F28042C5F60202914201900CD0FFE798
:109AF0000C9800684AF66C31CAF2FD710844B0FA5D
:109B000080F040090190FFE70198C00790B3FFE79C
:109B10000C98FAF761FB0C988068802804D1FFE765
:109B20000C9900204860FFE70C990879096E0860DD
:109B30000C98416E806E48600C98406888B1FFE7D1
:109B40000C98406808280CD8FFE70C98FAF700FC3E
:109B50000C98C16E002008600C98016F406F48603F
:109B600007E00C990020C8660C9908670C994867B3
:109B7000FFE7FFE70C99002048650C9A012182F865
:109B800035108DF83700FFE79DF837000EB010BD97
:109B900080B588B0069005910492039300208DF85B
:109BA0000B00069820B9FFE701208DF81F006CE339
:109BB000FFE7069890F83400012804D1FFE702205F
:109BC0008DF81F0061E30699012081F83400FFE75A
:109BD000FFE7069890F83500012840F04383FFE73F
:109BE0000699022081F835000699002048650698FC
:109BF00000681021C4F20201884200F08180FFE772
:109C0000069800682821C4F20201884278D0FFE754
:109C1000069800684021C4F20201884270D0FFE734
:109C2000069800685821C4F20201884268D0FFE714
:109C3000069800687021C4F20201884260D0FFE7F4
:109C4000069800688821C4F20201884258D0FFE7D4
:109C500006980068A021C4F20201884250D0FFE7B4
:109C600006980068B821C4F20201884248D0FFE794
:109C70000698006840F21041C4F2020188423FD0C9
:109C8000FFE70698006840F22841C4F202018842CA
:109C900036D0FFE70698006840F24041C4F2020166
:109CA00088422DD0FFE70698006840F25841C4F280
:109CB0000201884224D0FFE70698006840F2704114
:109CC000C4F2020188421BD0FFE70698006840F208
:109CD0008841C4F20201884212D0FFE7069800686A
:109CE00040F2A041C4F20201884209D0FFE7069881
:109CF000006840F2B841C4F20201884207D1FFE790
:109D000006980168086820F00100086006E00698DF
:109D10000168086820F001000860FFE706980599CF
:109D2000049A039BFAF724FC06980168012010228C
:109D3000C4F202029142019000F0A380FFE706986E
:109D4000016801202822C4F202029142019000F031
:109D50009880FFE70698016801204022C4F20202C1
:109D60009142019000F08D80FFE706980168012084
:109D70005822C4F202029142019000F08280FFE773
:109D80000698016801207022C4F2020291420190FB
:109D900077D0FFE70698016801208822C4F202020A
:109DA000914201906DD0FFE7069801680120A02242
:109DB000C4F202029142019063D0FFE70698016865
:109DC0000120B822C4F202029142019059D0FFE76B
:109DD00006980168012040F21042C4F2020291424A
:109DE00001904ED0FFE706980168012040F228421A
:109DF000C4F202029142019043D0FFE70698016845
:109E0000012040F24042C4F202029142019038D057
:109E1000FFE706980168012040F25842C4F20202AE
:109E2000914201902DD0FFE706980168012040F291
:109E30007042C4F202029142019022D0FFE70698DC
:109E40000168012040F28842C4F20202914201906E
:109E500017D0FFE706980168012040F2A042C4F243
:109E60000202914201900CD0FFE7069800684FF67D
:109E70004831CBF6FD710844B0FA80F040090190FA
:109E8000FFE70198C007A8B1FFE7069800680068DF
:109E90000B2161F344000699096808600698006C7C
:109EA00038B1FFE706980168086840F008000860CC
:109EB000FFE714E0069800680068052161F343009D
:109EC0000699096808600698006C38B1FFE70698A3
:109ED0000168086840F004000860FFE7FFE70698A3
:109EE000016801201022C4F202029142009000F0A9
:109EF0000381FFE70698016801202822C4F20202CC
:109F00009142009000F0F880FFE706980168012078
:109F10004022C4F202029142009000F0ED80FFE77F
:109F20000698016801205822C4F202029142009072
:109F300000F0E280FFE70698016801207022C4F279
:109F400002029142009000F0D780FFE70698016876
:109F500001208822C4F202029142009000F0CC80DD
:109F6000FFE7069801680120A022C4F20202914294
:109F7000009000F0C180FFE7069801680120B82238
:109F8000C4F202029142009000F0B680FFE706980A
:109F90000168012040F21042C4F202029142009096
:109FA00000F0AA80FFE706980168012040F22842ED
:109FB000C4F202029142009000F09E80FFE70698F2
:109FC0000168012040F24042C4F202029142009036
:109FD00000F09280FFE706980168012040F25842A5
:109FE000C4F202029142009000F08680FFE70698DA
:109FF0000168012040F27042C4F2020291420090D6
:10A000007AD0FFE706980168012040F28842C4F246
:10A010000202914200906FD0FFE70698016801208C
:10A0200040F2A042C4F202029142009064D0FFE7E5
:10A0300006980168012040F2B842C4F2020291423F
:10A04000009059D0FFE706980168012045F20842C8
:10A05000C5F60202914200904ED0FFE706980168D3
:10A06000012045F21C42C5F602029142009043D005
:10A07000FFE706980168012045F23042C5F602026A
:10A080009142009038D0FFE706980168012045F220
:10A090004442C5F60202914200902DD0FFE7069897
:10A0A0000168012045F25842C5F602029142009033
:10A0B00022D0FFE706980168012045F26C42C5F600
:10A0C00002029142009017D0FFE706980168012034
:10A0D00045F28042C5F60202914200900CD0FFE7A3
:10A0E000069800684AF66C31CAF2FD710844B0FA6D
:10A0F00080F040090090FFE70098C007D0B1FFE76B
:10A100000698006E0068C003002807D5FFE7069890
:10A11000016E086840F480700860FFE70698C06E22
:10A1200038B1FFE70698C16E086840F48070086097
:10A13000FFE7FFE7069800681021C4F20201884299
:10A1400000F08180FFE7069800682821C4F2020130
:10A15000884278D0FFE7069800684021C4F20201E7
:10A16000884270D0FFE7069800685821C4F20201C7
:10A17000884268D0FFE7069800687021C4F20201A7
:10A18000884260D0FFE7069800688821C4F2020187
:10A19000884258D0FFE706980068A021C4F2020167
:10A1A000884250D0FFE706980068B821C4F2020147
:10A1B000884248D0FFE70698006840F21041C4F298
:10A1C000020188423FD0FFE70698006840F228412C
:10A1D000C4F20201884236D0FFE70698006840F2D8
:10A1E0004041C4F2020188422DD0FFE70698006882
:10A1F00040F25841C4F20201884224D0FFE7069899
:10A20000006840F27041C4F2020188421BD0FFE7AF
:10A210000698006840F28841C4F20201884212D0D8
:10A22000FFE70698006840F2A041C4F202018842AC
:10A2300009D0FFE70698006840F2B841C4F2020175
:10A24000884207D1FFE706980168086840F00100DE
:10A25000086006E006980168086840F001000860A0
:10A26000FFE70DE006994FF400604865FFE70699A7
:10A27000002081F83400FFE701208DF80B00FFE794
:10A280009DF80B008DF81F00FFE79DF81F0008B038
:10A2900080BD00000000000080B584B0039001F094
:10A2A000EFFE0290039801900198013048B1FFE75A
:10A2B00040F2E040C2F200000178019808440190A9
:10A2C000FFE7FFE701F0DCFE0299401A019988429E
:10A2D00001D2FFE7F6E704B080BD000000000000F7
:10A2E00085B0039002910192039890F898008DF840
:10A2F00003009DF80300012805D0FFE79DF8030047
:10A3000002285DD1FFE7029803990968896D084228
:10A3100007D1FFE703980168C86D40F00100C865E8
:10A3200015E0029803990968896D084002998842EE
:10A3300007D1FFE703980168C86D40F00200C865C7
:10A3400004E0039801680320C865FFE7FFE79DF874
:10A3500009008007002809D5FFE7019A03980168E2
:10A36000D1F8E0001043C1F8E000FFE79DF80900D4
:10A370004007002809D5FFE7019A03980168D1F842
:10A38000E4001043C1F8E400FFE7FFE702984FF64E
:10A39000FF71C3F6CF7100EA010203980168486DAE
:10A3A00010434865029A4AF61401C4F20001086895
:10A3B00040EA92700860FFE700208DF813000AE081
:10A3C0000399D1F89C0040F00200C1F89C000120E4
:10A3D0008DF81300FFE79DF8130005B070470000EB
:10A3E00080B586B00490039102920398406808B942
:10A3F000FFE700E0FFE7049890F89800022845D1B5
:10A40000FFE704980068D0F8C00010F07C5F0BD123
:10A41000FFE70499D1F89C0040F02000C1F89C00AF
:10A4200001208DF817003CE004980068D0F8C400C3
:10A43000800200280BD5FFE70499D1F89C0040F476
:10A440000070C1F89C0001208DF8170029E00498E5
:10A450000068D0F8C400C0F3044001900498039948
:10A46000029A019BFBF764F80199012000FA01F1BF
:10A47000049A1268C2F8D010019988400499C1F872
:10A480009400FFE700208DF817000AE00499D1F846
:10A490009C0040F00800C1F89C0001208DF81700D6
:10A4A000FFE79DF8170006B080BD00000000000027
:10A4B00082B00190009102B07047000000000000DF
:10A4C00087B005900491059890F898008DF80300E6
:10A4D0009DF80300012805D0FFE79DF8030002283E
:10A4E0006AD1FFE70498C068072801D1FFE7FFE7BA
:10A4F0000498006878BBFFE70498C068072801D07B
:10A50000FFE7FFE70498C06807280CD1FFE7049A2B
:10A5100010699169D269000440EA0220084340F0C2
:10A52000605003900CE004998868CB680A69496917
:10A53000800740EAC36040EA024008430390FFE717
:10A540000598C06E0499496800EB8100019003985A
:10A55000019908602CE00498C068072801D0FFE743
:10A56000FFE70498C168006940EA417003900498CD
:10A57000C068072804D1FFE704988069029006E0CC
:10A5800004988168406940EA81700290FFE705986D
:10A59000006F0499496800EBC1000190039801998C
:10A5A0000860019804300190029801990860FFE763
:10A5B00000208DF81B000AE00599D1F89C0040F0BE
:10A5C0000200C1F89C0001208DF81B00FFE79DF8F8
:10A5D0001B0007B07047000085B0DDF814C0039081
:10A5E000029101920093039890F89800012812D1EB
:10A5F000FFE702980001019940EA8100009940EAD2
:10A6000041000599084303990968C1F880000020BA
:10A610008DF813000AE00399D1F89C0040F0040083
:10A62000C1F89C0001208DF81300FFE79DF813008E
:10A6300005B070470000000080B582B0009000981F
:10A6400020B9FFE701208DF8070015E0009801F020
:10A6500057F900980168C86D20F00300C86500989C
:10A6600000F0FAFE00990020C1F89C00009981F8E2
:10A6700098008DF80700FFE79DF8070002B080BD45
:10A6800081B0009001B0704782B00190009102B09B
:10A69000704700000000000083B002900191029812
:10A6A0000068006C00909DF8000001990860009817
:10A6B000C0F3062001994860BDF80000C00B019965
:10A6C00088609DF802000199C860002003B07047BF
:10A6D00083B00290019102980068406C009000984D
:10A6E00000F00700019908600098C0F3022001996A
:10A6F0004860009800F01800019988600098C0F345
:10A7000040100199C8600098C0F380100199086159
:10A710009DF80000C009019948610098C0F3C0206D
:10A72000019988610098C0F300300199C8610098D0
:10A73000C0F34030019908620098C0F3803001995D
:10A7400048620098C0F3064001998862002003B077
:10A75000704700000000000083B002900191019852
:10A76000402808D1FFE702980068D0F8A40000F064
:10A770007F00009007E002980068D0F8B40000F075
:10A780007F000090FFE7009803B0704700000000D2
:10A790008AB00890079106920593002001900898CE
:10A7A00090F898008DF803009DF80300022840F00F
:10A7B0005C81FFE70798402851D1FFE708980068BF
:10A7C000D0F8A00010F4FE0F0BD1FFE70899D1F8E4
:10A7D0009C0040F02000C1F89C0001208DF827006B
:10A7E0004EE108980068D0F8A400400658B9FFE789
:10A7F0000899D1F89C0040F48070C1F89C000120B9
:10A800008DF827003CE108980068D0F8A40000F01B
:10A8100080710120B0EB116F0DD1FFE7089800683F
:10A82000D0F8A0100120B0EBD17F03D1FFE70120C9
:10A830000190FFE7FFE708980068D0F8A40000F453
:10A840007C51019800EB112001900898426C406FF8
:10A850000199514300EB81000490FFE770E00798F5
:10A86000412851D1FFE708980068D0F8B00010F4F3
:10A87000FE0F0BD1FFE70899D1F89C0040F02000B3
:10A88000C1F89C0001208DF82700F9E008980068C5
:10A89000D0F8B400400658B9FFE70899D1F89C00F9
:10A8A00040F48070C1F89C0001208DF82700E7E09B
:10A8B00008980068D0F8B40000F080710120B0EB77
:10A8C000116F0DD1FFE708980068D0F8B010012093
:10A8D000B0EBD17F03D1FFE701200190FFE7FFE755
:10A8E00008980068D0F8B40000F47C51019800EB9F
:10A8F000112001900898C26C806F0199514300EBC0
:10A9000081000490FFE71AE007980899096D8842D2
:10A910000BD3FFE70899D1F89C0040F02000C1F864
:10A920009C0001208DF82700AAE00898426DC06FB6
:10A930000799514300EB81000490FFE7FFE7FFE731
:10A940000498006800F080400699486006984068C6
:10A9500038B9FFE704980068C0F38A400699086098
:10A9600006E00498006820F0604006990860FFE760
:10A970000498006800F00050069988600498006808
:10A9800000F000400699086104980430049004988F
:10A9900000880699C86104980068C0F303400699CE
:10A9A000C8600498006800F4801006994861049813
:10A9B000006800F400100699886104980068C0F3EC
:10A9C00006600699086204980068C00F06994862FC
:10A9D0000498043004900498039000200290FFE74C
:10A9E00002980699CA684FF2D871C0F60201895CD4
:10A9F00088420AD2FFE70398029A805C059988543E
:10AA0000FFE7029801300290EAE70798402806D154
:10AA1000FFE7019808990968C1F8A80021E00798A4
:10AA2000412806D1FFE7019808990968C1F8B800E4
:10AA300016E007981F2808D8FFE7079901208840EB
:10AA400008990968C1F8980009E0079800F01F010B
:10AA50000120884008990968C1F89C00FFE7FFE7DA
:10AA6000FFE700208DF827000AE00899D1F89C0044
:10AA700040F00800C1F89C0001208DF82700FFE796
:10AA80009DF827000AB0704781B0009001B0704770
:10AA900080B594B013904AF61000C4F2000000682C
:10AAA000800712904AF61400C4F200000168129860
:10AAB00000EA8170129013980068006D00F47040F5
:10AAC000119013980068416D1198084011901398E7
:10AAD0000068006D00F00F00109013980068416D41
:10AAE00010980840109013980068006D00F0F00076
:10AAF0000F9013980068416D0F9808400F901398BD
:10AB00000068006D00F071500E9013980068416D60
:10AB10000E9808400E9013980068006D00F0607069
:10AB20000D9013980068416D0D9808400D90139892
:10AB30000068406D039013980068006D01909DF8C7
:10AB40000D00C007B8B1FFE79DF80500C00788B148
:10AB5000FFE7FFE7139801684FF4807008654AF635
:10AB60001001C4F2000100200860FFE71398FFF70E
:10AB70008BFFFFE7FFE79DF80D0000F004010020C8
:10AB8000B0EB910F28D0FFE79DF8050000F004011D
:10AB90000020B0EB910F1ED0FFE713980068D0F8AB
:10ABA000DC000B9013980068D0F8E4100B98084074
:10ABB0000B90FFE7139801684FF4806008654AF630
:10ABC0001001C4F2000100200860FFE713980B9900
:10ABD00000F036FFFFE7FFE71298B8B1FFE7FFE7A5
:10ABE00012984FF6FF71C3F6CF71084013990968A8
:10ABF00008651298800F4AF61001C4F2000108603F
:10AC0000FFE713981299FFF753FCFFE71198B8B1CB
:10AC1000FFE7FFE711984FF6FF71C3F6CF710840C9
:10AC20001399096808651198800F4AF61001C4F25B
:10AC300000010860FFE71398119900F011FFFFE78A
:10AC40001098B8B1FFE7FFE710984FF6FF71C3F611
:10AC5000CF7108401399096808651098800F4AF66B
:10AC60001001C4F200010860FFE71398109900F08A
:10AC700097FDFFE70F98B8B1FFE7FFE70F984FF692
:10AC8000FF71C3F6CF7108401399096808650F98E2
:10AC9000800F4AF61001C4F200010860FFE7139824
:10ACA0000F9900F0D5FDFFE79DF80D0000F00801B9
:10ACB0000020B0EBD10F1BD0FFE79DF8050000F09E
:10ACC00008010020B0EBD10F11D0FFE7FFE7139888
:10ACD00001684FF4006008654AF61001C4F20001F3
:10ACE00000200860FFE7139800F0C2FEFFE7FFE7CF
:10ACF0009DF80D0000F002010020B0EB510F28D0AC
:10AD0000FFE79DF8050000F002010020B0EB510FB5
:10AD10001ED0FFE713980068D0F8D8000C90139865
:10AD20000068D0F8E0100C9808400C90FFE71398EA
:10AD300001684FF4007008654AF61001C4F2000182
:10AD400000200860FFE713980C9900F081FEFFE7F0
:10AD5000FFE79DF80E0000F008010020B0EBD10FD6
:10AD60001BD0FFE79DF8060000F008010020B0EBC3
:10AD7000D10F11D0FFE7FFE7139801684FF40020CF
:10AD800008654AF61001C4F2000100200860FFE7E0
:10AD9000139800F001FDFFE7FFE79DF80E00C007E4
:10ADA000B8B1FFE79DF80600C00788B1FFE7FFE7ED
:10ADB000139801684FF4803008654AF61001C4F218
:10ADC000000100200860FFE7139800F035FEFFE760
:10ADD000FFE79DF80E0000F004010020B0EB910F9A
:10ADE0001BD0FFE79DF8060000F004010020B0EB47
:10ADF000910F11D0FFE7FFE7139801684FF480200F
:10AE000008654AF61001C4F2000100200860FFE75F
:10AE1000139800F00DFEFFE7FFE79DF80E0000F02D
:10AE200002010020B0EB510F1FD0FFE79DF8060094
:10AE300000F002010020B0EB510F15D0FFE7FFE753
:10AE4000139801684FF4003008654AF61001C4F207
:10AE5000000100200860FFE71399D1F89C0040F042
:10AE60008000C1F89C00FFE7FFE70D98B8B1FFE74D
:10AE7000FFE70D984FF6FF71C3F6CF7108401399A5
:10AE8000096808650D98800F4AF61001C4F20001A8
:10AE90000860FFE713980D99FFF7F6FBFFE70E98A0
:10AEA000D0B1FFE7FFE70E984FF6FF71C3F6CF7101
:10AEB00008401399096808650E98800F4AF610013A
:10AEC000C4F200010860FFE70E9A1399D1F89C00C4
:10AED0001043C1F89C00FFE7139800684AF2000194
:10AEE000C4F20001884240F0B980FFE7139840683F
:10AEF00080688007002800F0B080FFE71398406862
:10AF0000006A00F00F000A9013984068416A0A989E
:10AF100008400A9013984068006A00F030000990D9
:10AF200013984068416A099808400990139840684E
:10AF3000006A00F4C070089013984068416A08984D
:10AF40000840089013984068006A00F4FC4007909D
:10AF500013984068416A0798084007901398406822
:10AF6000006A00F4F020069013984068416A069841
:10AF70000840069013984068406A02901398406811
:10AF8000006A00900A9848B1FFE70A981399496847
:10AF9000086213980A9900F033FDFFE7099848B159
:10AFA000FFE709981399496808621398099900F016
:10AFB00037FDFFE79DF8080000F040010020B0EBEE
:10AFC000911F1FD0FFE79DF8000000F04001002016
:10AFD000B0EB911F15D0FFE713984068C06B000CD1
:10AFE000059013984068C06B00F03F0004901398E0
:10AFF00041684020086213980599049A00F008FD02
:10B00000FFE7FFE7089848B1FFE7089813994968F8
:10B0100008621398089900F0EBFCFFE7079860B10D
:10B02000FFE70798139949680862079A1399D1F8BE
:10B030009C001043C1F89C00FFE7069860B1FFE751
:10B040000698139949680862069A1399D1F89C00EA
:10B050001043C1F89C00FFE7FFE7FFE71398D0F823
:10B060009C0020B1FFE71398FFF70AFBFFE714B03D
:10B0700080BD00000000000080B598B016904FF22F
:10B080008451C0F6020101A84C22F5F777FB16980F
:10B0900020B9FFE701208DF85F00D9E1169800681C
:10B0A0004AF20001C4F20001884206D1FFE7169976
:10B0B000086800F580704860FFE716988068B0F572
:10B0C000407F01D1FFE7FFE71698006C08B1FFE76A
:10B0D000FFE71698806C08B1FFE7FFE71698006D50
:10B0E00008B1FFE7FFE71698006E08B1FFE7FFE73A
:10B0F0001699C86D096E084408B1FFE7FFE7169876
:10B1000090F8980040B9FFE71699002081F899005F
:10B11000169800F029FAFFE716980168886920F070
:10B120001000886100F0ACFF1590FFE716980068EA
:10B1300080690007002817D5FFE700F0A1FF1599E7
:10B14000401A0B280FD3FFE71699D1F89C0040F066
:10B150000100C1F89C001699032081F89800012095
:10B160008DF85F0074E1E1E716980168886940F0A6
:10B170000100886100F084FF1590FFE716980068D1
:10B180008069C007B8B9FFE700F07AFF1599401A47
:10B190000B280FD3FFE71699D1F89C0040F001006F
:10B1A000C1F89C001699032081F8980001208DF8C1
:10B1B0005F004DE1E2E716980168886940F00200FF
:10B1C00088611698007C012807D1FFE7169801686E
:10B1D000886920F04000886106E016980168886957
:10B1E00040F040008861FFE71698407C012807D1B5
:10B1F000FFE716980168886940F48040886106E09E
:10B2000016980168886920F480408861FFE71698E5
:10B21000807C012807D1FFE716980168886920F42F
:10B220008050886106E016980168886940F4805073
:10B230008861FFE716980068806920F44070169ACC
:10B24000116892681043886116980168886920F037
:10B25000A400886116980168086920F01000086150
:10B260001698C068012807D1FFE716980168886919
:10B2700040F0040088612BE01698C06830B3FFE707
:10B280001698C068022819D0FFE7169801688869E7
:10B2900040F08000886116980168086940F010004D
:10B2A00008611698C068032807D1FFE7169801685F
:10B2B000886940F020008861FFE706E01698016881
:10B2C000886940F020008861FFE700E0FFE7FFE7C2
:10B2D000169A116853699069D2F81CE0A0F1010C2C
:10B2E0006FF0FF0000EB0E2040EA4C60126A013A5A
:10B2F00010430022CFF6FF7202EB03421043C861F5
:10B3000016988068B0F5407F1CD1FFE7169A116847
:10B31000536A906AD2F82CE001386FF0FF0C0CEB06
:10B320000E2C40EA0C00D2F830C06FF00F0202EB96
:10B330000C1210430022CFF6FF7202EB03421043BF
:10B34000C860FFE71698006E48B1FFE716980168DD
:10B35000426ED1F8C0001043C1F8C000FFE7169953
:10B36000C86D096E084480B1FFE716980068D0F8F0
:10B37000C80020F00700169A1168936E01AA52F8CF
:10B3800023201043C1F8C800FFE71698006C80B175
:10B39000FFE716980068D0F8BC0020F00700169A66
:10B3A0001168536C01AA52F823201043C1F8BC0065
:10B3B000FFE71698806C88B1FFE716980068D0F810
:10B3C000BC0020F07000169A1168D36C01AA52F8E4
:10B3D000232040EA0210C1F8BC00FFE71698006D78
:10B3E00088B1FFE716980068D0F8BC0020F4E06050
:10B3F000169A1168536D01AA52F8232040EA0220E0
:10B40000C1F8BC00FFE7169800684AF20001C4F2D8
:10B410000001884207D1FFE716984168886820F04C
:10B4200003008860FFE716990020C1F89400169980
:10B43000C1F89C001699012081F898001698F9F738
:10B4400013FF8DF853009DF853008DF85F00FFE760
:10B450009DF85F0018B080BD80B582B00190019862
:10B4600000684AF20001C4F20001884221D1FFE7DE
:10B4700040F28C50C2F2000001680139016000689E
:10B4800048B9FFE744F2EC41C5F60201086820F430
:10B4900080700860FFE740F60040C5F60200032117
:10B4A00000F0EAFA132001F0ABF8152001F0A8F83B
:10B4B00056E0019800684AF20041C4F20001884257
:10B4C00021D1FFE740F28C50C2F20000016801393F
:10B4D0000160006848B9FFE744F2EC41C5F602019B
:10B4E000086820F480700860FFE740F20040C5F66D
:10B4F0000200602100F0C0FA142001F081F816204B
:10B5000001F07EF82BE0019800684DF20041C4F292
:10B510000001884222D1FFE740F28C50C2F20000C5
:10B52000016801390160006848B9FFE744F2EC4165
:10B53000C5F60201086820F480700860FFE740F655
:10B540000040C5F602004FF4405100F095FA9F20EC
:10B5500001F056F8A02001F053F8FFE7FFE7FFE7FE
:10B5600002B080BD0000000080B598B017900020A8
:10B5700016901590149013901290179800684AF244
:10B580000001C4F2000188424FD1FFE740F28C5025
:10B59000C2F200000168013101600068012810D189
:10B5A000FFE7FFE744F2EC40C5F60200016841F412
:10B5B00080710160006800F4807011901198FFE7BD
:10B5C000FFE7FFE744F2E040C5F60200016841F002
:10B5D00008010160006800F0080010901098FFE773
:10B5E000032012900220139000200A9014901590CE
:10B5F0000920169040F60040C5F6020012A900F09E
:10B6000053FB0A9A132008900521099101F010F8C4
:10B61000089801F001F809990A9A15200B9001F099
:10B6200007F80B9800F0F8FFB2E0179800684AF2AC
:10B630000041C4F2000188424FD1FFE740F28C5034
:10B64000C2F200000168013101600068012810D1D8
:10B65000FFE7FFE744F2EC40C5F60200016841F461
:10B6600080710160006800F480700F900F98FFE710
:10B67000FFE7FFE744F2E040C5F60200016841F051
:10B6800002010160006800F002000E900E98FFE7D2
:10B6900060201290022013900020069014901590C4
:10B6A0000920169040F20040C5F6020012A900F0F1
:10B6B000FBFA069A142004900521059100F0B8FFCA
:10B6C000049800F0A9FF0599069A1620079000F04B
:10B6D000AFFF079800F0A0FF59E0179800684DF2FF
:10B6E0000041C4F20001884250D1FFE740F28C5083
:10B6F000C2F200000168013101600068012810D128
:10B70000FFE7FFE744F2EC40C5F60200016841F4B0
:10B7100080710160006800F480700D900D98FFE763
:10B72000FFE7FFE744F2E040C5F60200016841F0A0
:10B7300008010160006800F008000C900C98FFE719
:10B740004FF4405012900220139000200290149069
:10B75000159005200190169040F60040C5F60200B5
:10B7600012A900F0A1FA0199029A9F20009000F01E
:10B770005FFF009800F050FF0199029AA02003900B
:10B7800000F056FF039800F047FFFFE7FFE7FFE7F1
:10B7900018B080BD0000000081B0009001B070477B
:10B7A00080B586B00590049105984DF64001C2F22F
:10B7B0000001884221D1FFE7FFE705984021FEF70D
:10B7C000CBFFC8B1FFE7059840F66821C0F2000141
:10B7D0000A1D039201F12C0302934021FEF7D8FFCA
:10B7E000029903984DF26833C2F200031A680132DD
:10B7F0001A60F9F7D1FBE0E7FFE705984DF6E001A5
:10B80000C2F20001884221D1FFE7FFE705984021FD
:10B81000FEF7A2FFC8B1FFE7059840F66821C0F225
:10B8200000010A1D019201F12C0300934021FEF753
:10B83000AFFF009901984DF28833C2F200031A68F5
:10B8400001321A60F9F7F8FCE0E7FFE706B080BDC7
:10B8500080B584B003900291039844F6D801C0F2F9
:10B860000001884221D1FFE7FFE703984121FEF75D
:10B8700073FFC8B1FFE7039840F69C21C0F20001B6
:10B880000A1D019201F12C0300934121FEF780FF74
:10B890000099019844F2B013C0F200031A68013213
:10B8A0001A60F9F765FCE0E7FFE704B080BD00002F
:10B8B00082B00090009890F89800012811D1FFE71D
:10B8C0000099022081F8980000980168886920F0AA
:10B8D0000100886100990020C1F89C008DF80700E4
:10B8E0000AE00099D1F89C0040F00400C1F89C00E7
:10B8F00001208DF80700FFE79DF8070002B07047B0
:10B9000083B0019000200090019890F898000228E0
:10B910005CD1FFE701980168886940F00100886107
:10B92000FFE7019800688069C007B8B9FFE7009891
:10B9300033280FD3FFE70199D1F89C0040F00100B4
:10B94000C1F89C000199032081F8980001208DF82E
:10B950000B0046E0009801300090E2E700200090E4
:10B9600001980168886920F010008861FFE701985C
:10B97000006880690007002817D5FFE70098332882
:10B980000FD3FFE70199D1F89C0040F00100C1F806
:10B990009C000199032081F8980001208DF80B008C
:10B9A0001FE0009801300090E1E701980168886984
:10B9B00040F00200886101990020C1F89400019ACA
:10B9C000012182F898108DF80B000AE00199D1F856
:10B9D0009C0040F00800C1F89C0001208DF80B008D
:10B9E000FFE79DF80B0003B0704700000000000067
:10B9F00082B00190009102B070470000000000008A
:10BA000082B00190009102B0704700000000000079
:10BA100083B002900191009203B0704700000000D3
:10BA200082B00190009102B0704700000000000059
:10BA300081B0009001B0704781B0009001B07047B4
:10BA400082B00190009102B0704700000000000039
:10BA500082B00190009102B0704700000000000029
:10BA600082B00190009102B0704700000000000019
:10BA700081B0009001B070478FB00E900D91002002
:10BA80000C908020C5F600000990FFE70D980C99F6
:10BA9000C840002800F00381FFE70D980C9A0121AF
:10BAA000914008400B900B98002800F0F480FFE7CD
:10BAB0000C9820F0030040F20841C5F60001405800
:10BAC0000A900C9800F0030081000F2000FA01F1A9
:10BAD0000A9808400A900A9808900E980021C5F626
:10BAE0000201884203D1FFE7002007906CE00E9826
:10BAF00040F20041C5F60201884203D1FFE7012070
:10BB000006905EE00E9840F60001C5F602018842FC
:10BB100003D1FFE70220059050E00E9840F6004167
:10BB2000C5F60201884203D1FFE70320049042E0FA
:10BB30000E9841F20001C5F60201884203D1FFE7E9
:10BB40000420039034E00E9841F20041C5F6020152
:10BB5000884203D1FFE70520029026E00E9841F6C7
:10BB60000001C5F60201884203D1FFE706200190DB
:10BB700018E00E9841F60041C5F60201884203D153
:10BB8000FFE7072000900AE00E9942F20042C5F656
:10BB900002020A20914208BF09200090FFE70098A6
:10BBA0000190FFE701980290FFE702980390FFE7FA
:10BBB00003980490FFE704980590FFE70598069026
:10BBC000FFE706980790FFE7089807990C9A02F09C
:10BBD00003029200914088422AD1FFE70B9A09990B
:10BBE0000868904308600B9A099948689043486038
:10BBF0000B9A0421C5F600010868904308600B9A6F
:10BC00004FF0B0410868904308600C9800F00300C2
:10BC100081000F2088400A900A9B0C9820F00301B5
:10BC200040F20842C5F60002885898438850FFE762
:10BC30000C984100032000FA01F30E9A1168194391
:10BC40001160DDF830C00CF007018A000F2101FA05
:10BC500002F30E996FF0030202EA5C020A44116AD1
:10BC6000994311620C99490000FA01F30E9AD168C8
:10BC70009943D1600C9A012101FA02F30E9A51689E
:10BC8000994351600C99490000FA01F20E998868B5
:10BC900090438860FFE70C9801300C90F6E60FB0F7
:10BCA00070470000000000008FB00E900D91002042
:10BCB0000C908020C5F600000990FFE70D98006801
:10BCC0000C99C840002800F0C181FFE70D9800687A
:10BCD0000C9A0121914008400B900B98002800F02D
:10BCE000B181FFE70D98406800F00300012807D0FC
:10BCF000FFE70D98406800F0030002282FD1FFE70E
:10BD00000E9880680A900C984100032000FA01F117
:10BD10000A9888430A900D98C0680C99490000FA67
:10BD200001F10A9808430A900A980E9988600E98C3
:10BD300040680A900C99012000FA01F10A988843A2
:10BD40000A900D984068C0F300100C9900FA01F1B8
:10BD50000A9808430A900A980E994860FFE70D98E0
:10BD6000406800F00300032818D0FFE70E98C06871
:10BD70000A900C984100032000FA01F10A988843C8
:10BD80000A900D9880680C99490000FA01F10A9810
:10BD900008430A900A980E99C860FFE70D9840681A
:10BDA00000F00300022826D1FFE70E980C996FF0EF
:10BDB000030202EA51010844006A0A900C9800F05C
:10BDC000070081000F2000FA01F10A9888430A90C9
:10BDD0000D9800690C9901F00701890000FA01F142
:10BDE0000A9808430A900A980E990C9B02EA53029B
:10BDF00011440862FFE70E9800680A900C98410011
:10BE0000032000FA01F10A9888430A900D984068CF
:10BE100000F003000C99490000FA01F10A98084368
:10BE20000A900A980E9908600D988079800700287A
:10BE300000F00781FFE7FFE744F2F440C5F6020097
:10BE4000016841F002010160006800F00200089002
:10BE50000898FFE70C9820F0030040F20841C5F66F
:10BE6000000140580A900C9800F0030081000F2058
:10BE700000FA01F10A9888430A900E980021C5F64D
:10BE80000201884203D1FFE7002007906CE00E9882
:10BE900040F20041C5F60201884203D1FFE70120CC
:10BEA00006905EE00E9840F60001C5F60201884259
:10BEB00003D1FFE70220059050E00E9840F60041C4
:10BEC000C5F60201884203D1FFE70320049042E057
:10BED0000E9841F20001C5F60201884203D1FFE746
:10BEE0000420039034E00E9841F20041C5F60201AF
:10BEF000884203D1FFE70520029026E00E9841F624
:10BF00000001C5F60201884203D1FFE70620019037
:10BF100018E00E9841F60041C5F60201884203D1AF
:10BF2000FFE7072000900AE00E9942F20042C5F6B2
:10BF300002020A20914208BF09200090FFE7009802
:10BF40000190FFE701980290FFE702980390FFE756
:10BF500003980490FFE704980590FFE70598069082
:10BF6000FFE706980790FFE707980C9901F0030197
:10BF7000890000FA01F10A9808430A900A980C997E
:10BF800021F0030140F20842C5F6000288504FF04C
:10BF9000B04000680A900B990A9888430A900D985F
:10BFA0008079C006002805D5FFE70B990A98084359
:10BFB0000A90FFE70A984FF0B04108600420C5F6E8
:10BFC000000000680A900B990A9888430A900D981F
:10BFD00080798006002805D5FFE70B990A98084369
:10BFE0000A90FFE70A980421C5F600010860099845
:10BFF00040680A900B990A9888430A900D988079B6
:10C000008007002805D5FFE70B990A9808430A9096
:10C01000FFE70A9809994860099800680A900B9907
:10C020000A9888430A900D988079C00728B1FFE7E5
:10C030000B990A9808430A90FFE70A980999086043
:10C04000FFE7FFE70C9801300C9037E60FB0704720
:10C0500082B00190ADF802108DF801209DF801002A
:10C0600028B1FFE7BDF802000199886105E0BDF83D
:10C070000200000401998861FFE702B070470000E8
:10C0800044F6D860C0F2000000687047000000006D
:10C0900083B001900091019890F8410020283BD195
:10C0A000FFE7FFE7019890F84000012804D1FFE77F
:10C0B00002208DF80B0033E00199012081F8400047
:10C0C000FFE7FFE70199242081F84100019801680A
:10C0D000086820F00100086001980168086820F4F1
:10C0E00080500860009A0198016808681043086051
:10C0F00001980168086840F001000860019920205B
:10C1000081F84100FFE70199002081F84000FFE736
:10C1100000208DF80B0003E002208DF80B00FFE7F4
:10C120009DF80B0003B0704784B002900191029813
:10C1300090F84100202840D1FFE7FFE7029890F8EF
:10C140004000012804D1FFE702208DF80F0038E0FD
:10C150000299012081F84000FFE7FFE702992420BF
:10C1600081F8410002980168086820F00100086029
:10C170000298006800680090009820F470600090B9
:10C180000199009840EA01200090009802990968FE
:10C19000086002980168086840F001000860029990
:10C1A000202081F84100FFE70299002081F840003B
:10C1B000FFE700208DF80F0003E002208DF80F004C
:10C1C000FFE79DF80F0004B070470000000000007A
:10C1D00080B582B00090009820B9FFE701208DF86B
:10C1E00007007BE0009890F8410040B9FFE7009914
:10C1F000002081F84000009800F076F8FFE70099F1
:10C20000242081F8410000980168086820F00100AE
:10C21000086000980168406820F07060086100982C
:10C220000168886820F4004088600098C068012890
:10C2300007D1FFE700980168806840F400408860FB
:10C2400006E000980168806840F404408860FFE7D9
:10C250000098C068022807D1FFE700980168486885
:10C2600040F40060486006E000980168486820F4E7
:10C2700000604860FFE700980168486848F20002E3
:10C28000C0F200221043486000980168C86820F49A
:10C290000040C860009A1168106953699269184398
:10C2A00040EA0220C860009A1168D069126A1043FF
:10C2B000086000980168086840F001000860009973
:10C2C00000204864009A202182F8411000990863F8
:10C2D000009981F842008DF80700FFE79DF80700FC
:10C2E00002B080BD0000000080B588B0079000203B
:10C2F000069005900490039002900798006845F618
:10C300000001C4F20001884231D1FFE7FFE744F2A7
:10C31000E040C5F60200016841F0020101600068DA
:10C3200000F0020001900198FFE74FF44060029096
:10C330001220039000200490032005900420069012
:10C3400040F20040C5F6020002A9FFF7ADFCFFE78E
:10C3500044F2E840C5F60200016841F48001016042
:10C36000006800F4800000900098FFE7FFE708B045
:10C3700080BD00000000000040F2E040C2F200007A
:10C38000027844F6D861C0F20001086810440860E1
:10C39000704700000000000080B582B0032000F06C
:10C3A0005FF903F0DDFF44F21842C5F6020211689E
:10C3B000C1F303234FF2B871C0F60201CB5C03F066
:10C3C0001F03D84000900098126802F00F02895CA9
:10C3D00001F01F01C84040F63C01C0F200010860B6
:10C3E000009840F2B421C2F2000108600F2000F072
:10C3F00013F820B1FFE701208DF8070005E000F0F9
:10C40000E3F800208DF80700FFE79DF8070002B071
:10C4100080BD00000000000080B590B00E900E9826
:10C420000F2810D8FFE70E991C200090002200F082
:10C43000FFF8009800F0F0F80E9840F2E441C2F2E4
:10C440000001086003E001208DF83F004CE0FFE7A9
:10C4500044F2E840C5F60200016841F001010160C4
:10C46000006800F0010001900198FFE706A802A90A
:10C4700003F0DEFE0B980490049820B9FFE703F068
:10C4800047FF059004E003F043FF40000590FFE7FD
:10C4900005984DF68361C4F21B31A0FB01014FF0FA
:10C4A000FF3000EB914003904DF66460C2F2000053
:10C4B0004FF08041016040F2E731C1600399416073
:10C4C00000210161816005F08FFE48B9FFE74DF65C
:10C4D0006460C2F2000005F0FBFE8DF83F0003E04F
:10C4E00001208DF83F00FFE79DF83F0010B080BDB0
:10C4F00010B581B00090009840784EF69851CEF279
:10C50000000108604EF6A051CEF20001086820F04C
:10C5100001000860009840684EF69C52CEF200027E
:10C520001060DDF800E09EF80C0000079EF80B207C
:10C5300040EA02609EF800209EF808309EF809C08C
:10C540009EF80A4040EAC4409EF80D4040EA84400C
:10C550009EF80E4040EA44409EF80FE040EA0E404C
:10C5600040EA0C2040EA43001043086001B010BDCF
:10C57000BFF35F8F4EF62451CEF20001086820F41D
:10C58000803008604EF69451CEF200010020086021
:10C59000704700000000000081B00090009840F05B
:10C5A00001004EF69451CEF2000108604EF624517F
:10C5B000CEF20001086840F480300860BFF34F8F6E
:10C5C000BFF36F8F01B0704780B582B0FFE744F2D0
:10C5D000F440C5F60200016841F002010160006804
:10C5E00000F0020001900198FFE76FF001000F21B9
:10C5F000002200F01DF802B080BD00000000000025
:10C6000080B582B0ADF80600BDF9060015F094FFC4
:10C6100002B080BD0000000080B582B0ADF8060019
:10C62000BDF9060015F0A4FF02B080BD00000000B7
:10C6300080B586B0ADF816000491039215F0B0FFF6
:10C640000290BDF91600019002980499039A0AF02D
:10C6500033F90146019815F0ABFF06B080BD00002C
:10C6600080B582B00190019815F0C6FF02B080BD80
:10C6700082B0019001980068009001990120C1F8F2
:10C68000D8040199002081F8CC04009A916941F006
:10C6900000619161009A516D0323C1F200031943B7
:10C6A000516502B07047000082B001908DF8031010
:10C6B00002B070470000000082B00190ADF8021097
:10C6C000BDF80200019909684862002002B0704775
:10C6D00084B003908DF80B10ADF808200398006823
:10C6E000406A00909DF80B0048B9FFE7BDF80810BC
:10C6F000009840EA014003990968886233E0039892
:10C700000068816A009800EB1140009000208DF8CD
:10C710000700FFE79DF807009DF80B1001398842DC
:10C7200013D2FFE7039800689DF8071000EB810023
:10C73000D0F80411009800EB11400090FFE79DF83D
:10C74000070001308DF80700E4E7BDF808100098F5
:10C7500040EA0140039909689DF80B2001EB820132
:10C76000C1F80001FFE7002004B07047000000009E
:10C7700080B582B001900198D0F8E00411F0B4FFC8
:10C7800002B080BD0000000080B582B001908DF83D
:10C790000310019AD2F8E0049DF8031001EBC103E5
:10C7A00002EB8302126A11F0FBFD02B080BD0000B3
:10C7B00080B582B001908DF80310019AD2F8E004A0
:10C7C0009DF8031001EBC10302EB8302D2F8602253
:10C7D00011F0AEFE02B080BD80B582B0019001982C
:10C7E000D0F8E00411F088FF02B080BD0000000026
:10C7F00080B584B003908DF80B109DF80B000006F7
:10C8000000280CD5FFE703989DF80B1001F00F01ED
:10C8100001EBC10100EB8100143001900CE00398A2
:10C820009DF80B1001F00F0101EBC10100EB81003D
:10C8300000F515700190FFE703980068019913F067
:10C8400007FD8DF80A009DF80A0004B080BD0000C5
:10C8500080B584B002908DF807109DF8070000069F
:10C8600000280FD5FFE702989DF8071001F00F018F
:10C8700001EBC10100EB8100143000900099012010
:10C8800048700FE002989DF8071001F00F0101EBCE
:10C89000C10100EB810000F51570009000990020A7
:10C8A0004870FFE79DF8070000F00F00009908703E
:10C8B000FFE7029890F89404012804D1FFE70220D2
:10C8C0008DF80F0014E00299012081F89404FFE72D
:10C8D000FFE702980068009912F0B2FFFFE70299A3
:10C8E000002081F89404FFE700208DF80F00FFE797
:10C8F0009DF80F0004B080BD80B584B002908DF823
:10C9000007109DF8070000F00F000299097988428E
:10C9100004D9FFE701208DF80F004DE09DF80700D6
:10C92000000600280FD5FFE702989DF8071001F0D8
:10C930000F0101EBC10100EB810014300090009960
:10C94000012048700FE002989DF8071001F00F01D8
:10C9500001EBC10100EB810000F51570009000991A
:10C9600000204870FFE70099002088709DF80700BC
:10C9700000F00F0000990870FFE7029890F8940407
:10C98000012804D1FFE702208DF80F0014E002997E
:10C99000012081F89404FFE7FFE7029800680099FE
:10C9A00013F0BEF9FFE70299002081F89404FFE735
:10C9B00000208DF80F00FFE79DF80F0004B080BD48
:10C9C00082B001908DF8031001989DF8031001F0DA
:10C9D0000F0101EBC10100EB8100D0F8680202B049
:10C9E000704700000000000080B586B004908DF80C
:10C9F0000F10ADF80C208DF80B3000208DF80A00D8
:10CA00009DF80F00000600280FD5FFE704989DF859
:10CA10000F1001F00F0101EBC10100EB8100143098
:10CA200001900199012048700FE004989DF80F10C3
:10CA300001F00F0101EBC10100EB810000F5157061
:10CA40000190019900204870FFE79DF80F0000F069
:10CA50000F0001990870BDF80C00019988609DF8DD
:10CA60000B00019908710198407820B1FFE7019906
:10CA700008784883FFE79DF80B00022804D1FFE700
:10CA8000019900204871FFE7FFE7049890F89404AB
:10CA9000012804D1FFE702208DF8170015E0049962
:10CAA000012081F89404FFE7FFE7049800680199EA
:10CAB00012F08AFDFFE70499002081F89404FFE753
:10CAC0009DF80A008DF81700FFE79DF8170006B0E3
:10CAD00080BD00000000000080B586B005908DF894
:10CAE00013100392029305989DF8131001F00F01A3
:10CAF00001EBC10100EB810000F515700190039876
:10CB00000199C86002980199086101990020486163
:10CB1000019948709DF8130000F00F00019908700A
:10CB200005988079012804D1FFE703980199C8612D
:10CB3000FFE7059A10680199927913F095F90020A2
:10CB400006B080BD0000000080B584B002908DF872
:10CB500007109DF8070000F00F000299097988423C
:10CB600004D9FFE701208DF80F0058E09DF8070079
:10CB7000000600280FD5FFE702989DF8071001F086
:10CB80000F0101EBC10100EB81001430009000990E
:10CB9000012048700DE002989DF8071001EBC101DB
:10CBA00000EB810000F5157000900099002048709E
:10CBB000FFE70099012088709DF8070000F00F0042
:10CBC00000990870FFE7029890F89404012804D1B6
:10CBD000FFE702208DF80F0021E00299012081F883
:10CBE0009404FFE7FFE702980068009913F0E8F863
:10CBF0009DF80700000740B9FFE7029A1068917995
:10CC000002F29C4213F03CF8FFE7FFE70299002094
:10CC100081F89404FFE700208DF80F00FFE79DF8EE
:10CC20000F0004B080BD000080B586B005908DF87F
:10CC300013100392029305989DF8131001F00F0151
:10CC400001EBC10100EB81001430019003980199C0
:10CC5000C860029801990861019900204861019912
:10CC6000012048709DF8130000F00F000199087032
:10CC700005988079012804D1FFE703980199C861DC
:10CC8000FFE7059A10680199927913F0EDF80020FA
:10CC900006B080BD0000000080B58CB00B900B98F2
:10CCA00000680A900A9809900B98006813F010FC2D
:10CCB000002840F03384FFE70B98006813F084FCF1
:10CCC00010B9FFE700F02ABC0998D0F80808C0F3B3
:10CCD0000D200B99C1F8D4040B98006813F074FC74
:10CCE0008007002807D5FFE70B980168486900F026
:10CCF00002004861FFE70B98006813F065FCC0066E
:10CD0000002862D5FFE70B980168886920F01000C1
:10CD100088610A98006A02900B98029901F00F014D
:10CD200001EBC10100EB810000F51570089002983D
:10CD300000F4F0110220B0EB514F23D1FFE7BDF812
:10CD4000080047F6F07108421BD0FFE70A980899DF
:10CD5000C968029AC2F30A1213F046FC029847F619
:10CD6000F07100EA0103089AD06800EB1310D0605C
:10CD7000029800EA01020899486900EB1210486124
:10CD8000FFE71BE0029800F4F0110620B0EB514FD2
:10CD900012D1FFE70A980B9901F29C41082213F087
:10CDA00023FC029847F6F07100EA010208994869ED
:10CDB00000EB1210486100E0FFE7FFE70B98016805
:10CDC000886940F010008861FFE70B98006813F055
:10CDD000FBFB0003002840F1A680FFE70020049041
:10CDE0000B98006813F09CFB0690FFE7069800285C
:10CDF00000F09880FFE79DF81800C007002800F0B9
:10CE00008A80FFE70B9800689DF8101013F0C4FBB0
:10CE100005909DF81400C00760B1FFE709980499D8
:10CE200000EB41110120C1F8080B0B98049909F09F
:10CE3000CBFDFFE79DF81400000700280CD5FFE7A5
:10CE40000998049900EB41110820C1F8080B0B98D0
:10CE5000049909F071FDFFE79DF81400C006002851
:10CE600008D5FFE70998049900EB41111020C1F89B
:10CE7000080BFFE79DF81400800700282DD5FFE779
:10CE80000A9840690006002808D5FFE70999D1F8FB
:10CE9000040840F48060C1F80408FFE70B98049987
:10CEA00001EBC10100EB810000F5157008900898B6
:10CEB000C078012809D1FFE708990020C8700B98B5
:10CEC0009DF8101000F03CFBFFE70998049900EB77
:10CED00041110220C1F8080BFFE79DF814008006FD
:10CEE000002808D5FFE70998049900EB411120209C
:10CEF000C1F8080BFFE79DF815008006002809D54A
:10CF0000FFE70998049900EB41114FF40050C1F874
:10CF1000080BFFE7FFE704980130049006984008EB
:10CF2000069063E7FFE70B98006813F04DFB4003A2
:10CF3000002840F1C680FFE70B98006813F0DCFA88
:10CF4000069000200490FFE70698002800F0B880C3
:10CF5000FFE79DF81800C007002800F0AA80FFE74F
:10CF60000B9800689DF8101013F0EEFA05909DF8EC
:10CF70001400C00700283ED0FFE7049800F00F011E
:10CF8000012000FA01F10391039B099AD2F83418A9
:10CF90009943C2F834180999049A01EB4211C1F877
:10CFA00008090B98807901281FD1FFE70B98049995
:10CFB00001EBC10100EB8101CA69086A10440862F3
:10CFC000049888B9FFE70B98049901EBC10100EBC5
:10CFD0008100406A40B9FFE70B99086801F29C4262
:10CFE000012112F04DFEFFE7FFE70B989DF81010AE
:10CFF000FFF7CAFBFFE79DF814000007002808D5DB
:10D00000FFE70998049900EB41110820C1F80809CD
:10D01000FFE79DF81400C006002808D5FFE709982F
:10D02000049900EB41111020C1F80809FFE79DF8B1
:10D0300014004006002808D5FFE70998049900EB82
:10D0400041114020C1F80809FFE79DF8140080074E
:10D05000002822D5FFE70A98049913F0D1F90B981C
:10D06000049901EBC10100EB81001430089008988D
:10D07000C078012809D1FFE708990020C8700B98F3
:10D080009DF8101000F04CFAFFE70998049900EBA6
:10D0900041110220C1F80809FFE79DF814000006BD
:10D0A000002805D5FFE70B98049909F071FDFFE70B
:10D0B000FFE704980130049006984008069043E783
:10D0C000FFE70B98006813F07FFAC00F00B3FFE78B
:10D0D0000999D1F8040820F00100C1F804080B9860
:10D0E00090F8CC04012808D1FFE70B98002180F8C4
:10D0F000CC140B98FFF7D8FA03E00B9800F0B8FBBC
:10D10000FFE70B980168486900F000404861FFE7BD
:10D110000B98006813F058FA0005002811D5FFE7B6
:10D120000998D0F80808C00720B1FFE70B9800F075
:10D1300033FCFFE70B980168486900F40060486120
:10D14000FFE70B98006813F03FFA0001002820D594
:10D15000FFE70B980168486900F0006048610B9890
:10D1600090F8CC0480B9FFE70B98012180F8CC142B
:10D170000B980068406DC0F383000B9AC2F8D0048E
:10D180000B98FFF791FA03E00B9800F005FCFFE71E
:10D19000FFE70B98006813F017FAC004002840F16D
:10D1A0008680FFE70999D1F8040820F00100C1F852
:10D1B00004080B980068102113F022F90020079052
:10D1C000FFE707980B990979884231D2FFE7099860
:10D1D000079900EB41114FF67F30C1F80809099912
:10D1E000079A01EB4212D2F8001921F40011C2F89B
:10D1F00000190999079A01EB4211C1F8080B099827
:10D20000079900EB4111D1F8000B20F40010C1F890
:10D21000000B0998079900EB4111D1F8000B40F081
:10D220000060C1F8000BFFE7079801300790C8E7DE
:10D230000999D1F81C0840F00110C1F81C080B989E
:10D24000C07B78B1FFE70999D1F8840840F00B0062
:10D25000C1F884080999D1F8440840F00B00C1F8DE
:10D2600044080FE00999D1F8140842F22B02104348
:10D27000C1F814080999D1F8100840F00B00C1F862
:10D280001008FFE70999D1F8000820F4FE60C1F802
:10D2900000080B9A1068917902F29C4212F0F0FC9F
:10D2A0000B980168486900F480504861FFE70B98CB
:10D2B000006813F089F9800400281FD5FFE70B9858
:10D2C000006812F0F1F90B98006813F0D9F80B9987
:10D2D000C8710B980068019002F0EEFF01460198BA
:10D2E0000B9AD27913F07CFA0B9800F095FA0B9810
:10D2F0000168486900F400504861FFE70B98006836
:10D3000013F062F9000700280AD5FFE70B9800F038
:10D31000BBFA0B980168486900F008004861FFE714
:10D320000B98006813F050F90006002825D5FFE798
:10D330000A99886920F08000886101200490FFE745
:10D3400004980B990979884216D2FFE70B98049943
:10D3500001EBC10100EB810090F85702012806D1D2
:10D36000FFE70B989DF81010FFF742FAFFE7FFE781
:10D37000049801300490E3E7FFE70B98006813F08E
:10D3800023F9C00200283CD5FFE701200490FFE705
:10D3900004980B99097988422CD2FFE709980499DF
:10D3A00000EB4110D0F8000902900B98049901EBB2
:10D3B000C10100EB8100007E012816D1FFE79DF836
:10D3C0000B000006002810D5FFE70B98049901EB2D
:10D3D000C10100EB81010120C8750B989DF8101068
:10D3E00041F08001FFF704FAFFE7FFE704980130FE
:10D3F0000490CDE70B980168486900F480104861FB
:10D40000FFE70B98006813F0DFF88002002855D57D
:10D41000FFE701200490FFE704980B9909798842FF
:10D4200045D2FFE70998049900EB4110D0F8000BB2
:10D4300002900B98049901EBC10100EB810090F878
:10D44000580201282ED1FFE79DF80B0000060028A6
:10D4500028D5FFE7029800F480300B99D1F8D41456
:10D4600001F0010188421DD1FFE70B98049901EBFF
:10D47000C10100EB8101012081F857020A998869F6
:10D4800040F0800088610A9840690006002808D4AE
:10D49000FFE70999D1F8040840F40070C1F80408C6
:10D4A00005E0FFE7FFE7049801300490B4E70B982C
:10D4B0000168486900F400104861FFE70B980068B4
:10D4C00013F082F8400000280AD5FFE70B98FFF719
:10D4D0004FF90B980168486900F080404861FFE708
:10D4E0000B98006813F070F84007002815D5FFE787
:10D4F0000B980068406802909DF8080040070028DB
:10D5000004D5FFE70B98FFF767F9FFE7029A0B983E
:10D510000168486810434860FFE7FFE70CB080BD32
:10D5200080B582B001908DF803100198D0F8E00426
:10D530009DF8031011F084F902B080BD00000000D6
:10D5400080B582B001908DF803100198D0F8E00406
:10D550009DF8031011F0ACF902B080BD000000008E
:10D5600080B58CB00A900A9820B9FFE701208DF8A9
:10D570002F000EE10A9890F8950440B9FFE70A9948
:10D58000002081F894040A9800F00AF9FFE70A994C
:10D59000032081F895040A98006812F065FB0A9B45
:10D5A0001868197C8DF8201059689A68DB68079311
:10D5B000069205910599069A079BDDF820C0EE4674
:10D5C000CEF800C012F088F840B1FFE70A990220B7
:10D5D00081F8950401208DF82F00DAE00A980068A0
:10D5E000002113F05DF840B1FFE70A99022081F8AD
:10D5F000950401208DF82F00CBE000208DF8270046
:10D60000FFE79DF827000A990979884241DAFFE788
:10D610000A989DF8271001EBC10100EB8101012060
:10D6200048759DF827000A9900EBC00201EB8201C2
:10D6300008759DF827000A9900EBC00201EB8201F2
:10D64000C8850A989DF8271001EBC10100EB810104
:10D65000002008760A999DF8272002EBC20201EB10
:10D660008201C8610A999DF8272002EBC20201EBF2
:10D67000820108620A999DF8272002EBC20201EBA1
:10D6800082014862FFE79DF8270001308DF82700EE
:10D69000B7E700208DF82700FFE79DF827000A99DB
:10D6A000097988423EDAFFE70A989DF8271001EBD6
:10D6B000C10100EB8101002081F855029DF827107F
:10D6C0000A9A01EBC10302EB830282F854120A9911
:10D6D0009DF8272002EBC20201EB820181F858027B
:10D6E0000A999DF8272002EBC20201EB8201C1F8E2
:10D6F0005C020A999DF8272002EBC20201EB82012D
:10D70000C1F860020A999DF8272002EBC20201EBE2
:10D710008201C1F86402FFE79DF8270001308DF80F
:10D720002700BAE70A9B1868197C8DF81010596811
:10D730009A68DB680393029201910199029A039B14
:10D74000DDF810C0EE46CEF800C012F045F940B149
:10D75000FFE70A99022081F8950401208DF82F0037
:10D7600017E00A99002048740A99012081F895046D
:10D770000A98007B012804D1FFE70A98FEF778FF9A
:10D78000FFE70A98006812F00FF900208DF82F00CB
:10D79000FFE79DF82F000CB080BD000000000000E6
:10D7A00080B5B2B0319002A8B821F3F743F83198B0
:10D7B00000680021C4F2040188422BD1FFE7002059
:10D7C00003904FF4802002904FF44010239002A861
:10D7D00001F0EAFA18B1FFE7F7F732FBFFE700F0D4
:10D7E0004FF9FFE744F2D840C5F60200016841F066
:10D7F00000710160006800F0007001900198FFE77F
:10D800004D20009005210022FEF712FF0098FEF740
:10D8100003FFFFE732B080BD80B582B001900120E8
:10D820008DF803000198C07920B9FFE700208DF83A
:10D8300003000CE00198C079022804D1FFE7012021
:10D840008DF8030002E0F7F7FBFAFFE7FFE7019826
:10D85000D0F8E0049DF8031011F032F90198D0F8E7
:10D86000E00411F0A9F802B080BD00000000000043
:10D8700080B582B001900198D0F8E00411F0ECF886
:10D8800002B080BD0000000080B582B00190019818
:10D89000D0F8E00411F0F4F802B080BD0000000000
:10D8A00080B584B002908DF80710FFE7029890F8D9
:10D8B0009404012804D1FFE702208DF80F0019E03D
:10D8C0000299012081F89404FFE7FFE79DF8070023
:10D8D00002994874029800689DF8071012F050FFF2
:10D8E000FFE70299002081F89404FFE700208DF8FB
:10D8F0000F00FFE79DF80F0004B080BD000000009E
:10D9000080B582B001900199D1F8E00401F29C4108
:10D9100011F002F902B080BD80B584B00290029887
:10D9200000680190FFE7029890F89404012804D160
:10D93000FFE702208DF80F0028E00299012081F80E
:10D940009404FFE7FFE70198C068400600280BD564
:10D95000FFE70298407B012806D1FFE70199886B19
:10D9600040F480308863FFE70298006812F000FD01
:10D970000298006812F000F8FFE70299002081F891
:10D980009404FFE700208DF80F00FFE79DF80F00DB
:10D9900004B080BD0000000080B582B00190019805
:10D9A000D0F8E00411F040F901980168D1F8000EB8
:10D9B00040F00100C1F8000E0198C07A48B1FFE7BD
:10D9C0004EF61051CEF20001086840F006000860E3
:10D9D000FFE702B080BD000080B584B0029044F63D
:10D9E0000C00C5F60200006800F004010020B0EB56
:10D9F000910F13D1FFE744F60C00C5F60200006852
:10DA000000F007000299884204D0FFE701208DF85A
:10DA10000F002EE000208DF80F002AE044F60C01E4
:10DA2000C5F60201086820F00700029A104308605A
:10DA3000FEF726FB0190FFE744F60400C5F602005E
:10DA4000006800F400510020B0EB513F0DD1FFE71A
:10DA5000FEF716FB0199401AB0F57A7F04D9FFE76B
:10DA600001208DF80F0004E0E6E700208DF80F009C
:10DA7000FFE79DF80F0004B080BD0000000000002B
:10DA800044F60C01C5F60201086840F08070086099
:10DA9000704700000000000080B502F00DFC44F269
:10DAA0002041C5F602010968C1F302124FF2B871B4
:10DAB000C0F60201895C01F01F01C84080BD000072
:10DAC00088B0079044F22840C5F60200016801F0D2
:10DAD000030106910068C0F30510059044F22C4044
:10DAE000C5F60200006800F001000490049844F2BA
:10DAF0003441C5F60201096889B2C908484300EEFD
:10DB0000100AB8EE400A8DED020A0598002800F0D0
:10DB10001B81FFE70698009048B1FFE700980128B5
:10DB200069D0FFE70098022800F08980ABE044F25A
:10DB30000040C5F60200006800F020010020B0EBB4
:10DB4000511F33D0FFE744F20040C5F602000068E1
:10DB5000C0F3C10149F20000C0F2D030C8400390C8
:10DB60009DED030AB8EE400A9DED051AB8EE411A84
:10DB700080EE010A44F23040C5F6020000686FF3FF
:10DB80005F2001EE100AB8EE411A9DED022A9FEDCA
:10DB9000743A82EE032A31EE021AB7EE002A31EE11
:10DBA000021A20EE010A8DED010A23E09DED050A1F
:10DBB000B8EE401A9FED6C0A80EE010A44F2304044
:10DBC000C5F6020000686FF35F2001EE100AB8EEA0
:10DBD000411A9DED022A9FED623A82EE032A31EE50
:10DBE000021AB7EE002A31EE021A20EE010A8DED7C
:10DBF000010AFFE76BE09DED050AB8EE401A9FEDC4
:10DC0000590A80EE010A44F23040C5F6020000686D
:10DC10006FF35F2001EE100AB8EE411A9DED022A63
:10DC20009FED4F3A82EE032A31EE021AB7EE002A38
:10DC300031EE021A20EE010A8DED010A47E09DED5A
:10DC4000050AB8EE401A9FED450A80EE010A44F23B
:10DC50003040C5F6020000686FF35F2001EE100A45
:10DC6000B8EE411A9DED022A9FED3D3A82EE032A5D
:10DC700031EE021AB7EE002A31EE021A20EE010A46
:10DC80008DED010A23E09DED050AB8EE401A9FEDE7
:10DC9000360A80EE010A44F23040C5F60200006800
:10DCA0006FF35F2001EE100AB8EE411A9DED022AD3
:10DCB0009FED2B3A82EE032A31EE021AB7EE002ACC
:10DCC00031EE021A20EE010A8DED010AFFE79DED0B
:10DCD000010A44F23040C5F60200016889B2490ADF
:10DCE00001EE101AB8EE411AB7EE002A31EE021A10
:10DCF00080EE010A0799BCEEC00A81ED000A9DED95
:10DD0000010A0168C1F3064101EE101AB8EE411A8A
:10DD100031EE021A80EE010A0799BCEEC00A81EDCD
:10DD2000010A9DED010A0068C0F3066001EE100AC9
:10DD3000B8EE411A31EE021A80EE010A0798BCEEE5
:10DD4000C00A80ED020A07E00799002008600799E1
:10DD5000486007998860FFE708B07047001BB74B21
:10DD6000000000460024744A0024744C00000000A7
:10DD700088B0079044F22840C5F60200016801F01F
:10DD8000030106910068C0F30530059044F22C4071
:10DD9000C5F602000068C0F300100490049844F235
:10DDA0003C41C5F60201096889B2C908484300EE42
:10DDB000100AB8EE400A8DED020A0598002800F01E
:10DDC0001B81FFE70698009048B1FFE70098012803
:10DDD00069D0FFE70098022800F08980ABE044F2A8
:10DDE0000040C5F60200006800F020010020B0EB02
:10DDF000511F33D0FFE744F20040C5F6020000682F
:10DE0000C0F3C10149F20000C0F2D030C840039015
:10DE10009DED030AB8EE400A9DED051AB8EE411AD1
:10DE200080EE010A44F23840C5F6020000686FF344
:10DE30005F2001EE100AB8EE411A9DED022A9FED17
:10DE4000743A82EE032A31EE021AB7EE002A31EE5E
:10DE5000021A20EE010A8DED010A23E09DED050A6C
:10DE6000B8EE401A9FED6C0A80EE010A44F2384089
:10DE7000C5F6020000686FF35F2001EE100AB8EEED
:10DE8000411A9DED022A9FED623A82EE032A31EE9D
:10DE9000021AB7EE002A31EE021A20EE010A8DEDC9
:10DEA000010AFFE76BE09DED050AB8EE401A9FED11
:10DEB000590A80EE010A44F23840C5F602000068B3
:10DEC0006FF35F2001EE100AB8EE411A9DED022AB1
:10DED0009FED4F3A82EE032A31EE021AB7EE002A86
:10DEE00031EE021A20EE010A8DED010A47E09DEDA8
:10DEF000050AB8EE401A9FED450A80EE010A44F289
:10DF00003840C5F6020000686FF35F2001EE100A8A
:10DF1000B8EE411A9DED022A9FED3D3A82EE032AAA
:10DF200031EE021AB7EE002A31EE021A20EE010A93
:10DF30008DED010A23E09DED050AB8EE401A9FED34
:10DF4000350A80EE010A44F23840C5F60200006846
:10DF50006FF35F2001EE100AB8EE411A9DED022A20
:10DF60009FED2B3A82EE032A31EE021AB7EE002A19
:10DF700031EE021A20EE010A8DED010AFFE79DED58
:10DF8000010A44F23840C5F60200016889B2490A24
:10DF900001EE101AB8EE411AB7EE002A31EE021A5D
:10DFA00080EE010A0799BCEEC00A81ED000A9DEDE2
:10DFB000010A0168C1F3064101EE101AB8EE411AD8
:10DFC00031EE021A80EE010A0799BCEEC00A81ED1B
:10DFD000010A9DED010A0068C0F3066001EE100A17
:10DFE000B8EE411A31EE021A80EE010A0798BCEE33
:10DFF000C00A80ED020A07E007990020086007992F
:10E00000486007998860FFE708B07047001BB74B6E
:10E01000000000460024744A0024744C00000000F4
:10E0200088B0079044F22840C5F60200016801F06C
:10E03000030106910068C0F30550059044F22C409E
:10E04000C5F602000068C0F300200490049844F272
:10E050004441C5F60201096889B2C908484300EE87
:10E06000100AB8EE400A8DED020A0598002800F06B
:10E070001B81FFE70698009048B1FFE70098012850
:10E0800069D0FFE70098022800F08980ABE044F2F5
:10E090000040C5F60200006800F020010020B0EB4F
:10E0A000511F33D0FFE744F20040C5F6020000687C
:10E0B000C0F3C10149F20000C0F2D030C840039063
:10E0C0009DED030AB8EE400A9DED051AB8EE411A1F
:10E0D00080EE010A44F24040C5F6020000686FF38A
:10E0E0005F2001EE100AB8EE411A9DED022A9FED65
:10E0F000743A82EE032A31EE021AB7EE002A31EEAC
:10E10000021A20EE010A8DED010A23E09DED050AB9
:10E11000B8EE401A9FED6C0A80EE010A44F24040CE
:10E12000C5F6020000686FF35F2001EE100AB8EE3A
:10E13000411A9DED022A9FED623A82EE032A31EEEA
:10E14000021AB7EE002A31EE021A20EE010A8DED16
:10E15000010AFFE76BE09DED050AB8EE401A9FED5E
:10E16000590A80EE010A44F24040C5F602000068F8
:10E170006FF35F2001EE100AB8EE411A9DED022AFE
:10E180009FED4F3A82EE032A31EE021AB7EE002AD3
:10E1900031EE021A20EE010A8DED010A47E09DEDF5
:10E1A000050AB8EE401A9FED450A80EE010A44F2D6
:10E1B0004040C5F6020000686FF35F2001EE100AD0
:10E1C000B8EE411A9DED022A9FED3D3A82EE032AF8
:10E1D00031EE021AB7EE002A31EE021A20EE010AE1
:10E1E0008DED010A23E09DED050AB8EE401A9FED82
:10E1F000350A80EE010A44F24040C5F6020000688C
:10E200006FF35F2001EE100AB8EE411A9DED022A6D
:10E210009FED2B3A82EE032A31EE021AB7EE002A66
:10E2200031EE021A20EE010A8DED010AFFE79DEDA5
:10E23000010A44F24040C5F60200016889B2490A69
:10E2400001EE101AB8EE411AB7EE002A31EE021AAA
:10E2500080EE010A0799BCEEC00A81ED000A9DED2F
:10E26000010A0168C1F3064101EE101AB8EE411A25
:10E2700031EE021A80EE010A0799BCEEC00A81ED68
:10E28000010A9DED010A0068C0F3066001EE100A64
:10E29000B8EE411A31EE021A80EE010A0798BCEE80
:10E2A000C00A80ED020A07E007990020086007997C
:10E2B000486007998860FFE708B07047001BB74BBC
:10E2C000000000460024744A0024744C0000000042
:10E2D00080B598B0179116901698179980F48070B1
:10E2E0000843002840F0A880FFE744F25040C5F6FC
:10E2F0000200006800F007000B900B9808900428BB
:10E3000000F295800899DFE801F00316298C3C00A3
:10E3100044F20040C5F6020000688001002806D5DE
:10E32000FFE713A8FFF7CCFB14980C9002E0002045
:10E330000C90FFE77EE044F20040C5F60200006862
:10E340000001002806D5FFE710A8FFF711FD10987F
:10E350000C9002E000200C90FFE76BE044F20040DC
:10E36000C5F6020000688000002806D5FFE70DA86A
:10E37000FFF756FE0D980C9002E000200C90FFE78E
:10E3800058E044F24C40C5F60200006800F04050EE
:10E390000A9044F20040C5F60200006840070028D9
:10E3A00011D5FFE70A9870B9FFE744F20040C5F6BF
:10E3B00002000068C0F3C10149F20000C0F2D03091
:10E3C000C8400C902CE044F20040C5F60200006802
:10E3D000C00500280BD5FFE70A98B0F1805F06D191
:10E3E000FFE740F60010C0F23D000C9017E044F249
:10E3F0000040C5F602000068800300280BD5FFE747
:10E400000A98B0F1005F06D1FFE743F20060C0F266
:10E410006E100C9002E000200C90FFE7FFE7FFE792
:10E4200008E048F20000C0F2BB000C9002E00020BF
:10E430000C90FFE700F0B2BC1698179980F480604A
:10E440000843002840F0B580FFE744F25840C5F685
:10E450000200006800F460000B900B980790A8B1D0
:10E46000FFE70798B0F5001F23D0FFE70798B0F546
:10E47000800F31D0FFE70798B0F5C00F00F08F8014
:10E48000FFE70798B0F5000F39D08EE044F2004066
:10E49000C5F6020000688001002806D5FFE713A832
:10E4A000FFF70EFB14980C9002E000200C90FFE7A1
:10E4B0007EE044F20040C5F602000068000100283A
:10E4C00006D5FFE710A8FFF753FC10980C9002E068
:10E4D00000200C90FFE76BE044F20040C5F602001C
:10E4E00000688000002806D5FFE70DA8FFF798FD1B
:10E4F0000D980C9002E000200C90FFE758E044F2E9
:10E500004C40C5F60200006800F040500A9044F20A
:10E510000040C5F6020000684007002811D5FFE75B
:10E520000A9870B9FFE744F20040C5F6020000689F
:10E53000C0F3C10149F20000C0F2D030C8400C90D5
:10E540002CE044F20040C5F602000068C005002837
:10E550000BD5FFE70A98B0F1805F06D1FFE740F6E0
:10E560000010C0F23D000C9017E044F20040C5F6E8
:10E5700002000068800300280BD5FFE70A98B0F17D
:10E58000005F06D1FFE743F20060C0F26E100C900E
:10E5900002E000200C90FFE7FFE7FFE708E048F209
:10E5A0000000C0F2BB000C9002E000200C90FFE7DE
:10E5B000F3E31698179980F400600843002840F0B0
:10E5C000B580FFE744F25840C5F60200006800F04D
:10E5D000E0600B900B980690A8B1FFE70698B0F1A9
:10E5E000807F23D0FFE70698B0F1007F31D0FFE7AE
:10E5F0000698B0F1407F00F08F80FFE70698B0F1F9
:10E60000806F39D08EE044F20040C5F60200006809
:10E610008001002806D5FFE713A8FFF751FA1498E8
:10E620000C9002E000200C90FFE77EE044F20040F6
:10E63000C5F6020000680001002806D5FFE710A813
:10E64000FFF796FB10980C9002E000200C90FFE77B
:10E650006BE044F20040C5F602000068800000282C
:10E6600006D5FFE70DA8FFF7DBFC0D980C9002E044
:10E6700000200C90FFE758E044F24C40C5F6020041
:10E68000006800F040500A9044F20040C5F60200D5
:10E6900000684007002811D5FFE70A9870B9FFE726
:10E6A00044F20040C5F602000068C0F3C10149F21F
:10E6B0000000C0F2D030C8400C902CE044F2004082
:10E6C000C5F602000068C00500280BD5FFE70A98D0
:10E6D000B0F1805F06D1FFE740F60010C0F23D00C8
:10E6E0000C9017E044F20040C5F602000068800379
:10E6F00000280BD5FFE70A98B0F1005F06D1FFE7CD
:10E7000043F20060C0F26E100C9002E000200C900A
:10E71000FFE7FFE7FFE708E048F20000C0F2BB00B8
:10E720000C9002E000200C90FFE735E31698179953
:10E7300080F480500843002840F0B580FFE744F2A1
:10E740005040C5F60200006800F4E04009900998C6
:10E750000590A8B1FFE70598B0F5805F23D0FFE7EB
:10E760000598B0F5005F31D0FFE70598B0F5405F40
:10E7700000F08F80FFE70598B0F5804F39D08EE02C
:10E7800044F20040C5F6020000688001002806D56A
:10E79000FFE713A8FFF794F914980C9002E000200B
:10E7A0000C90FFE77EE044F20040C5F602000068EE
:10E7B0000001002806D5FFE710A8FFF7D9FA109846
:10E7C0000C9002E000200C90FFE76BE044F2004068
:10E7D000C5F6020000688000002806D5FFE70DA8F6
:10E7E000FFF71EFC0D980C9002E000200C90FFE754
:10E7F00058E044F24C40C5F60200006800F040507A
:10E800000A9044F20040C5F6020000684007002864
:10E8100011D5FFE70A9870B9FFE744F20040C5F64A
:10E8200002000068C0F3C10149F20000C0F2D0301C
:10E83000C8400C902CE044F20040C5F6020000688D
:10E84000C00500280BD5FFE70A98B0F1805F06D11C
:10E85000FFE740F60010C0F23D000C9017E044F2D4
:10E860000040C5F602000068800300280BD5FFE7D2
:10E870000A98B0F1005F06D1FFE743F20060C0F2F2
:10E880006E100C9002E000200C90FFE7FFE7FFE71E
:10E8900008E048F20000C0F2BB000C9002E000204B
:10E8A0000C90FFE777E21698179980F40050084320
:10E8B000002840F09580FFE744F25040C5F6020082
:10E8C000006800F4E020099009980490C8B1FFE7BF
:10E8D0000498B0F5803F18D0FFE70498B0F5003FEA
:10E8E00026D0FFE70498B0F5403F34D0FFE7049806
:10E8F000B0F5802F4AD0FFE70498B0F5A02F58D08C
:10E900006AE001F005FD0C9069E044F20040C5F6B4
:10E91000020000680001002806D5FFE710A8FFF7F5
:10E9200027FA11980C9002E000200C90FFE756E0C7
:10E9300044F20040C5F6020000688000002806D5B9
:10E94000FFE70DA8FFF76CFB0E980C9002E000208B
:10E950000C90FFE743E044F20040C5F60200006877
:10E96000400700280ED5FFE744F20040C5F602003C
:10E970000068C0F3C10149F20000C0F2D030C840C5
:10E980000C9002E000200C90FFE728E044F20040E9
:10E99000C5F602000068C005002806D5FFE740F66E
:10E9A0000010C0F23D000C9002E000200C90FFE748
:10E9B00015E044F20040C5F602000068800300281C
:10E9C00006D5FFE743F20060C0F26E100C9002E043
:10E9D00000200C90FFE702E000200C90FFE7D9E157
:10E9E0001698179980F400200843002840F0918081
:10E9F000FFE744F25840C5F60200006800F44030DA
:10EA000009900998039050B1FFE70398B0F5803F53
:10EA100018D0FFE70398B0F5003F26D075E044F228
:10EA20000040C5F6020000680001002806D5FFE797
:10EA300010A8FFF79DF910980C9002E000200C90B0
:10EA4000FFE765E044F20040C5F602000068800080
:10EA5000002806D5FFE70DA8FFF7E2FA0F980C9003
:10EA600002E000200C90FFE752E044F24C40C5F673
:10EA70000200006800F040500A9044F20040C5F6E1
:10EA8000020000684007002811D5FFE70A9870B916
:10EA9000FFE744F20040C5F602000068C0F3C10180
:10EAA00049F20000C0F2D030C8400C902CE044F293
:10EAB0000040C5F602000068C00500280BD5FFE73E
:10EAC0000A98B0F1805F06D1FFE740F60010C0F26F
:10EAD0003D000C9017E044F20040C5F602000068CB
:10EAE000800300280BD5FFE70A98B0F1005F06D13C
:10EAF000FFE743F20060C0F26E100C9002E00020CD
:10EB00000C90FFE7FFE7FFE702E000200C90FFE733
:10EB10003FE11698179980F480300843D8BBFFE78F
:10EB200044F24C40C5F60200006800F480300990C1
:10EB30000998029028B1FFE70298B0F5803F13D002
:10EB400025E044F20040C5F602000068800100287C
:10EB500006D5FFE713A8FEF7B3FF14980C9002E068
:10EB600000200C90FFE715E044F20040C5F60200DB
:10EB700000680001002806D5FFE710A8FFF7F8F8A5
:10EB800012980C9002E000200C90FFE702E00020B9
:10EB90000C90FFE7FCE01698179980F4804008433A
:10EBA000002840F09580FFE744F25840C5F6020087
:10EBB000006800F0E040099009980190C8B1FFE7B3
:10EBC0000198B0F1805F18D0FFE70198B0F1005FC5
:10EBD00026D0FFE70198B0F1405F34D0FFE70198FD
:10EBE000B0F1804F4AD0FFE70198B0F1A04F58D064
:10EBF0006AE0FEF751FF0C9069E044F20040C5F670
:10EC0000020000680001002806D5FFE710A8FFF702
:10EC1000AFF811980C9002E000200C90FFE756E04E
:10EC200044F20040C5F6020000688000002806D5C6
:10EC3000FFE70DA8FFF7F4F90E980C9002E0002012
:10EC40000C90FFE743E044F20040C5F60200006884
:10EC5000400700280ED5FFE744F20040C5F6020049
:10EC60000068C0F3C10149F20000C0F2D030C840D2
:10EC70000C9002E000200C90FFE728E044F20040F6
:10EC8000C5F602000068C005002806D5FFE740F67B
:10EC90000010C0F23D000C9002E000200C90FFE755
:10ECA00015E044F20040C5F6020000688003002829
:10ECB00006D5FFE743F20060C0F26E100C9002E050
:10ECC00000200C90FFE702E000200C90FFE75EE0E0
:10ECD0001698179980F400400843002853D1FFE7A5
:10ECE00044F25040C5F60200006800F04050099020
:10ECF0000998009050B1FFE70098B0F1805F18D0FC
:10ED0000FFE70098B0F1005F26D038E044F2004001
:10ED1000C5F6020000688003002806D5FFE743F22D
:10ED20000060C0F26E100C9002E000200C90FFE733
:10ED300028E044F20040C5F6020000688001002887
:10ED400006D5FFE713A8FEF7BBFE14980C9002E06F
:10ED500000200C90FFE715E044F20040C5F60200E9
:10ED600000680001002806D5FFE710A8FFF700F8AB
:10ED700011980C9002E000200C90FFE702E00020C8
:10ED80000C90FFE702E000200C90FFE7FFE7FFE7B1
:10ED9000FFE7FFE7FFE7FFE7FFE7FFE70C9818B0A3
:10EDA00080BD00000000000080B59AB018900020DF
:10EDB0008DF857008DF856001898C0780007002885
:10EDC00048D5FFE71898406E149078B1FFE7149883
:10EDD000B0F5801F13D0FFE71498B0F5001F16D0D0
:10EDE000FFE71498B0F5401F19D019E044F22C4108
:10EDF000C5F60201086840F40030086014E0189875
:10EE00000830022109F0B4F88DF857000CE018988A
:10EE10002830022109F094F98DF8570004E003E04E
:10EE200001208DF85700FFE79DF8570060B9FFE714
:10EE300044F25041C5F60201086820F44010189AC7
:10EE4000526E1043086004E09DF857008DF856009C
:10EE5000FFE7FFE718984078C007002840D0FFE799
:10EE60001898806D1390042820D81399DFE801F0DA
:10EE7000030C141C1D0044F22C41C5F60201086865
:10EE800040F40030086015E018980830002109F0BF
:10EE90006FF88DF857000DE018982830002109F020
:10EEA0004FF98DF8570005E004E003E001208DF8EC
:10EEB0005700FFE79DF8570060B9FFE744F2504163
:10EEC000C5F60201086820F00700189A926D1043F9
:10EED000086004E09DF857008DF85600FFE7FFE753
:10EEE000189840784007002856D5FFE71898D0F8C2
:10EEF000A4001290C8B1FFE71298B0F5001F1DD012
:10EF0000FFE71298B0F5800F20D0FFE71298B0F518
:10EF1000C00F23D0FFE71298B0F5000F1FD0FFE716
:10EF20001298B0F5200F1BD01BE044F22C41C5F61F
:10EF30000201086840F40030086016E018980830B4
:10EF4000002109F015F88DF857000EE018982830C8
:10EF5000002109F0F5F88DF8570006E005E004E01F
:10EF600003E001208DF85700FFE79DF8570068B9CE
:10EF7000FFE744F25841C5F60201086820F460003A
:10EF8000189AD2F8A4201043086004E09DF85700B6
:10EF90008DF85600FFE7FFE7189840780007002833
:10EFA00056D5FFE71898D0F8A8001190C8B1FFE730
:10EFB0001198B0F1807F1DD0FFE71198B0F1007F6C
:10EFC00020D0FFE71198B0F1407F23D0FFE71198E0
:10EFD000B0F1806F1FD0FFE71198B0F1A06F1BD088
:10EFE0001BE044F22C41C5F60201086840F40030F1
:10EFF000086016E018980830002108F0B9FF8DF875
:10F0000057000EE018982830002109F099F88DF883
:10F01000570006E005E004E003E001208DF857000A
:10F02000FFE79DF8570068B9FFE744F25841C5F67D
:10F030000201086820F0E060189AD2F8A820104376
:10F04000086004E09DF857008DF85600FFE7FFE7E1
:10F050001898C078800700283ED5FFE71898C06C44
:10F060001090F0B1FFE71098102808D0FFE7109833
:10F0700020280DD0FFE71098302811D012E044F27C
:10F080002C41C5F60201086840F4003008600DE02C
:10F0900018980830022108F06BFF8DF8570005E042
:10F0A00004E003E001208DF85700FFE79DF85700CA
:10F0B00060B9FFE744F24C41C5F60201086820F050
:10F0C0003000189AD26C1043086004E09DF8570095
:10F0D0008DF85600FFE7FFE718984078C006002833
:10F0E0004ED5FFE71898C06D0F90A0B1FFE70F98BD
:10F0F000B0F5805F18D0FFE70F98B0F5005F1BD028
:10F10000FFE70F98B0F5405F1ED0FFE70F98B0F50E
:10F11000804F1AD01AE044F22C41C5F6020108686B
:10F1200040F40030086015E018980830002108F01D
:10F130001FFF8DF857000DE018982830002108F0C7
:10F14000FFFF8DF8570005E004E003E001208DF893
:10F150005700FFE79DF8570060B9FFE744F25041C0
:10F16000C5F60201086820F4E040189AD26D1043F9
:10F17000086004E09DF857008DF85600FFE7FFE7B0
:10F1800018984078800600284CD5FFE71898006E44
:10F190000E90C8B1FFE70E98B0F5803F15D0FFE79D
:10F1A0000E98B0F5003F18D0FFE70E98B0F5403F3D
:10F1B0001BD0FFE70E98B0F5802F17D0FFE70E9811
:10F1C000B0F5A02F13D013E016E0189808300121F5
:10F1D00008F0CEFE8DF857000EE018982830012177
:10F1E00008F0AEFF8DF8570006E005E004E003E00C
:10F1F00001208DF85700FFE79DF8570060B9FFE741
:10F2000044F25041C5F60201086820F4E020189A43
:10F21000126E1043086004E09DF857008DF8560008
:10F22000FFE7FFE718984078400600284ED5FFE733
:10F230001898D0F8AC000D90C8B1FFE70D98B0F168
:10F24000805F15D0FFE70D98B0F1005F18D0FFE7A1
:10F250000D98B0F1405F1BD0FFE70D98B0F1804FE3
:10F2600017D0FFE70D98B0F1A04F13D013E016E0D0
:10F2700018980830012108F07BFE8DF857000EE049
:10F2800018982830012108F05BFF8DF8570006E040
:10F2900005E004E003E001208DF85700FFE79DF84A
:10F2A000570068B9FFE744F25841C5F60201086803
:10F2B00020F0E040189AD2F8AC201043086004E037
:10F2C0009DF857008DF85600FFE7FFE71898407843
:10F2D000000600283BD5FFE71898C06E0C90D8B107
:10F2E000FFE70C98B0F1805F05D0FFE70C98B0F114
:10F2F000005F09D011E044F22C41C5F60201086814
:10F3000040F4003008600CE018980830012108F043
:10F310002FFE8DF8570004E003E001208DF8570020
:10F32000FFE79DF8570060B9FFE744F25041C5F68A
:10F330000201086820F04050189AD26E104308600D
:10F3400004E09DF857008DF85600FFE7FFE7189896
:10F35000C078C007002837D0FFE71898806C0B9062
:10F36000032817D80B99DFE801F014020B1344F2BD
:10F370002C41C5F60201086840F4003008600DE039
:10F3800018980830022108F0F3FD8DF8570005E0C9
:10F3900004E003E001208DF85700FFE79DF85700D7
:10F3A00060B9FFE744F24C41C5F60201086820F05D
:10F3B0000300189A926C1043086004E09DF857000F
:10F3C0008DF85600FFE7FFE7189880784006002880
:10F3D00040F1B480FFE744F60001C5F60201086879
:10F3E00040F480700860FCF74BFE1690FFE744F68F
:10F3F0000000C5F602000068C00500280CD4FFE735
:10F40000FCF73EFE1699401A652804D3FFE7032057
:10F410008DF8570000E0EAE79DF85700002840F01B
:10F420008780FFE744F27040C5F60200006800F4F0
:10F4300040701899D1F8B01001F44071884213D08F
:10F44000FFE744F27041C5F60201086820F44070FD
:10F450001790086840F480300860086820F4803015
:10F46000086017980860FFE71898D0F8B000B0F56A
:10F47000807F1FD1FFE7FCF703FE1690FFE744F201
:10F480007040C5F60200006800F002010020B0EBF9
:10F49000510F0ED1FFE7FCF7F3FD1699401A41F228
:10F4A0008931884204D3FFE703208DF8570000E03C
:10F4B000E5E7FFE79DF85700A0BBFFE7FFE71898D7
:10F4C000D0F8B00000F44070B0F5407F13D1FFE7F2
:10F4D00044F21041C5F60201086820F47C50189AE5
:10F4E000D2F8B0204FF6F043C0F6FF731A4040EA5E
:10F4F0001210086008E044F21041C5F602010868E5
:10F5000020F47C500860FFE71898D0F8B0206FF323
:10F510001F3244F27041C5F60201086810430860CA
:10F52000FFE704E09DF857008DF85600FFE704E080
:10F530009DF857008DF85600FFE7FFE71898006820
:10F54000C007002800F04C80FFE71898806F0A90F1
:10F5500028282BD80A99DFE801F01529292929291B
:10F56000292916292929292929291E292929292929
:10F570002929262929292929292927292929292900
:10F580002929280016E018980830012108F0F0FC1D
:10F590008DF857000EE018982830012108F0D0FDB2
:10F5A0008DF8570006E005E004E003E001208DF847
:10F5B0005700FFE79DF8570060B9FFE744F2544158
:10F5C000C5F60201086820F03800189A926F1043BF
:10F5D000086004E09DF857008DF85600FFE7FFE74C
:10F5E000189800788007002839D5FFE71898406FF1
:10F5F0000990052819D80999DFE801F003040C14D3
:10F60000151616E018980830012108F0B1FC8DF8A5
:10F6100057000EE018982830012108F091FD8DF870
:10F62000570006E005E004E003E001208DF85700F4
:10F63000FFE79DF8570060B9FFE744F25441C5F673
:10F640000201086820F00700189A526F1043086002
:10F6500004E09DF857008DF85600FFE7FFE7189883
:10F660000078400700283BD5FFE71898D0F89000B5
:10F670000890052819D80899DFE801F003040C1454
:10F68000151616E018980830012108F071FC8DF865
:10F6900057000EE018982830012108F051FD8DF830
:10F6A000570006E005E004E003E001208DF8570074
:10F6B000FFE79DF8570068B9FFE744F25841C5F6E7
:10F6C0000201086820F00700189AD2F89020104331
:10F6D000086004E09DF857008DF85600FFE7FFE74B
:10F6E00018980078800600284ED5FFE71898D0F8C3
:10F6F0008C000790C8B1FFE70798B0F1805F15D084
:10F70000FFE70798B0F1005F18D0FFE70798B0F166
:10F71000405F1BD0FFE70798B0F1804F17D0FFE79D
:10F720000798B0F1A04F13D013E016E018980830F6
:10F73000002108F01DFC8DF857000EE018982830C5
:10F74000022108F0FDFC8DF8570006E005E004E01A
:10F7500003E001208DF85700FFE79DF8570068B9D6
:10F76000FFE744F25441C5F60201086820F0E0408A
:10F77000189AD2F88C201043086004E09DF85700D6
:10F780008DF85600FFE7FFE718980078400600283C
:10F790004ED5FFE71898D0F898000690C8B1FFE75B
:10F7A0000698B0F5806F15D0FFE70698B0F5006FAA
:10F7B00018D0FFE70698B0F5406F1BD0FFE706981A
:10F7C000B0F5805F17D0FFE70698B0F5A05F13D0C3
:10F7D00013E016E018980830002108F0C9FB8DF8F6
:10F7E00057000EE018982830022108F0A9FC8DF887
:10F7F000570006E005E004E003E001208DF8570023
:10F80000FFE79DF8570068B9FFE744F25841C5F695
:10F810000201086820F4E050189AD2F898201043AA
:10F82000086004E09DF857008DF85600FFE7FFE7F9
:10F8300018980078000600284ED5FFE71898D0F8F1
:10F840009C000590C8B1FFE70598B0F5005F15D0A2
:10F85000FFE70598B0F5804F18D0FFE70598B0F5A1
:10F86000C04F1BD0FFE70598B0F5004F17D0FFE75A
:10F870000598B0F5204F13D013E016E01898083023
:10F88000002108F075FB8DF857000EE0189828301D
:10F89000022108F055FC8DF8570006E005E004E071
:10F8A00003E001208DF85700FFE79DF8570068B985
:10F8B000FFE744F25841C5F60201086820F46040B1
:10F8C000189AD2F89C201043086004E09DF8570075
:10F8D0008DF85600FFE7FFE718980078000700282A
:10F8E00020D5FFE71898D0F88000B0F5805F0CD1E4
:10F8F000FFE718982830022108F022FC20B1FFE72A
:10F9000001208DF85600FFE7FFE744F25441C5F6A9
:10F910000201086820F44050189AD2F88020104361
:10F920000860FFE718980078C006002820D5FFE798
:10F930001898D0F89400B0F5807F0CD1FFE71898A4
:10F940002830022108F0FCFB20B1FFE701208DF8F0
:10F950005600FFE7FFE744F25841C5F60201086888
:10F9600020F44070189AD2F8942010430860FFE702
:10F9700018988078000700283CD5FFE71898D0F841
:10F98000A000049050B1FFE70498B0F5803F0DD07F
:10F99000FFE70498B0F5003F10D010E01898083049
:10F9A000002108F0E5FA8DF857000CE0189828308F
:10F9B000022108F0C5FB8DF8570004E003E00120A8
:10F9C0008DF85700FFE79DF8570068B9FFE744F24C
:10F9D0005841C5F60201086820F44030189AD2F860
:10F9E000A0201043086004E09DF857008DF85600F1
:10F9F000FFE7FFE718988078400700283FD5FFE72A
:10FA00001898D0F884000390B0F5801F0AD0FFE763
:10FA10000398B0F5001F0ED0FFE70398B0F5401F24
:10FA200011D011E044F22C41C5F60201086840F4FF
:10FA3000003008600CE018982830012108F080FBA5
:10FA40008DF8570004E003E001208DF85700FFE730
:10FA50009DF8570068B9FFE744F25441C5F602012A
:10FA6000086820F44010189AD2F8842010430860E7
:10FA700004E09DF857008DF85600FFE7FFE718985F
:10FA80008078C007A8B3FFE71898006D029028B1EE
:10FA9000FFE70298B0F5803F09D010E044F22C4116
:10FAA000C5F60201086840F4003008600BE01898C1
:10FAB0000830022108F05CFA8DF8570003E00120BD
:10FAC0008DF85700FFE79DF8570060B9FFE744F253
:10FAD0004C41C5F60201086820F48030189A126D76
:10FAE0001043086004E09DF857008DF85600FFE7CA
:10FAF000FFE71898C078800600280CD5FFE7189813
:10FB00002830022108F01CFB20B1FFE701208DF80E
:10FB10005600FFE7FFE718988078800700283AD55D
:10FB2000FFE71898C06F0190D0B1FFE70198B0F5DA
:10FB3000807F0AD0FFE70198B0F5007F0ED0FFE785
:10FB40000198B0F5407F0AD00BE044F22C41C5F695
:10FB50000201086840F40030086006E005E004E0B7
:10FB600003E001208DF85700FFE79DF8570060B9CA
:10FB7000FFE744F25441C5F60201086820F44070E2
:10FB8000189AD26F1043086004E09DF857008DF872
:10FB90005600FFE7FFE718988078C00600280CD5CC
:10FBA000FFE744F25041C5F60201086820F000402A
:10FBB000189A126F10430860FFE718988078800643
:10FBC00000280CD5FFE744F25041C5F60201086851
:10FBD00020F08070189A926E10430860FFE7189822
:10FBE000C0784006002811D5FFE7FFE744F2104136
:10FBF000C5F60201086820F4004008601898D0F8A3
:10FC0000B420086810430860FFE7FFE71898C07841
:10FC1000000600280CD5FFE744F24C41C5F602016E
:10FC2000086820F04050189A526D10430860FFE7B2
:10FC300018988078000600280DD5FFE744F254415B
:10FC4000C5F60201086820F44000189AD2F888200E
:10FC500010430860FFE718980079C00790B1FFE7EC
:10FC600018980830002108F083F98DF857009DF8A6
:10FC7000570008B9FFE704E09DF857008DF85600DB
:10FC8000FFE7FFE7189800798007002812D5FFE703
:10FC900018980830012108F06BF98DF857009DF88D
:10FCA000570008B9FFE704E09DF857008DF85600AB
:10FCB000FFE7FFE7189800794007002812D5FFE713
:10FCC00018980830022108F053F98DF857009DF874
:10FCD000570008B9FFE704E09DF857008DF856007B
:10FCE000FFE7FFE7189800790007002812D5FFE723
:10FCF00018982830002108F023FA8DF857009DF855
:10FD0000570008B9FFE704E09DF857008DF856004A
:10FD1000FFE7FFE718980079C006002812D5FFE733
:10FD200018982830012108F00BFA8DF857009DF83B
:10FD3000570008B9FFE704E09DF857008DF856001A
:10FD4000FFE7FFE7189800798006002812D5FFE743
:10FD500018982830022108F0F3F98DF857009DF823
:10FD6000570008B9FFE704E09DF857008DF85600EA
:10FD7000FFE7FFE79DF8560020B9FFE700208DF868
:10FD8000670003E001208DF86700FFE79DF867003A
:10FD90001AB080BD0000000080B586B004900391C9
:10FDA000049820B9FFE701208DF817003CE2039882
:10FDB00042F20001C5F20021096801F00F018842FA
:10FDC00016D9FFE742F20000C5F20020016821F0D9
:10FDD0000F01039A11430160006800F00F000399BE
:10FDE000884204D0FFE701208DF817001CE2FFE7EE
:10FDF000049800784007002819D5FFE704980069A7
:10FE000044F21841C5F60201096801F07001884208
:10FE10000CD9FFE744F21841C5F60201086820F04A
:10FE20007000049A126910430860FFE7FFE7049826
:10FE300000780007002819D5FFE70498406944F2CC
:10FE40001C41C5F60201096801F0700188420CD915
:10FE5000FFE744F21C41C5F60201086820F070007B
:10FE6000049A526910430860FFE7FFE7049800789E
:10FE7000C006002819D5FFE70498806944F21C41A8
:10FE8000C5F60201096801F4E06188420CD9FFE778
:10FE900044F21C41C5F60201086820F4E060049AAF
:10FEA000926910430860FFE7FFE704980078800636
:10FEB000002819D5FFE70498C06944F22041C5F62F
:10FEC0000201096801F0700188420CD9FFE744F291
:10FED0002041C5F60201086820F07000049AD2693A
:10FEE00010430860FFE7FFE70498007880070028C8
:10FEF00019D5FFE70498C06844F21841C5F602011D
:10FF0000096801F00F0188420CD9FFE744F218415B
:10FF1000C5F60201086820F00F00049AD268104369
:10FF20000860FFE7FFE704980078C007002800F0AA
:10FF30008C80FFE744F21841C5F60201086820F4FE
:10FF40007060049A92681043086004984068022820
:10FF500011D1FFE744F20040C5F60200006800F44A
:10FF600000310020B0EB514F04D1FFE701208DF8A4
:10FF7000170059E13EE004984068032811D1FFE7DB
:10FF800044F20040C5F60200006800F00071002055
:10FF9000B0EB516F04D1FFE701208DF8170043E16A
:10FFA00027E004984068012811D1FFE744F200409F
:10FFB000C5F60200006800F480710020B0EB112F3C
:10FFC00004D1FFE701208DF817002DE110E044F285
:10FFD0000040C5F60200006800F004010020B0EB0C
:10FFE000910F04D1FFE701208DF817001CE1FFE716
:10FFF000FFE7FFE744F21041C5F60201086820F070
:020000040801F1
:100000000700049A526810430860FCF739F8019021
:10001000FFE744F21040C5F60200006800F0380027
:1000200004994968B0EBC10F0ED0FFE7FCF728F840
:100030000199401A41F28931884204D3FFE7032035
:100040008DF81700F0E0E4E7FFE7049800788007F8
:10005000002819D5FFE70498C06844F21841C5F696
:100060000201096801F00F0188420CD2FFE744F257
:100070001841C5F60201086820F00F00049AD26802
:1000800010430860FFE7FFE7039842F20001C5F262
:100090000021096801F00F01884216D2FFE742F201
:1000A0000000C5F20020016821F00F01039A1143FE
:1000B0000160006800F00F000399884204D0FFE758
:1000C00001208DF81700AFE0FFE7049800784007A3
:1000D000002819D5FFE70498006944F21841C5F6D5
:1000E0000201096801F0700188420CD2FFE744F276
:1000F0001841C5F60201086820F07000049A1269E0
:1001000010430860FFE7FFE7049800780007002825
:1001100019D5FFE70498406944F21C41C5F6020175
:10012000096801F0700188420CD2FFE744F21C41DB
:10013000C5F60201086820F07000049A5269104365
:100140000860FFE7FFE704980078C006002819D58B
:10015000FFE70498806944F21C41C5F60201096872
:1001600001F4E06188420CD2FFE744F21C41C5F67D
:100170000201086820F4E060049A92691043086064
:10018000FFE7FFE7049800788006002819D5FFE70D
:100190000498C06944F22041C5F60201096801F0E3
:1001A000700188420CD2FFE744F22041C5F60201FB
:1001B000086820F07000049AD26910430860FFE7D5
:1001C000FFE700F0CDF844F21842C5F602021168CC
:1001D000C1F303234FF2B871C0F60201CB5C03F008
:1001E0001F03D84000900098126802F00F02895C4B
:1001F00001F01F01C84040F63C01C0F20001086058
:10020000009840F2B421C2F20001086040F2E440DC
:10021000C2F200000068FCF7FFF88DF80B009DF8B3
:100220000B008DF81700FFE79DF8170006B080BDA2
:1002300082B00190009101993F20086044F2104083
:10024000C5F60200006800F007000199486044F21A
:100250001840C5F60200016801F47061019A9160CE
:10026000016801F00F01019AD160006800F0700090
:100270000199086144F21C40C5F60200016801F0D2
:100280007001019A5161006800F4E0600199886191
:1002900044F22040C5F60200006800F070000199A9
:1002A000C86142F20000C5F20020006800F00F00B3
:1002B0000099086002B0704780B582B000F050F835
:1002C00044F21842C5F602021168C1F303234FF24B
:1002D000B871C0F60201CB5C03F01F03D840019057
:1002E0000198126802F00F02895C01F01F0120FAE8
:1002F00001F140F63C00C0F200000160019940F2BB
:10030000B422C2F200021160006802B080BD000099
:1003100080B5FFF7D1FF44F21C41C5F60201096820
:10032000C1F302124FF2B871C0F60201895C01F00C
:100330001F01C84080BD000080B5FFF7BDFF44F23B
:100340001C41C5F602010968C1F302224FF2B871DF
:10035000C0F60201895C01F01F01C84080BD0000A9
:100360008AB044F21040C5F60200006800F0380080
:1003700001460191182800F269810199DFE811F026
:100380001900660166016601660166016601660183
:100390003A00660166016601660166016601660152
:1003A000400066016601660166016601660166013C
:1003B000460044F20040C5F60200006800F020014B
:1003C0000020B0EB511F0ED0FFE744F20040C5F60D
:1003D00002000068C0F3C10149F20000C0F2D03051
:1003E000C840029005E049F20000C0F2D03002900F
:1003F000FFE731E140F60010C0F23D0002902BE132
:1004000043F20060C0F26E10029025E144F22840F1
:10041000C5F60200016801F0030108910068C0F30D
:100420000510079044F22C40C5F60200006800F069
:1004300001000690069844F23441C5F602010968AD
:1004400089B2C908484300EE100AB8EE400A8DEDA3
:10045000040A0798002800F0F580FFE7089800904C
:1004600048B1FFE70098012869D0FFE7009802280B
:1004700000F08980ABE044F20040C5F6020000685D
:1004800000F020010020B0EB511F33D0FFE744F211
:100490000040C5F602000068C0F3C10149F2000047
:1004A000C0F2D030C84005909DED050AB8EE400A74
:1004B0009DED071AB8EE411A80EE010A44F2304071
:1004C000C5F6020000686FF35F2001EE100AB8EE77
:1004D000411A9DED042A9FED633A82EE032A31EE24
:1004E000021AB7EE002A31EE021A20EE010A8DED53
:1004F000030A23E09DED070AB8EE401A9FED5B0A60
:1005000080EE010A44F23040C5F6020000686FF345
:100510005F2001EE100AB8EE411A9DED042A9FED0E
:10052000513A82EE032A31EE021AB7EE002A31EE7A
:10053000021A20EE010A8DED030AFFE76BE09DED44
:10054000070AB8EE401A9FED480A80EE010A44F20D
:100550003040C5F6020000686FF35F2001EE100A1C
:10056000B8EE411A9DED042A9FED3E3A82EE032A31
:1005700031EE021AB7EE002A31EE021A20EE010A1D
:100580008DED030A47E09DED070AB8EE401A9FED96
:10059000340A80EE010A44F23040C5F602000068D9
:1005A0006FF35F2001EE100AB8EE411A9DED042AA8
:1005B0009FED2C3A82EE032A31EE021AB7EE002AA2
:1005C00031EE021A20EE010A8DED030A23E09DEDC3
:1005D000070AB8EE401A9FED240A80EE010A44F2A1
:1005E0003040C5F6020000686FF35F2001EE100A8C
:1005F000B8EE411A9DED042A9FED1A3A82EE032AC5
:1006000031EE021AB7EE002A31EE021A20EE010A8C
:100610008DED030AFFE744F23040C5F602000068A2
:1006200081B2012000EB512009909DED030A9DED60
:10063000091AB8EE411A80EE010ABCEEC00A8DED2F
:10064000020A02E000200290FFE705E040F60010F9
:10065000C0F23D000290FFE702980AB0704700BF69
:10066000001BB74B000000460024744A0024744C61
:1006700080B58CB00A900A9828B9FFE701208DF860
:100680002F0000F001BD0A980078C007002800F094
:10069000B980FFE744F21040C5F60200006800F0A0
:1006A0003800069044F22840C5F602000068059024
:1006B000069810280AD0FFE7069818281CD1FFE7F3
:1006C000059800F00300022816D1FFE744F200402D
:1006D000C5F60200006800F400310020B0EB514F75
:1006E00009D0FFE70A98406828B9FFE701208DF894
:1006F0002F0000F0C9BC84E0FFE70A984068B0F51D
:10070000803F09D1FFE744F20041C5F602010868C5
:1007100040F48030086032E00A98406868B9FFE72A
:1007200044F20041C5F60201086820F480300860F8
:10073000086820F48020086020E00A984068B0F53E
:10074000A02F0DD1FFE744F20041C5F60201086871
:1007500040F480200860086840F4803008600CE0B5
:1007600044F20041C5F60201086820F480300860B8
:10077000086820F480200860FFE7FFE7FFE7FFE755
:100780000A984068F0B1FFE7FBF77AFC0990FFE7B1
:1007900044F20040C5F60200006800F40031002079
:1007A000B0EB514F0DD1FFE7FBF76AFC0999401AF6
:1007B000652805D3FFE703208DF82F0000F064BC07
:1007C000E6E71DE0FBF75CFC0990FFE744F2004020
:1007D000C5F60200006800F400310020B0EB514F74
:1007E0000DD0FFE7FBF74CFC0999401A652805D3AB
:1007F000FFE703208DF82F0000F046BCE6E7FFE797
:10080000FFE7FFE70A9800788007002840F1C580DD
:10081000FFE744F21040C5F60200006800F038001F
:10082000049044F22840C5F6020000680390049842
:1008300050B1FFE70498182850D1FFE79DF80C004D
:10084000800700284AD1FFE744F20040C5F60200C5
:10085000006800F004010020B0EB910F09D0FFE721
:100860000A98C06828B9FFE701208DF82F0000F032
:100870000BBC44F20041C5F60201086820F01900E3
:100880000A9AD26810430860FBF7FAFB0990FFE769
:1008900044F20040C5F60200006800F004010020A8
:1008A000B0EB910F0CD1FFE7FBF7EAFB0999401A77
:1008B000032804D3FFE703208DF82F00E4E3E7E7E4
:1008C00044F20441C5F60201086820F0FE400A9A8D
:1008D000126940EA02600860FFE75DE00A98C068BC
:1008E000A0B3FFE744F20041C5F60201086820F01A
:1008F00019000A9AD26810430860FBF7C1FB0990FF
:10090000FFE744F20040C5F60200006800F0040171
:100910000020B0EB910F0CD1FFE7FBF7B1FB099979
:10092000401A032804D3FFE703208DF82F00ABE320
:10093000E7E744F20441C5F60201086820F0FE40F2
:100940000A9A126940EA0260086024E044F2004119
:10095000C5F60201086820F001000860FBF790FB73
:100960000990FFE744F20040C5F60200006800F07D
:1009700004010020B0EB910F0CD0FFE7FBF780FBE8
:100980000999401A032804D3FFE703208DF82F00AC
:100990007AE3E7E7FFE7FFE7FFE70A980078C0069A
:1009A000002840F1A080FFE744F21040C5F60200A5
:1009B000006800F03800029044F22840C5F60200BA
:1009C00000680190029808280AD0FFE702981828CA
:1009D0002BD1FFE7019800F00300012825D1FFE7A4
:1009E00044F20040C5F60200006800F48071002067
:1009F000B0EB112F09D0FFE70A98C069802804D016
:100A0000FFE701208DF82F003EE3FFE744F20C41A1
:100A1000C5F60201086820F07C500A9A126A40EA82
:100A200002600860FFE7FFE75CE00A98C06998B3DE
:100A3000FFE744F20041C5F60201086840F080007B
:100A40000860FBF71DFB0990FFE744F20040C5F684
:100A50000200006800F480710020B0EB112F0CD16F
:100A6000FFE7FBF70DFB0999401A032804D3FFE7C2
:100A700003208DF82F0007E3E7E7FFE744F20C417E
:100A8000C5F60201086820F07C500A9A126A40EA12
:100A900002600860FFE724E044F20041C5F602016D
:100AA000086820F080000860FBF7EAFA0990FFE789
:100AB00044F20040C5F60200006800F48071002096
:100AC000B0EB112F0CD0FFE7FBF7DAFA0999401AC7
:100AD000032804D3FFE703208DF82F00D4E2E7E7D3
:100AE000FFE7FFE7FFE70A980078000700284FD5E7
:100AF000FFE70A98406928B3FFE744F27441C5F65E
:100B00000201086840F001000860FBF7B9FA09909B
:100B1000FFE744F27440C5F60200006800F00201ED
:100B20000020B0EB510F0CD1FFE7FBF7A9FA0999B0
:100B3000401A032804D3FFE703208DF82F00A3E217
:100B4000E7E724E044F27441C5F60201086820F0AA
:100B500001000860FBF794FA0990FFE744F2744043
:100B6000C5F60200006800F002010020B0EB510F52
:100B70000CD0FFE7FBF784FA0999401A032804D345
:100B8000FFE703208DF82F007EE2E7E7FFE7FFE7AE
:100B90000A980078800600284FD5FFE70A988069F8
:100BA00028B3FFE744F20041C5F60201086840F4AB
:100BB00080500860FBF764FA0990FFE744F20040B8
:100BC000C5F60200006800F400510020B0EB513F70
:100BD0000CD1FFE7FBF754FA0999401A032804D314
:100BE000FFE703208DF82F004EE2E7E724E044F210
:100BF0000041C5F60201086820F480500860FBF748
:100C00003FFA0990FFE744F20040C5F60200006891
:100C100000F400510020B0EB513F0CD0FFE7FBF790
:100C20002FFA0999401A032804D3FFE703208DF80F
:100C30002F0029E2E7E7FFE7FFE70A98007840077F
:100C4000002840F1A780FFE744F60001C5F6020145
:100C5000086840F480700860FBF712FA0990FFE71B
:100C600044F60000C5F602000068C00500280CD458
:100C7000FFE7FBF705FA0999401A652804D3FFE757
:100C800003208DF82F00FFE1EAE7FFE70A9880686C
:100C9000012809D1FFE744F27041C5F60201086856
:100CA00040F00100086031E00A98806868B9FFE709
:100CB00044F27041C5F60201086820F001000860A6
:100CC000086820F0040008601FE00A988068052882
:100CD0000DD1FFE744F27041C5F60201086840F00B
:100CE00004000860086840F0010008600CE044F26D
:100CF0007041C5F60201086820F00100086008682C
:100D000020F004000860FFE7FFE7FFE7FFE70A982D
:100D10008068F8B1FFE7FBF7B3F90990FFE744F209
:100D20007040C5F60200006800F002010020B0EB40
:100D3000510F0ED1FFE7FBF7A3F90999401A41F2D1
:100D40008931884204D3FFE703208DF82F009BE10F
:100D5000E5E71EE0FBF794F90990FFE744F27040E5
:100D6000C5F60200006800F002010020B0EB510F50
:100D70000ED0FFE7FBF784F90999401A41F2893157
:100D8000884204D3FFE703208DF82F007CE1E5E7DC
:100D9000FFE7FFE70A98406A002800F07181FFE74B
:100DA00044F21040C5F60200006800F03800182830
:100DB00000F0E080FFE70A98406A022840F0B48023
:100DC000FFE744F20041C5F60201086820F0807098
:100DD0000860FBF755F90990FFE744F20040C5F6BB
:100DE0000200006800F000710020B0EB516F0CD0E1
:100DF000FFE7FBF745F90999401A032804D3FFE7F9
:100E000003208DF82F003FE1E7E7FFE744F2284198
:100E1000C5F60201086840F2F33290430A9B9A6AD1
:100E2000DB6A42EA0312104308600A99086BD1F8A2
:100E300034C08B6BCA6B01386FF35F204FF60061D3
:100E4000CFF6FF7101EB4C2189B208440021CFF6A7
:100E5000FF7101EB034101F4FE0108444FF07F41B3
:100E600001EB026101F0FE41084444F23041C5F655
:100E700002010860FFE744F22C41C5F6020100912F
:100E8000086820F00100086044F23442C5F602020E
:100E900010684FF6F87398430A9B9B6C40EAC300B6
:100EA0001060086820F00C000A9A126C1043086069
:100EB000086820F002000A9A526C10430860086823
:100EC00040F480300860086840F40030086008682A
:100ED00040F480200860086840F00100086044F297
:100EE0000041C5F60201086840F080700860FBF719
:100EF000C7F80990FFE744F20040C5F60200006819
:100F000000F000710020B0EB516F0CD1FFE7FBF750
:100F1000B7F80999401A032804D3FFE703208DF896
:100F20002F00B1E0E7E724E044F20041C5F60201FA
:100F3000086820F080700860FBF7A2F80990FFE7CE
:100F400044F20040C5F60200006800F00071002085
:100F5000B0EB516F0CD0FFE7FBF792F80999401AFC
:100F6000032804D3FFE703208DF82F008CE0E7E788
:100F7000FFE784E044F22840C5F6020000680890CC
:100F800044F23040C5F60200006807900A98406AB3
:100F9000012837D0FFE7089800F003000A99896A12
:100FA00088422FD1FFE7089800F47C710A98C06A44
:100FB000B0EB111F26D1FFE707986FF35F200A9966
:100FC000096B013988421DD1FFE7BDF81C100A9852
:100FD000406B0138B0EB512F14D1FFE7079800F4B4
:100FE000FE010A98806B0138B0EB114F0AD1FFE780
:100FF000079800F0FE410A98C06B0138B0EB116F02
:1010000004D0FFE701208DF82F003DE044F234408A
:10101000C5F60200006880B2C00808900A98806C8B
:101020000899884229D0FFE744F22C41C5F6020115
:10103000086820F001000860FBF722F80990FFE73C
:10104000FBF71EF80999401A08B9FFE7F8E744F2E0
:101050003441C5F6020108684FF6F87290430A9AC7
:10106000926C40EAC200086044F22C41C5F60201CD
:10107000086840F001000860FFE7FFE7FFE7FFE7CF
:1010800000208DF82F00FFE79DF82F000CB080BDE9
:1010900080B586B00490039102920193049820B920
:1010A000FFE701208DF8170056E00498D0F888007B
:1010B00040B9FFE70499002081F88400049802F009
:1010C000D7FCFFE704992420C1F888000498016840
:1010D000086820F0010008600498806A20B1FFE7EA
:1010E00004980AF031FCFFE704980AF0B9FE0128E1
:1010F00004D1FFE701208DF817002DE00498016866
:10110000886840F48040886004980068806820F413
:1011100000400399084304990968886002984005D3
:1011200000900199009840EA0140009004980068FE
:1011300000686FF319400099084304990968086032
:1011400004980168086840F00100086004980AF0FB
:101150009FFC8DF81700FFE79DF8170006B080BDD3
:1011600081B0009001B0704780B588B007900798B3
:101170000068006906900798006840690590069825
:101180000599084004900798006880680390002043
:101190000290079890F881008DF807000798006882
:1011A000303000909DF815000007002810D5FFE7AB
:1011B0009DF81800000700280AD5FFE70798016886
:1011C000886940F400608861079800F0B1FB91E104
:1011D0009DF810004006002815D4FFE79DF8100088
:1011E000800600280FD4FFE79DF810004007002874
:1011F00009D5FFE70798416F88470798016F88472F
:1012000001200290FFE79DF810004006002811D44D
:10121000FFE79DF81000C00760B1FFE79DF81000E0
:101220004007002806D4FFE70798016F8847012090
:101230000290FFE79DF810008006002812D4FFE717
:101240009DF81000800700280CD5FFE79DF81000DE
:101250004007002806D4FFE70798416F8847012020
:101260000290FFE7029808B1FFE743E19DF8100004
:101270000007002840F18980FFE707980168886926
:1012800040F00800886107980168886940F0100004
:10129000886107980168886940F400608861079850
:1012A0000168086920F008000861079800688068F4
:1012B00010F4404F3AD1FFE7FFE70798B0F86A0013
:1012C00098B3FFE70798C06810280BD3FFE707988B
:1012D0000068006B0799496E08600799486E0430F2
:1012E00048661BE00798C06808280AD3FFE7009803
:1012F00000880799496E08800799486E0230486651
:101300000BE00798006890F830000799496E087064
:101310000799486E01304866FFE7FFE70799B1F883
:101320006A000138A1F86A00C7E7FFE7079808F0EC
:1013300043FE0799012081F881000798D0F88400C6
:1013400020B1FFE70798FFF70BFFD3E09DF80700F8
:10135000052804D1FFE7079800F076FE14E09DF819
:101360000700042804D1FFE7079800F0DDFA0AE03F
:101370009DF80700032804D1FFE7079800F060FEFE
:1013800000E0FFE7FFE7FFE7B4E0BDF8100010F46E
:10139000587F00F0AF80FFE79DF81000400600285E
:1013A0000ED5FFE70799D1F8840040F00400C1F89A
:1013B000840007980168886940F040008861FFE771
:1013C0009DF81100800700280ED5FFE70799D1F896
:1013D000840040F00100C1F8840007980168886922
:1013E00040F400708861FFE79DF81100C00770B1FC
:1013F000FFE70799D1F8840040F00800C1F88400A5
:1014000007980168886940F480708861FFE79DF85B
:101410001000800600280ED5FFE70799D1F8840058
:1014200040F08000C1F8840007980168886940F0A6
:1014300020008861FFE70798D0F88400002858D082
:10144000FFE707980168086820F001000860079826
:101450000168086940F26B3290430861039800F418
:101460004040B0F5404F3BD1FFE7079801688868DE
:1014700020F4404088600798C06FB0B1FFE707983C
:10148000C16F4AF2D100C0F6010008650798C06F2D
:10149000F6F78EFA40B1FFE70799D1F8840040F0E3
:1014A0004000C1F88400FFE7FFE70798806FB0B104
:1014B000FFE70798816F4AF2D100C0F60100086586
:1014C0000798806FF6F774FA40B1FFE70799D1F8F3
:1014D000840040F04000C1F88400FFE7FFE707E028
:1014E0000799012081F881000798FFF739FEFFE78F
:1014F000FFE7FFE708B080BD80B586B00490049890
:1015000020B9FFE701208DF817003AE10498406AFE
:1015100008B9FFE7FFE70499002088620498006893
:1015200043F20001C4F2010188421BD0FFE7049896
:10153000006843F60001C4F20001884212D0FFE7C0
:101540000498006843F60041C4F20001884209D0C3
:10155000FFE70498C068102804D3FFE701208DF846
:1015600017000EE1049808F0CBFD02900498006883
:1015700043F20001C4F20101884216D0FFE704984B
:10158000006843F60001C4F2000188420DD0FFE775
:101590000498006843F60041C4F20001884204D078
:1015A000FFE7029808281FD8FFE70498006843F275
:1015B0000001C4F20101884212D0FFE704980068DC
:1015C00043F60001C4F20001884209D0FFE7049805
:1015D000006843F60041C4F20001884208D1FFE7E9
:1015E0000298112804D3FFE701208DF81700C8E006
:1015F000049890F8810040B9FFE70499002081F831
:101600008000049800F0C4F8FFE70499022081F8F4
:10161000810004980168086820F0010008600498BF
:101620000068806800F4F810039004988069B0F1B5
:10163000806F1BD1FFE704984068B0F5800F04D19C
:10164000FFE70498806B50B1FFE70498406868B9E1
:10165000FFE70498806BB0F1805F07D1FFE7049843
:101660000168086840F480500860FFE704988079BA
:101670004006002810D5FFE70498C06807280BD360
:10168000FFE704980068006820F48070049A1168ED
:10169000126D1043086006E004980168086820F4A1
:1016A00080700860FFE7049B1968DA68D869D3F88E
:1016B00028C040EA0C00DDF80CC040EA0C00DB6BEF
:1016C000184310438860049A0192506B516A084392
:1016D000916B0843916908431168D2F804C093687C
:1016E000D2F810E040EA0E00D2F814E040EA0E0012
:1016F000D2F820E040EA0E0040EA0C00D2F84CC0DC
:1017000040EA0C001843936C1843926D1043C86074
:101710000498406898B9FFE7049800688068012140
:1017200061F3CC2004990968886004980068806897
:10173000022161F34A20049909688860FFE7049850
:101740000168086D20F00100086504988079400662
:1017500000280BD5FFE704980068C06820F000401F
:10176000049A1168526D1043C860FFE70499002085
:10177000C1F88400049A012182F881108DF81700C5
:10178000FFE79DF8170006B080BD000000000000D4
:1017900080B592B01190002010900F900E900D9097
:1017A0000C901198006843F60001C4F200018842D1
:1017B00040F0B680FFE7FFE744F2E840C5F60200DC
:1017C000016841F480410160006800F480400B90A2
:1017D0000B98FFE7FFE744F2E040C5F6020001681E
:1017E00041F004010160006800F004000A900A98CA
:1017F000FFE7FFE744F2E040C5F60200016841F070
:1018000002010160006800F0020009900998FFE7FA
:1018100006200C90022003900D90002007900E905F
:10182000032004900F9005200590109040F60000D2
:10183000C5F602000CA90691FAF736FADDF80CC0DD
:10184000049A05980699079B4FF4005ECDF830E0A6
:10185000CDF834C00E930F92109040F20040C5F6C0
:101860000200FAF721FA079944F29050C0F2000002
:1018700008902822C4F2020202602722426081609E
:10188000C1604FF48062026141618161C1614FF4C6
:10189000403202624162F7F7CBFC18B1FFE7F3F781
:1018A000CFFAFFE7FFE7119844F29051C0F2000130
:1018B000C16711988863FFE74DF27050C2F20000D3
:1018C00002904021C4F202010160282141604021C0
:1018D00081600021C1604FF48062026141618161D9
:1018E000C1614FF4803202624162F7F7A1FC18B186
:1018F000FFE7F3F7A5FAFFE7FFE711984DF2705104
:10190000C2F20001816711988863FFE724200190EB
:1019100005210022FAF78CFE0198FAF77DFEFFE719
:1019200012B080BD0000000081B0009001B070478F
:1019300081B0009001B0704780B590B0DDF848C02C
:101940000E900D910C92ADF82E300E98006820305C
:101950000A900E980068303009900E98C16B0120F3
:1019600000EB5110ADF81200FAF78AFB0890BDF8B1
:101970002E00ADF81600BDF82E00ADF814000E983C
:1019800090F88100012804D0FFE702208DF83F0085
:1019900050E30D9838B1FFE70C9820B1FFE7BDF890
:1019A0002E0020B9FFE701208DF83F0042E3FFE75A
:1019B0000E9890F88000012804D1FFE702208DF8EE
:1019C0003F0037E30E99012081F88000FFE7FFE731
:1019D0000E99052081F881000E990020C1F884003D
:1019E0000C990E9A5166BDF82E100E9AA2F86A1044
:1019F000BDF82E100E9AA2F868100D990E9AD165B6
:101A0000BDF82E100E9AA2F86210BDF82E100E9A94
:101A1000A2F860100E9908670E9948670E98006842
:101A2000C06820F4C0200E990968C8600E9800684C
:101A300043F20001C4F20101884212D0FFE70E9880
:101A4000006843F60001C4F20001884209D0FFE7B4
:101A50000E98006843F60041C4F20001884203D1A9
:101A6000FFE71020079002E008200790FFE70E989C
:101A7000006840684FF6FF718843BDF82E10084497
:101A80000E99096848600E980168086840F00100E6
:101A900008600E984068B0F5800F07D1FFE70E98F8
:101AA0000168086840F400700860FFE70E98C0689D
:101AB0001028C0F0B580FFE7079880080790FFE77F
:101AC000BDF816100120039039B9FFE7BDF81400E6
:101AD000002818BF01200390FFE70398C0070028E3
:101AE00000F09D80FFE70E9800684069800700289D
:101AF00022D5FFE7BDF81600F0B1FFE7BDF81400EE
:101B0000BDF81610079A1144884215D2FFE70E98C7
:101B10000168C06D006808620E99C86D0430C86520
:101B20000E99B1F862000138A1F862000E98B0F881
:101B30006200ADF81600FFE70E9800684069069055
:101B4000BDF81400002869D0FFE70E9800684069CE
:101B5000C007B0B1FFE70E980068006B0E99496EA0
:101B600008600E99486E043048660E99B1F86A0014
:101B70000138A1F86A000E98B0F86A00ADF81400B8
:101B80004BE0BDF81400BDF8121088421CDAFFE7E4
:101B90009DF819000006002816D5FFE70E9800688A
:101BA000006B0E99496E08600E99486E04304866C5
:101BB0000E99B1F86A000138A1F86A000E98B0F8E1
:101BC0006A00ADF8140027E0FAF75AFA0899401AAB
:101BD0001299884204D3FFE71298013018B9FFE741
:101BE0001298C0B9FFE70E9808F0E6F90E99D1F8FF
:101BF000840040F48070C1F884000E99012081F8BF
:101C00008100FFE70E99002081F88000FFE70320A4
:101C10008DF83F000EE2FFE7FFE7FFE750E7DCE16A
:101C20000E98C0680828C0F0DE80FFE707984008DB
:101C30000790FFE7BDF816100120029039B9FFE7C1
:101C4000BDF81400002818BF01200290FFE7029899
:101C5000C007002800F0C680FFE70E9800684069C2
:101C60008007002822D5FFE7BDF81600F0B1FFE796
:101C7000BDF81400BDF81610079A1144884215D219
:101C8000FFE70E98C06D00880A9908800E99C86D0C
:101C90000230C8650E99B1F862000138A1F86200FF
:101CA0000E98B0F86200ADF81600FFE70E980068D5
:101CB00040690690BDF81400002800F09280FFE70C
:101CC0000E9800684069C007A8B1FFE7099800882E
:101CD0000E99496E08800E99486E023048660E993A
:101CE000B1F86A000138A1F86A000E98B0F86A00ED
:101CF000ADF8140074E0BDF81400BDF8121088426D
:101D000024DAFFE79DF81900000600281ED5FFE73A
:101D1000099800880E99496E08800E99486E023025
:101D20004866099800880E99496E08800E99486E99
:101D3000023048660E99B1F86A000238A1F86A00CC
:101D40000E98B0F86A00ADF8140048E0BDF8140031
:101D500001281BD1FFE79DF819008006002815D542
:101D6000FFE7099800880E99496E08800E99486E21
:101D7000023048660E99B1F86A000138A1F86A008D
:101D80000E98B0F86A00ADF8140027E0FAF778F979
:101D90000899401A1299884204D3FFE7129801303B
:101DA00018B9FFE71298C0B9FFE70E9808F004F9D8
:101DB0000E99D1F8840040F48070C1F884000E9927
:101DC000012081F88100FFE70E99002081F8800052
:101DD000FFE703208DF83F002CE1FFE7FFE7FFE777
:101DE000FFE727E7F8E0FFE7BDF8161001200190B4
:101DF00039B9FFE7BDF81400002818BF0120019091
:101E0000FFE70198C007002800F0E580FFE70E9883
:101E1000006840698007002823D5FFE7BDF8160059
:101E2000F8B1FFE7BDF81400BDF81610079A114489
:101E3000884216D2FFE70E980168C06D007881F8DD
:101E400020000E99C86D0130C8650E99B1F8620086
:101E50000138A1F862000E98B0F86200ADF81600E3
:101E6000FFE70E98006840690690BDF8140000284E
:101E700000F0B080FFE70E9800684069C007B8B175
:101E8000FFE70E98006890F830000E99496E0870D0
:101E90000E99486E013048660E99B1F86A00013813
:101EA000A1F86A000E98B0F86A00ADF8140090E04E
:101EB000BDF81400BDF8121088423EDAFFE79DF825
:101EC00019000006002838D5FFE70E98006890F842
:101ED00030000E99496E08700E99486E01304866C0
:101EE0000E98006890F830000E99496E08700E99AF
:101EF000486E013048660E98006890F830000E99E0
:101F0000496E08700E99486E013048660E98006858
:101F100090F830000E99496E08700E99486E0130A5
:101F200048660E99B1F86A000438A1F86A000E9864
:101F3000B0F86A00ADF814004AE0BDF814000328B8
:101F40001DD8FFE79DF8190010F0600F17D0FFE7CC
:101F50000E98006890F830000E99496E08700E993E
:101F6000486E013048660E99B1F86A000138A1F850
:101F70006A000E98B0F86A00ADF8140027E0FAF78E
:101F80007FF80899401A1299884204D3FFE7129803
:101F9000013018B9FFE71298C0B9FFE70E9808F0B2
:101FA0000BF80E99D1F8840040F48070C1F88400D9
:101FB0000E99012081F88100FFE70E99002081F839
:101FC0008000FFE703208DF83F0033E0FFE7FFE7E5
:101FD000FFE7FFE708E7FFE7FFE70E98129B089986
:101FE0006A4611600821002208F0A2F840B1FFE71C
:101FF0000E99D1F8840040F02000C1F88400FFE77A
:102000000E9807F0D9FF0E99012081F88100FFE7B3
:102010000E99002081F88000FFE70E98D0F8840028
:1020200020B1FFE701208DF83F0003E000208DF88C
:102030003F00FFE79DF83F0010B080BD00000000AA
:1020400081B0009001B0704781B0009001B070473E
:1020500081B0009001B0704781B0009001B070472E
:1020600081B0009001B0704785B003900291FFE706
:10207000039890F83C00012804D1FFE702208DF876
:102080001300ABE00399012081F83C00FFE7FFE774
:102090000399022081F83D00039800684068019090
:1020A0000398006880680090039800680021C4F2DB
:1020B0000101884209D0FFE70398006840F200411F
:1020C000C4F2010188420AD1FFE7019820F47000B0
:1020D000019002984168019808430190FFE7019838
:1020E00020F0700001900298016801980843019067
:1020F0000198039909684860039800680021C4F2B8
:10210000010188424ED0FFE703980068B0F1804F8C
:1021100048D0FFE70398006840F20041C4F2000194
:1021200088423FD0FFE70398006840F60001C4F200
:102130000001884236D0FFE70398006840F600416E
:10214000C4F2000188422DD0FFE70398006840F2F6
:102150000041C4F20101884224D0FFE703980068DF
:1021600041F60001C4F2000188421BD0FFE703984A
:10217000006844F20001C4F20101884212D0FFE776
:10218000039800684EF20001C4F20001884209D0B1
:10219000FFE7039800684EF20041C4F20001884254
:1021A0000ED1FFE7009820F080000090029881682F
:1021B0000098084300900098039909688860FFE739
:1021C0000399012081F83D00FFE70399002081F881
:1021D0003C00FFE700208DF81300FFE79DF8130097
:1021E00005B070470000000080B582B000900098F4
:1021F00020B9FFE701208DF8070045E0009890F82E
:102200003D0040B9FFE70099002081F83C000098AC
:1022100000F03EF8FFE70099022081F83D000099A8
:1022200051F8040B08F0ACF90099012081F848003E
:10223000FFE70099012081F83E00009981F83F00F6
:10224000009981F84000009981F84100009981F8D7
:102250004200009981F84300FFE7FFE70099012061
:1022600081F84400009981F84500009981F8460002
:10227000009981F84700FFE70099012081F83D00AF
:1022800000208DF80700FFE79DF8070002B080BD31
:1022900082B001900198006840F20041C4F2000150
:1022A000884210D1FFE7FFE744F2E840C5F602009C
:1022B000016841F002010160006800F00200009036
:1022C0000098FFE7FFE702B0704700000000000041
:1022D00083B00190019890F83D00012804D0FFE7F9
:1022E00001208DF80B0083E00199022081F83D0068
:1022F00001980168C86840F00100C8600198006852
:102300000021C4F2010188424ED0FFE70198006825
:10231000B0F1804F48D0FFE70198006840F20041DB
:10232000C4F2000188423FD0FFE70198006840F600
:102330000001C4F20001884236D0FFE7019800682E
:1023400040F60041C4F2000188422DD0FFE7019819
:10235000006840F20041C4F20101884224D0FFE746
:102360000198006841F60001C4F2000188421BD0C8
:10237000FFE70198006844F20001C4F201018842BD
:1023800012D0FFE7019800684EF20001C4F200018C
:10239000884209D0FFE7019800684EF20041C4F27C
:1023A0000001884219D1FFE7019800688068072181
:1023B000C0F2010108400090009806280CD0FFE709
:1023C0000098B0F5803F07D0FFE7019801680868E2
:1023D00040F001000860FFE706E001980168086826
:1023E00040F001000860FFE700208DF80B00FFE7D8
:1023F0009DF80B0003B0704780B586B00490039140
:1024000000208DF80B00FFE7049890F83C000128AD
:1024100004D1FFE702208DF81700D1E004990120D4
:1024200081F83C00FFE7FFE70499022081F83D00B6
:10243000049800688068019001984FF68871CFF683
:10244000CE7108400190019820F47F4001900198DE
:10245000049909688860039800680090002800F0DB
:102460009580FFE70098102800F09080FFE7009823
:10247000202800F08B80FFE70098302800F086804D
:10248000FFE70098402874D0FFE70098502856D006
:10249000FFE7009860285FD0FFE7009870282AD0F7
:1024A000FFE70098B0F5805F24D0FFE70098B0F513
:1024B000005F35D0FFE70098B0F5801F66D0FFE7DA
:1024C0000098B0F1101F61D0FFE700982021C0F202
:1024D000100188425AD0FFE700983021C0F2100165
:1024E000884253D0FFE700984021C0F21001884293
:1024F0004CD052E055E004980068039B5A689968F4
:10250000DB6808F041F90498006880680190019840
:1025100040F077000190019804990968886040E0D4
:1025200004980068039B5A689968DB6808F02CF9E6
:1025300004980168886840F48040886031E004981D
:102540000068039A5168D26808F0AEFC04980068ED
:10255000502108F035F924E004980068039A516886
:10256000D26808F0C9FC04980068602108F028F9D6
:1025700017E004980068039A5168D26808F094FC48
:1025800004980068402108F01BF90AE004980068EC
:102590000399096808F014F903E001208DF80B0095
:1025A000FFE70499012081F83D00FFE7049900202E
:1025B00081F83C00FFE79DF80B008DF81700FFE75E
:1025C0009DF8170006B080BD81B0009001B0704743
:1025D00080B584B0039003980068C06802900398A7
:1025E0000068006901909DF804008007002824D548
:1025F000FFE79DF80800800700281DD5FFE7039836
:1026000001686FF0020008610399012008770398C0
:1026100000688069800720B1FFE70398FFF7D4FFC7
:1026200006E0039800F058F9039800F0A5FAFFE7D8
:10263000039900200877FFE7FFE79DF804004007B3
:10264000002825D5FFE79DF80800400700281ED583
:10265000FFE7039801686FF0040008610399022006
:10266000087703980068806910F4407F04D0FFE782
:102670000398FFF7A9FF06E0039800F02DF90398EF
:1026800000F07AFAFFE7039900200877FFE7FFE7F9
:102690009DF804000007002824D5FFE79DF80800F6
:1026A000000700281DD5FFE7039801686FF00800B8
:1026B000086103990420087703980068C0698007BF
:1026C00020B1FFE70398FFF77FFF06E0039800F0D3
:1026D00003F9039800F050FAFFE703990020087708
:1026E000FFE7FFE79DF80400C006002825D5FFE7B7
:1026F0009DF80800C00600281ED5FFE70398016872
:102700006FF01000086103990820087703980068AB
:10271000C06910F4407F04D0FFE70398FFF754FF2F
:1027200006E0039800F0D8F8039800F025FAFFE7D8
:10273000039900200877FFE7FFE79DF80400C00732
:1027400078B1FFE79DF80800C00748B1FFE703989C
:1027500001686FF001000861039800F065FBFFE776
:10276000FFE7019800F08000802806D0FFE79DF881
:1027700005008006002810D5FFE79DF80800000638
:10278000002809D5FFE7039801686FF4025008613B
:102790000398FFF761FCFFE7FFE79DF80500C0071E
:1027A00080B1FFE79DF808000006002809D5FFE783
:1027B000039801686FF4807008610398FFF748FC84
:1027C000FFE7FFE79DF804004006002810D5FFE76B
:1027D0009DF808004006002809D5FFE70398016826
:1027E0006FF040000861039800F02EFBFFE7FFE761
:1027F0009DF804008006002810D5FFE79DF808002A
:102800008006002809D5FFE7039801686FF02000D3
:1028100008610398FFF724FCFFE7FFE704B080BDE1
:1028200080B588B007900020069005900490039032
:1028300002900798006840F20041C4F2000188420B
:102840001ED1FFE7FFE744F2E040C5F60200016851
:1028500041F002010160006800F00200019001985F
:10286000FFE7022002900390002104910591069059
:1028700040F20040C5F6020002A9F9F715FA29E076
:102880000798006841F60001C4F20001884220D197
:10289000FFE7FFE744F2E040C5F60200016841F0BF
:1028A00002010160006800F0020000900098FFE75C
:1028B0004FF4004002900220039000210491059102
:1028C000069040F20040C5F6020002A9F9F7ECF9C3
:1028D000FFE7FFE708B080BD81B0009001B070470E
:1028E00080B586B004900391029200208DF8070015
:1028F000FFE7049890F83C00012804D1FFE702208C
:102900008DF81700C0E00499012081F83C00FFE732
:10291000FFE702980090142800F2A7800099DFE8F2
:1029200001F00BA4A4A424A4A4A43EA4A4A457A48A
:10293000A4A471A4A4A48A0004980068039907F0D1
:1029400057FF04980168886940F00800886104987E
:102950000168886920F0040088610398026904987E
:10296000016888691043886183E0049800680399CE
:1029700007F0E6FF04980168886940F40060886108
:1029800004980168886920F480608861039802696E
:1029900004980168886940EA0220886169E0049827
:1029A0000068039908F084F804980168C86940F049
:1029B0000800C86104980168C86920F00400C86173
:1029C0000398026904980168C8691043C86150E01F
:1029D00004980068039908F023F904980168C8690D
:1029E00040F40060C86104980168C86920F4806000
:1029F000C8610398026904980168C86940EA022026
:102A0000C86136E004980068039908F079F90498E1
:102A10000168486D40F00800486504980168486DF9
:102A200020F0040048650398026904980168486D25
:102A3000104348651DE004980068039908F0C8F940
:102A400004980168486D40F4006048650498016886
:102A5000486D20F480604865039802690498016815
:102A6000486D40EA0220486503E001208DF8070028
:102A7000FFE7FFE70499002081F83C00FFE79DF89D
:102A800007008DF81700FFE79DF8170006B080BD1E
:102A900080B582B00090009820B9FFE701208DF842
:102AA000070045E0009890F83D0040B9FFE7009925
:102AB000002081F83C00009800F03EF8FFE7009904
:102AC000022081F83D00009951F8040B07F058FDF1
:102AD0000099012081F84800FFE70099012081F862
:102AE0003E00009981F83F00009981F8400000996C
:102AF00081F84100009981F84200009981F8430073
:102B0000FFE7FFE70099012081F84400009981F870
:102B10004500009981F84600009981F84700FFE7D9
:102B20000099012081F83D0000208DF80700FFE7A3
:102B30009DF8070002B080BD82B001900198006846
:102B400041F60001C4F20001884210D1FFE7FFE71F
:102B500044F2E840C5F60200016841F0400101601E
:102B6000006800F0400000900098FFE7FFE702B027
:102B7000704700000000000081B0009001B0704775
:102B800080B590B00E900D910D9828B9FFE70E9882
:102B900090F83E000B9034E00D98042805D1FFE733
:102BA0000E9890F83F000A9028E00D98082805D16B
:102BB000FFE70E9890F8400009901CE00D980C2853
:102BC00005D1FFE70E9890F84100089010E00D98AD
:102BD000102805D1FFE70E9890F84200079004E016
:102BE0000E9890F843000790FFE707980890FFE7DA
:102BF00008980990FFE709980A90FFE70A980B9058
:102C0000FFE70B98012804D0FFE701208DF83F0073
:102C100003E10D9828B9FFE70E99022081F83E00E4
:102C200038E00D98042806D1FFE70E99022081F8BC
:102C30003F0006902CE00D98082806D1FFE70E997A
:102C4000022081F8400005901FE00D980C2806D165
:102C5000FFE70E99022081F84100049012E00D98E0
:102C6000102806D1FFE70E99022081F84200039058
:102C700005E00E99022081F843000390FFE70398D6
:102C80000490FFE704980590FFE705980690FFE79A
:102C90000698FFE70E9800680D990122019207F04F
:102CA00057FD01980E9909680022C4F20102914271
:102CB00002902DD0FFE70E980168012040F20042FB
:102CC000C4F201029142029022D0FFE70E980168FF
:102CD000012044F20002C4F201029142029017D096
:102CE000FFE70E980168012044F20042C4F201029D
:102CF000914202900CD0FFE70E9800684BF600015D
:102D0000CBF6FE710844B0FA80F040090290FFE76C
:102D10000298C00738B1FFE70E980168486C40F48C
:102D200000404864FFE70E9800680021C4F20101EA
:102D300088424ED0FFE70E980068B0F1804F48D02F
:102D4000FFE70E98006840F20041C4F2000188429B
:102D50003FD0FFE70E98006840F60001C4F2000182
:102D6000884236D0FFE70E98006840F60041C4F272
:102D7000000188422DD0FFE70E98006840F2004124
:102D8000C4F20101884224D0FFE70E98006841F6A2
:102D90000001C4F2000188421BD0FFE70E980068D2
:102DA00044F20001C4F20101884212D0FFE70E98FC
:102DB00000684EF20001C4F20001884209D0FFE72A
:102DC0000E9800684EF20041C4F20001884219D109
:102DD000FFE70E98006880680721C0F201010840F3
:102DE0000C900C9806280CD0FFE70C98B0F5803FAB
:102DF00007D0FFE70E980168086840F001000860FE
:102E0000FFE706E00E980168086840F001000860DE
:102E1000FFE700208DF83F00FFE79DF83F0010B06E
:102E200080BD00000000000080B582B001900198D4
:102E30000068B0F1804F03D1FFE7F9F79DFAFFE793
:102E400002B080BD0000000081B0009001B070476A
:102E500083B00190FFE7019890F88400012804D125
:102E6000FFE702208DF80B002CE00199012081F88A
:102E70008400FFE7FFE701992420C1F8880001984A
:102E800000680068009001980168086820F001005F
:102E90000860009820F000500090019900204866DA
:102EA000009801990968086001992020C1F88800FC
:102EB000FFE70199002081F88400FFE700208DF8EA
:102EC0000B00FFE79DF80B0003B070470000000007
:102ED00080B582B00190ADF8021001984DF6B06156
:102EE000C2F20001884206D1FFE70198BDF8021046
:102EF0000DF0E2FE0EE0019844F61441C0F200012C
:102F0000884206D1FFE70198BDF802100EF0C0FA22
:102F1000FFE7FFE701990120C8660198016808688A
:102F200040F01000086001980168886840F0400097
:102F300088600198D0F8800000681021C4F2020176
:102F4000884200F0A280FFE70198D0F88000006876
:102F50002821C4F20201884200F09780FFE701981F
:102F6000D0F8800000684021C4F20201884200F0DD
:102F70008C80FFE70198D0F8800000685821C4F2E7
:102F80000201884200F08180FFE70198D0F88000BC
:102F900000687021C4F20201884276D0FFE70198F0
:102FA000D0F8800000688821C4F2020188426CD009
:102FB000FFE70198D0F880000068A021C4F2020168
:102FC000884262D0FFE70198D0F880000068B821FD
:102FD000C4F20201884258D0FFE70198D0F880007F
:102FE000006840F21041C4F2020188424DD0FFE770
:102FF0000198D0F88000006840F22841C4F2020134
:10300000884242D0FFE70198D0F88000006840F283
:103010004041C4F20201884237D0FFE70198D0F85E
:103020008000006840F25841C4F2020188422CD06E
:10303000FFE70198D0F88000006840F27041C4F2C8
:103040000201884221D0FFE70198D0F88000006893
:1030500040F28841C4F20201884216D0FFE701988D
:10306000D0F88000006840F2A041C4F2020188421A
:103070000BD0FFE70198D0F88000006840F2B8411B
:10308000C4F20201884209D1FFE70198D0F880001C
:103090000168086840F00100086008E00198D0F875
:1030A00080000168086840F001000860FFE702B096
:1030B00080BD00000000000081B0009001B07047AA
:1030C00080B584B002900191FFE7029890F88400E7
:1030D000012804D1FFE702208DF80F0032E00299A9
:1030E000012081F88400FFE7FFE702992420C1F85E
:1030F00088000298006800680090029801680868DB
:1031000020F00100086002980068806820F060608C
:1031100001990843029909688860029808F0D0FB79
:10312000009802990968086002992020C1F8880077
:10313000FFE70299002081F88400FFE700208DF866
:103140000F00FFE79DF80F0004B080BD00000000F5
:1031500080B584B002900191FFE7029890F8840056
:10316000012804D1FFE702208DF80F0032E0029918
:10317000012081F88400FFE7FFE702992420C1F8CD
:10318000880002980068006800900298016808684A
:1031900020F00100086002980068806820F060401C
:1031A00001990843029909688860029808F088FB31
:1031B000009802990968086002992020C1F88800E7
:1031C000FFE70299002081F88400FFE700208DF8D6
:1031D0000F00FFE79DF80F0004B080BD0000000065
:1031E00081B0009001B0704781B0009001B070478D
:1031F00080B586B00490FFE7FFE70498006850E8C8
:10320000000F20F0C0000390FFE7039904980268C4
:1032100042E800100028F0D1FFE7FFE7FFE7FFE7F3
:103220000498006850E8020F20F400000290FFE7C5
:1032300002990498026842E802100028F0D1FFE7E2
:10324000FFE70498006880680006002833D5FFE790
:10325000FFE7FFE70498006850E8020F20F08000C5
:103260000190FFE701990498026842E802100028E3
:10327000F0D1FFE7FFE70498C06FD8B1FFE70498EB
:10328000C16F002008650498C06FF3F7D5FE80B1C8
:10329000FFE70498C06FF4F7E3FE202808D1FFE7AA
:1032A00004991020C1F8900003208DF817001BE04E
:1032B000FFE7FFE7FFE704990020A1F85600049814
:1032C000406EB0F1005F07D1FFE70498016888699C
:1032D00040F010008861FFE704992020C1F88800C1
:1032E00000208DF81700FFE79DF8170006B080BD9D
:1032F00081B0009001B0704780B592B011901198E4
:103300000068C06910901198006800680F901198CB
:10331000006880680E90109840F60F0108400D90EC
:103320000D98E0B9FFE79DF840008006002815D50C
:10333000FFE79DF83C008006002806D4FFE79DF8D3
:103340003B00C006002809D5FFE71198406F20B167
:10335000FFE71198416F8847FFE72FE3FFE70D98DC
:10336000002800F00C81FFE70E980121C1F2000156
:10337000084209D1FFE70F9840F22011C0F2004146
:10338000084200F0FC80FFE79DF84000C00788B1CC
:10339000FFE79DF83D00C00760B1FFE711980168A5
:1033A000012008621199D1F8900040F00100C1F8A5
:1033B0009000FFE79DF840008007002811D5FFE747
:1033C0009DF83800C00760B1FFE71198016802203E
:1033D00008621199D1F8900040F00400C1F8900003
:1033E000FFE79DF840004007002811D5FFE79DF852
:1033F0003800C00760B1FFE7119801680420086237
:103400001199D1F8900040F00200C1F89000FFE758
:103410009DF840000007002819D5FFE79DF83C0003
:103420008006002807D4FFE70E980121C1F20001B1
:1034300008420CD0FFE71198016808200862119932
:10344000D1F8900040F00800C1F89000FFE79DF827
:1034500041000007002813D5FFE79DF83F00400713
:1034600000280DD5FFE7119801684FF4006008624D
:103470001199D1F8900040F02000C1F89000FFE7CA
:103480001198D0F89000002878D0FFE79DF8400010
:103490008006002815D5FFE79DF83C00800600282F
:1034A00006D4FFE79DF83B00C006002809D5FFE7DA
:1034B0001198406F20B1FFE71198416F8847FFE7EF
:1034C000FFE71198D0F890000C9011980068806880
:1034D00000F04000402806D0FFE79DF8300010F0D3
:1034E000280F42D0FFE7119808F016FC11980068E9
:1034F00080684006002833D5FFE7FFE7FFE7119813
:10350000006850E8020F20F040000B90FFE70B9995
:103510001198026842E802100028F0D1FFE7FFE7A7
:103520001198D0F88000B0B1FFE71198D0F8801062
:103530004BF6D930C0F6010008651198D0F880002C
:10354000F4F736FA30B1FFE71198D0F88000016D3A
:103550008847FFE703E01198FFF7CAFEFFE703E0A3
:103560001198FFF7C5FEFFE707E01198FFF7C0FECF
:1035700011990020C1F89000FFE7FFE71EE21198C3
:10358000C06E012840F0BB81FFE79DF84000C006F7
:10359000002840F1B481FFE79DF83C00C0060028F8
:1035A00040F1AD81FFE71198016810200862119881
:1035B000006880684006002840F13F81FFE71198CD
:1035C000D0F8800000681021C4F20201884200F0A7
:1035D000A280FFE71198D0F8800000682821C4F28B
:1035E0000201884200F09780FFE71198D0F8800030
:1035F00000684021C4F20201884200F08C80FFE79D
:103600001198D0F8800000685821C4F20201884265
:1036100000F08180FFE71198D0F8800000687021E9
:10362000C4F20201884276D0FFE71198D0F88000FA
:1036300000688821C4F2020188426CD0FFE711982B
:10364000D0F880000068A021C4F20201884262D054
:10365000FFE71198D0F880000068B821C4F2020199
:10366000884258D0FFE71198D0F88000006840F2F7
:103670001041C4F2020188424DD0FFE71198D0F802
:103680008000006840F22841C4F20201884242D022
:10369000FFE71198D0F88000006840F24041C4F282
:1036A0000201884237D0FFE71198D0F88000006807
:1036B00040F25841C4F2020188422CD0FFE7119831
:1036C000D0F88000006840F27041C4F202018842E4
:1036D00021D0FFE71198D0F88000006840F28841BF
:1036E000C4F20201884216D0FFE71198D0F880009A
:1036F000006840F2A041C4F2020188420BD0FFE70B
:103700001198D0F88000006840F2B841C4F202017C
:10371000884207D1FFE71198D0F880000068406820
:10372000019006E01198D0F8800000684068019090
:10373000FFE70198ADF82A00BDF82A0000287BD0E9
:10374000FFE7BDF82A001199B1F85C10884273DADE
:10375000FFE7BDF82A001199A1F85E001198D0F892
:103760008000C069B0F5807F59D0FFE7FFE7FFE731
:103770001198006850E8000F20F480700990FFE76E
:1037800009991198026842E800100028F0D1FFE77B
:10379000FFE7FFE7FFE71198006850E8020F20F00D
:1037A00001000890FFE708991198026842E80210AA
:1037B0000028F0D1FFE7FFE7FFE7FFE71198006877
:1037C00050E8020F20F040000790FFE7079911989A
:1037D000026842E802100028F0D1FFE7FFE71199E4
:1037E0002020C1F88C0011990020C866FFE7FFE790
:1037F0001198006850E8000F20F010000690FFE7D5
:1038000006991198026842E800100028F0D1FFE7FD
:10381000FFE71198D0F88000F3F70EFCFFE711994D
:10382000022008671198B0F85C10B0F85E20891A81
:1038300089B2FFF74DFBFFE7C0E01199B1F85C00DA
:10384000B1F85E10401AADF816001198B0F85E009D
:10385000002853D0FFE7BDF8160000284ED0FFE740
:10386000FFE7FFE71198006850E8000F20F4907020
:103870000490FFE704991198026842E800100028BC
:10388000F0D1FFE7FFE7FFE7FFE71198006850E896
:10389000020F4FF6FE71CEF6FF7108400390FFE76E
:1038A00003991198026842E802100028EDD1FFE761
:1038B000FFE711992020C1F88C0011990020C866FB
:1038C00011994867FFE7FFE71198006850E8000F7B
:1038D00020F010000290FFE702991198026842E878
:1038E00000100028F0D1FFE7FFE7119902200867D8
:1038F0001198BDF81610FFF7EBFAFFE75EE09DF8B0
:103900004200C00600280FD5FFE79DF83A004006A8
:10391000002809D5FFE7119801684FF4801008626C
:103920001198FFF761FC49E09DF84000000600286F
:1039300015D5FFE79DF83C000006002806D4FFE7F8
:103940009DF83A000006002809D5FFE71198806F1E
:1039500020B1FFE71198816F8847FFE72EE09DF8BF
:103960004000400600280AD5FFE79DF83C004006CD
:10397000002804D5FFE7119808F01EFA1EE09DF814
:103980004200000600280AD5FFE79DF83F004006E8
:10399000002804D5FFE71198FFF722FC0EE09DF800
:1039A0004300C00750B1FFE79DF83F000006002824
:1039B00004D5FFE71198FFF77FFBFFE712B080BD4A
:1039C00080B582B00090009820B9FFE701208DF803
:1039D000070046E00098806908B1FFE700E0FFE7D4
:1039E0000098D0F8880040B9FFE70099002081F8DE
:1039F0008400009800F03CF8FFE700992420C1F80B
:103A0000880000980168086820F0010008600098AC
:103A1000806A20B1FFE7009807F096FFFFE7009863
:103A200008F01EFA012804D1FFE701208DF80700F5
:103A300017E000980168486820F4904048600098BA
:103A40000168886820F02A0088600098016808688A
:103A500040F001000860009808F01AF88DF807009F
:103A6000FFE79DF8070002B080BD000000000000E5
:103A700080B5B4B0339000203290319030902F90C8
:103A80002E903398006845F20001C4F2000188428C
:103A900040F08D80FFE7FFE744F2E840C5F6020002
:103AA000016841F480110160006800F480102D90DD
:103AB0002D98FFE7FFE744F2E040C5F602000168F9
:103AC00041F004010160006800F004002C902C9883
:103AD000FFE7FFE744F2E040C5F60200016841F06D
:103AE00008010160006800F008002B902B98FFE7A8
:103AF0004FF480502E9002201B902F9000201E909B
:103B00003090319008201C90329040F60000C5F6AD
:103B100002002EA91D91F8F7C7F81B9B1C981D9950
:103B20001E9A4FF0040CCDF8B8C02F9330920322A8
:103B30003192329040F60040C5F60200F8F7B4F832
:103B40001E9944F20860C0F200001F9040F25842F3
:103B5000C4F202020260412242608160C1604FF4FF
:103B600080620261416181614FF48072C2614FF4F1
:103B7000403202624162F5F75BFB18B1FFE7F1F7F3
:103B80005FF9FFE7FFE7339844F20861C0F20001F4
:103B9000C0F8801033988863FFE735201A9005211C
:103BA0000022F8F745FD1A98F8F736FD37E3339809
:103BB000006847F60001C4F20001884240F08D80A1
:103BC000FFE7FFE744F2E840C5F60200016841F074
:103BD00080410160006800F080402A902A98FFE749
:103BE000FFE744F2E040C5F60200016841F0100131
:103BF0000160006800F0100029902998FFE74FF459
:103C0000C0702E9002202F9000201890309031909C
:103C10000720329041F20000C5F602002EA9F8F705
:103C200043F818994DF2E850C2F20000199058225A
:103C3000C4F2020202604F2242608160C1604FF410
:103C400080620261416181614FF48072C2610162F0
:103C50004162F5F7EDFA18B1FFE7F1F7F1F8FFE788
:103C6000FFE733984DF2E851C2F20001C0F880102E
:103C700033988863FFE744F28060C0F20000179039
:103C80007021C4F202010160502141604021816035
:103C90000021C1604FF48062026141618161C161B4
:103CA00001624162F5F7C4FA18B1FFE7F1F7C8F80D
:103CB000FFE7FFE7339844F28061C0F20001C1677B
:103CC00033988863FFE75220169005210022F8F709
:103CD000AFFC1698F8F7A0FCA0E23398006841F218
:103CE0000001C4F20101884240F08E80FFE7FFE747
:103CF00044F2F040C5F60200016841F01001016095
:103D0000006800F0100028902898FFE7FFE744F2D1
:103D1000E040C5F60200016841F001010160006861
:103D200000F0010027902798FFE74FF4C0602E9025
:103D300002202F9000201490309031900720329074
:103D40000020C5F602002EA9F7F7AEFF14994DF238
:103D5000D860C2F2000015908822C4F2020202600C
:103D6000292242608160C1604FF48062026141613A
:103D70008161C1614FF4403202624162F5F758FA45
:103D800018B1FFE7F1F75CF8FFE7FFE733984DF272
:103D9000D861C2F20001C0F8801033988863FFE751
:103DA00044F27070C0F200001390A021C4F202012E
:103DB00001602A214160402181600021C1604FF4EF
:103DC0008062026141618161C1614FF440320262EF
:103DD0004162F5F72DFA18B1FFE7F1F731F8FFE787
:103DE000FFE7339844F27071C0F20001C167339865
:103DF0008863FFE72520129005210022F8F718FCC0
:103E00001298F8F709FC08E23398006844F2004180
:103E1000C4F20001884240F09180FFE7FFE744F2DE
:103E2000E840C5F60200016841F400310160006815
:103E300000F4003026902698FFE7FFE744F2E040C8
:103E4000C5F60200016841F008010160006800F059
:103E5000080025902598FFE770202E9002202F90D3
:103E600000201090309031900720329040F60040B2
:103E7000C5F602002EA9F7F717FF10994DF2507002
:103E8000C2F200001190B822C4F2020202602B229A
:103E900042608160C1604FF4806202614161816172
:103EA0004FF48072C2614FF4803202624162F5F7D2
:103EB000BFF918B1FFE7F0F7C3FFFFE7FFE733985B
:103EC0004DF25071C2F20001C0F88010339888633F
:103ED000FFE744F2E870C0F200000F9040F210419A
:103EE000C4F2020101602C21416040218160002167
:103EF000C1604FF48062026141618161C1614FF430
:103F0000803202624162F5F793F918B1FFE7F0F7EA
:103F100097FFFFE7FFE7339844F2E871C0F2000132
:103F2000C16733988863FFE726200E9005210022A1
:103F3000F8F77EFB0E98F8F76FFB6DE13398006899
:103F400044F60001C4F20001884240F0B780FFE768
:103F5000FFE744F2E840C5F60200016841F4802121
:103F60000160006800F4802024902498FFE7FFE7B8
:103F700044F2E040C5F60200016841F00201016030
:103F8000006800F0020023902398FFE7FFE744F267
:103F9000E040C5F60200016841F0080101600068D8
:103FA00000F0080022902298FFE74FF480402E9006
:103FB000022009902F9000200C9030903190072023
:103FC0000A90329040F20040C5F602002EA90B91F3
:103FD000F7F76AFE099B0A980B990C9A4FF4407CFC
:103FE000CDF8B8C02F9330923192329040F6004015
:103FF000C5F60200F7F758FE0C994DF2C870C2F2F0
:1040000000000D9040F22842C4F2020202602D220C
:1040100042608160C1604FF48062026141618161F0
:104020004FF48072C2614FF4803202624162F5F750
:10403000FFF818B1FFE7F0F703FFFFE7FFE733985A
:104040004DF2C871C2F20001C0F880103398886345
:10405000FFE744F66000C0F20000089040F24041E3
:10406000C4F2020101602E214160402181600021E3
:10407000C1604FF48062026141618161C1614FF4AE
:10408000803202624162F5F7D3F818B1FFE7F0F72A
:10409000D7FEFFE7FFE7339844F66001C0F2000166
:1040A000C16733988863FFE7272007900521002226
:1040B000F8F7BEFA0798F8F7AFFAACE03398006863
:1040C00041F60041C4F20101884240F0A380FFE7BD
:1040D000FFE744F2F040C5F60200016841F08001BC
:1040E0000160006800F0800021902198FFE7FFE761
:1040F00044F2E040C5F60200016841F010010160A1
:10410000006800F0100020902098FFE704202E9017
:10411000022102912F91002105913091319132902D
:1041200041F20000C5F6020003902EA90491F7F7B2
:10413000BBFD029B03980499059A4FF0080CCDF83B
:10414000B8C02F93309231920B223292F7F7ACFD28
:1041500005994DF26060C2F20000069040F2704294
:10416000C4F202020260762242608160C1604FF4B4
:1041700080620261416181614FF48072C2614FF4DB
:10418000403202624162F5F753F818B1FFE7F0F7E9
:1041900057FEFFE7FFE733984DF26061C2F200017E
:1041A000C0F8801033988863FFE744F2F860C0F2EB
:1041B0000000019040F28841C4F2020101607721C1
:1041C0004160402181600021C1604FF48062026142
:1041D00041618161C1614FF4403202624162F5F791
:1041E00027F818B1FFE7F0F72BFEFFE7FFE733985A
:1041F00044F2F861C0F20001C16733988863FFE7B9
:104200009C20009005210022F8F712FA0098F8F798
:1042100003FAFFE7FFE7FFE7FFE7FFE7FFE734B059
:1042200080BD00000000000080B586B004900391BE
:10423000ADF80A200498D0F88800202870D1FFE754
:10424000039820B1FFE7BDF80A0020B9FFE701207D
:104250008DF8170068E0039804990865BDF80A0016
:104260000499A1F85400BDF80A000499A1F8560079
:1042700004990020C1F8900004992120C1F8880019
:104280000498C06F88B3FFE70498C16F4BF6814074
:10429000C0F60100C8630498C16F4BF60150C0F628
:1042A000010008640498C16F4BF60140C0F601009C
:1042B000C8640498C16F0020086504980268016D05
:1042C000C06F2832BDF80A30F5F762FC60B1FFE735
:1042D00004991020C1F8900004992020C1F88800AA
:1042E00001208DF817001FE0FFE7049801684020C7
:1042F0000862FFE7FFE70498006850E8020F40F00B
:1043000080000190FFE701990498026842E80210DA
:104310000028F0D1FFE7FFE700208DF8170003E049
:1043200002208DF81700FFE79DF8170006B080BD4A
:1043300080B582B0019001984DF6B061C2F20001E3
:1043400088420AD1FFE74EF22C21C2F20001086830
:104350000130086008F034FBFFE702B080BD0000C8
:1043600081B0009001B0704780B584B00020039008
:1043700002900190F7F784FE02902420C4F200001E
:10438000006801900298019A4FF47A7100FB0120B5
:104390000390039804B080BDFFE7FEE70000000033
:1043A00080B582B0ADF80600BDF8062044F6A02026
:1043B000C0F200000C210CF04FFC02B080BD0000E8
:1043C00080B588B007900020069000F0FDF8FFE768
:1043D00016F016F8069040F25050C2F2000002901B
:1043E000EEF72EF8029890ED010A40F29050C2F2DA
:1043F0000000019001F00CFA0198029940F2F0528D
:10440000C2F20002059282ED0D0A3432039291ED60
:10441000020A203001F0FCF901980299059A82ED18
:104420000E0A91ED030A403001F0F2F90298039A66
:10443000059B83ED0F0AD0F810C0194641F828CF2C
:10444000D0F814C0C3F82CC08069186340F24460EF
:10445000C2F2000004909FED560A03F0D1F90499CE
:104460000598D1F89821D1F89C31D1F8A0C1C0F8B5
:1044700024C00362C26191ED680A9FED4E1A20EEDE
:10448000010A80ED000A91ED660A20EE010A80ED36
:10449000010A91ED670A20EE010A80ED030A90ED12
:1044A000010A90ED101A30EE410A9FED431AB4EE66
:1044B000410AF1EE10FA0ADAFFE740F2F051C2F2D7
:1044C0000001B1F844000130A1F844001CE040F2C2
:1044D000F050C2F2000090ED010A90ED101A30EE9B
:1044E000410A9FED361AB4EE410AF1EE10FA0ADDE8
:1044F000FFE740F2F051C2F20001B1F84400013888
:10450000A1F84400FFE7FFE740F2F050C2F20000DC
:1045100000904168016490ED010AB0F9441001EE89
:10452000101AB8EEC11A9FED262AA1EE020A80EDFC
:10453000020A90ED0A0AB7EEC00A9FED1B1B20EE9F
:10454000010BB7EEC00B80ED040A90ED0C0AB7EE3C
:10455000C00A20EE010BB7EEC00B80ED050A90ED0E
:104560000B0AB7EEC00A20EE010BB7EEC00B80EDD0
:10457000060A06984CF6CD41CCF6CC414843B0F142
:10458000333F09D8FFE740F25050C2F2000090EDEF
:10459000070AEEF7D1F8FFE706A8012115F010FF92
:1045A00016E700BF00BF00BF4446671ADCA54C40B9
:1045B0006F12833AE12E6542000034C30000344399
:1045C0000000B4430000000080B582B040F290507B
:1045D000C2F20000009040F29471C0F2000101911B
:1045E00001F002F900980199203001F0FDF80098DF
:1045F0000199403001F0F8F84CF6A810C2F2000022
:1046000040F2B822C2F20002012102F01DFD40F288
:104610004460C2F2000040F22421C2F2000140F2E4
:10462000AC72C0F20002B2EE040ADFED040A9FEDA4
:10463000041A03F065F802B080BD00BF6F12833A20
:10464000002474490000000080B586B00590ADF8E4
:1046500012100020ADF81000FFE7BDF81000BDF803
:1046600012100539884280F2E280FFE70598BDF814
:104670001010405CA52840F0A180FFE70598BDF828
:104680001010084405210DF013FC002800F095805F
:10469000FFE70599BDF8100001444878897840EAA1
:1046A0000120ADF80E00BDF80E000930ADF80C0089
:1046B000BDF81000BDF80C100844BDF81210884277
:1046C0007ADCFFE70598BDF810100844BDF80C101F
:1046D0000DF0AEFB00286FD0FFE70599BDF8100084
:1046E00001444879897940EA0120ADF80A00BDF813
:1046F0000A00B0F5417F57D1FFE7BDF80E000C2846
:1047000052D1FFE70599BDF81000084407300FF0BB
:10471000C7FA40F6D021C0F200010191A1F8400093
:104720000599BDF81000084409300FF0B9FA019955
:10473000A1F842000599BDF8100008440B300FF0B5
:10474000AFFA0199A1F84400059ABDF81000104491
:10475000407B81F84600059ABDF810001044807B2C
:1047600081F847000599BDF8100008440F300FF09C
:1047700097FA01460198A0F84810B0F8402040F69A
:104780001C31C0F200010A82B0F842204A82B0F81F
:1047900044208A8290F846208A7590F84720CA758E
:1047A000B0F848004883FFE7BDF80C10BDF81000D2
:1047B0000844ADF8100050E7FFE732E00598BDF877
:1047C0001010405CA9282BD1FFE7BDF81000153070
:1047D000BDF81210884222DCFFE70599BDF81000F1
:1047E0000844407853281AD1FFE70598BDF8101007
:1047F000084415210DF01CFB80B1FFE70598BDF8BA
:10480000101008444CF64C61C2F200010DF030FA71
:10481000BDF810001530ADF810001EE7FFE7FFE708
:10482000FFE7BDF810000130ADF8100015E706B045
:1048300080BD00000000000083B0029001918DF85F
:10484000032000208DF802008DF80200FFE79DF89C
:1048500002009DF80310884229DAFFE70298000F52
:10486000092809D8FFE70298000F303001999DF818
:10487000022001F8120009E00299372000EB1170C4
:1048800001999DF8022001F81200FFE7029800014B
:10489000029001989DF8021000EB41010020487041
:1048A000FFE79DF8020001308DF80200CFE703B06A
:1048B000704700000000000080B584B003908DF8C0
:1048C0000B108DF80A208DF8093003990420088018
:1048D0000399082048809DF80B0020B1FFE79DF860
:1048E000090028B9FFE70399FE2081F8C400FFE71B
:1048F0009DF80B00039908719DF80A00039948710F
:104900009DF80900039988710399002008620399B2
:1049100001F1180001F120030122019211460EF06D
:10492000F2FE039800889DF809104843EBF7CEFD8E
:104930000399C8600399C86809889DF80920514304
:10494000EBF778FF039800889DF80B104843EBF7CE
:10495000BDFD0399C1F8C8000399D1F8C8000988C2
:104960009DF80B205143EBF765FF019A039B03F180
:104970002C001979D3F8C8300EF0C5FE03980088D2
:104980009DF80B104843EBF7A1FD0399C1F8CC004B
:104990000399D1F8CC0009889DF80B205143EBF71F
:1049A00049FF019A039B03F134001979D3F8CC3005
:1049B0000EF0A9FE039800889DF809104843EBF714
:1049C00085FD0399C1F8D4000399D1F8D400098872
:1049D0009DF809205143EBF72DFF019A039B03F14A
:1049E00044009979D3F8D4300EF08DFE03984079C5
:1049F000002850D0FFE7039800889DF80A1048432C
:104A0000EBF764FD039908610399086909889DF82B
:104A10000A205143EBF70EFF039800889DF80A1017
:104A20004843EBF753FD0399C1F8D0000399D1F83F
:104A3000D00009889DF80A205143EBF7FBFE039A4A
:104A400002F13C005179D2F8D03001220EF05BFE29
:104A5000039800889DF80B1048439DF80A104843BE
:104A6000EBF734FD0399C1F8D8000399D1F8D800C9
:104A700009889DF80B2051439DF80A205143EBF71C
:104A8000D9FE039B03F14C0019795A79D3F8D83039
:104A90000EF039FEFFE7039800889DF80B1048439D
:104AA0004843EBF713FD0399C1F8DC000399D1F8F3
:104AB000DC0009889DF80B2051435143EBF7BAFE07
:104AC000039901F154000A79D1F8DC3011460EF057
:104AD0001AFE039800889DF80B1048434843EBF7F3
:104AE000F5FC0399C1F8E0000399D1F8E0000988CA
:104AF0009DF80B2051435143EBF79CFE039901F1C4
:104B00005C000A79D1F8E03011460EF0FCFD039804
:104B100000889DF8091048439DF80B104843EBF7B7
:104B2000D5FC0399C1F8E4000399D1F8E4000988A1
:104B30009DF8092051439DF80B205143EBF77AFE75
:104B4000039B03F164001A799979D3F8E4300EF0ED
:104B5000DAFD039800889DF80B1048439DF8091072
:104B60004843EBF7B3FC0399C1F8E8000399D1F887
:104B7000E80009889DF80B2051439DF80920514316
:104B8000EBF758FE039B03F16C0019799A79D3F87F
:104B9000E8300EF0B8FD039800889DF80B104843EC
:104BA0004843EBF793FC0399C1F8EC000399D1F863
:104BB000EC0009889DF80B2051435143EBF73AFE76
:104BC000039901F174000A79D1F8EC3011460EF026
:104BD0009AFD039800889DF80B1048434843EBF773
:104BE00075FC0399C1F8F0000399D1F8F000098829
:104BF0009DF80B2051435143EBF71CFE039901F143
:104C00007C000A79D1F8F03011460EF07CFD039853
:104C100000889DF80B1048434843EBF757FC039975
:104C2000C1F8F4000399D1F8F40009889DF80B202D
:104C300051435143EBF7FEFD039901F184000A79DA
:104C4000D1F8F43011460EF05EFD039800889DF80F
:104C5000091048434843EBF739FC0399C1F8F800C1
:104C60000399D1F8F80009889DF809205143514370
:104C7000EBF7E0FD039901F18C008A79D1F8F83067
:104C800011460EF040FD039800889DF80B10484334
:104C90009DF809104843EBF719FC0399C1F8FC0093
:104CA0000399D1F8FC0009889DF80B2051439DF829
:104CB00009205143EBF7BEFD039B03F194001979E2
:104CC0009A79D3F8FC300EF01EFD03990888097913
:104CD00048434843EBF7FAFB0399C1F80001039AF4
:104CE000D2F800011188127951435143EBF7A2FD2C
:104CF000039901F19C000A79D1F8003111460EF0B8
:104D000002FD03990888097948434843EBF7DEFB25
:104D10000399C1F80401039AD2F8040111881279A9
:104D200051435143EBF786FD039901F1A4000A7941
:104D3000D1F8043111460EF0E6FC03990888097990
:104D400048434843EBF7C2FB0399C1F80801039AB3
:104D5000D2F808011188127951435143EBF76AFDEB
:104D6000039901F1AC000A79D1F8083111460EF02F
:104D7000CAFC0399088809794843EBF7A7FB039914
:104D8000C1F80C01039AD2F80C0111881279514331
:104D9000EBF750FD039A02F1B4001179D2F80C310F
:104DA000012200920EF0AFFC03990888097948436C
:104DB000EBF78CFB0399C1F81001039AD2F81001AC
:104DC000118812795143EBF735FD009A039B03F1EB
:104DD000BC001979D3F810310EF095FC03980088C7
:104DE0009DF80B104843EBF771FB0399C1F83401B0
:104DF0000399D1F8340109889DF80B205143EBF752
:104E000019FD04B080BD000080B582B0019001980A
:104E100090F814018008C00708B1FFE771E001991C
:104E200001F164006C310EF0D1FE019981F8C400EB
:104E30000199B1F86400A1F8A4000199B1F87E00CD
:104E4000A1F8A600019A02F1640002F17C01A432EB
:104E50000EF0C4FD019981F8C4000199B1F8A400D5
:104E6000A1F8AC000199B1F86E00A1F8AE00019A6A
:104E700002F1A40002F16C01AC320EF0AFFD019919
:104E800081F8C4000199B1F88C00A1F89C00019947
:104E9000B1F88E00A1F89E00019A02F1AC0002F177
:104EA0008C019C320EF0D0FB019981F8C40001996D
:104EB00001F19C00AC310EF02BFC019981F8C4008B
:104EC0000199B1F87C00A1F8A4000199B1F86E0035
:104ED000A1F8A600019A02F17C0002F16C01A43253
:104EE0000EF07CFD019981F8C400019A02F1A40042
:104EF00002F1AC0194320EF071FD019981F8C40009
:104F0000FFE702B080BD000080B582B00190019B38
:104F1000D3F8D400D9681A889B795A43EBF72EFC52
:104F2000019AD068118892795143EBF783FC01987C
:104F3000407901280ADBFFE7019BD3F8D00019690B
:104F40001A885B795A43EBF719FCFFE702B080BD82
:104F500080B582B00190019890F814010009C00753
:104F600008B1FFE735E00199B1F89400A1F8A40079
:104F70000199B1F86600A1F8A600019A02F1940027
:104F800002F16401A4320EF029FD019981F8C400F8
:104F90000199B1F8A400A1F8AC000199B1F87E0024
:104FA000A1F8AE00019A02F1A40002F17C01AC323A
:104FB0000EF014FD019981F8C400019A02F17C0001
:104FC00002F1AC0174320EF0A1FD019981F8C40028
:104FD000FFE702B080BD000080B582B0019001986B
:104FE00090F814014008C00708B1FFE734E00199C8
:104FF00001F154005C310EF0E9FD019981F8C40023
:10500000019A02F1540002F174017C320EF0E6FCC8
:10501000019981F8C4000199B1F87C00A1F8A400BD
:105020000199B1F85E00A1F8A600019A02F17C0096
:1050300002F15C01A4320EF0D1FC019981F8C400A8
:10504000019A02F1A40002F184017C320EF0FCFA14
:10505000019981F8C400FFE702B080BD00000000A4
:1050600080B582B001900198FFF74EFF0198D0F80B
:10507000180128B1FFE70198D0F818118847FFE719
:10508000019800F0B1F80198D0F81C0128B1FFE7B1
:105090000198D0F81C118847FFE70198FFF79CFFA3
:1050A0000198D0F8200128B1FFE70198D0F820112D
:1050B0008847FFE70198FFF7A7FE0198D0F8240181
:1050C00028B1FFE70198D0F824118847FFE701983D
:1050D00000F032F80198D0F8280128B1FFE70198D4
:1050E000D0F828118847FFE70198FFF731FF0198B2
:1050F000D0F82C0128B1FFE70198D0F82C1188478F
:10510000FFE70198D0F8300128B1FFE70198D0F807
:1051100030118847FFE7019BD3F83401D3F8C8105A
:105120001A881B795A43EBF729FB0198D0F8340110
:1051300002B080BD0000000080B582B001900198EF
:1051400090F81401C008C00708B1FFE74AE00199D0
:10515000B1F86400A1F8B400019901200090A1F811
:10516000B600019A02F1640002F13401B4320EF08B
:1051700035FC01460098019A82F8C410019AB2F8F1
:105180004410A2F8BC100199A1F8BE00019A02F1E6
:10519000440002F1B401BC320EF0B8FC01460098A4
:1051A000019A82F8C410019AB2F89410A2F8B410CF
:1051B0000199A1F8B600019901F1940001F1B4023E
:1051C000BC310EF00BFC019981F8C400019901F18A
:1051D0002C0201F13400B4310EF036FA019981F855
:1051E000C400FFE702B080BD80B582B00190019895
:1051F00090F81401C00708B1FFE744E00198407936
:10520000012834DBFFE701990879A1F8B40001997E
:1052100001200090A1F8B600019A02F12C0102F1E0
:105220005400B4320EF0DAFB01460098019A82F87D
:10523000C410019A1179A2F8B4100199A1F8B6002E
:10524000019A02F14C0002F13C01BC320EF0C6FBA7
:10525000019981F8C400019A02F1B40002F1BC0185
:1052600034320EF0F1F9019981F8C4000BE0019A93
:1052700002F12C0102F1540034320EF0AFFB01991F
:1052800081F8C400FFE702B080BD0000000000000C
:1052900081B00090009880684FF6C071C7F6FF712A
:1052A000084002300099886001B07047000000009B
:1052B00081B00090009988684FF6C072C5F6FF7201
:1052C0001040886001B0704781B0009000988068FD
:1052D0004FF6C071C7F6FF71084001300099886031
:1052E00001B070470000000081B000900099C868CC
:1052F00040F00100C86001B07047000000000000ED
:1053000081B000900098806840F080504FF6C071E6
:10531000C7F6FF7108400099886001B0704700002F
:1053200081B000900098806800F0E07001B0704794
:1053300081B000900098806800F01F0001B07047B5
:1053400083B0029001910298019900EB81006030D6
:1053500000900098006800F0F84003B0704700002B
:1053600081B0009000988068C0F3C00001B0704721
:1053700081B0009000988068C00F01B070470000B5
:1053800081B0009000988068C0F3407001B0704711
:1053900081B0009000988068C0F3400001B0704771
:1053A00081B000900098806800F0010001B0704763
:1053B00081B000900098806800F0010001B0704753
:1053C00081B0009000988068C0F3007001B0704711
:1053D00081B0009000988068C0F3800001B07047F1
:1053E00081B0009000988068C0F3800001B07047E1
:1053F00081B000900098C06800F44060B0FA80F07E
:10540000400901B07047000082B0019000910198FE
:1054100046F20001C5F60201884209D1FFE7019872
:10542000C06820F00300009908430199C860FFE7B5
:1054300002B070470000000082B001900091019816
:10544000C06820F00300009908430199C86002B0C9
:10545000704700000000000084B0039002910192A8
:105460000398029901F4407100EB911030300090E4
:1054700000980068029901F01F021F2191408843A3
:105480000199C1F38461914008430099086004B018
:10549000704700000000000081B000900098806814
:1054A0004FF6C071C7F6FF7108400430009988605C
:1054B00001B070470000000084B003900291019297
:1054C0000398029901F0007100EBD1501430009064
:1054D000009800680299C1F3045207219140884363
:1054E0000199914008430099086004B0704700009A
:1054F00083B0029001910092029846F20001C5F635
:105500000201884215D1FFE70298D0F8B000019956
:105510006FF31F518843009A02F018034FF6FF7291
:10552000C0F20F02DA40114008440299C1F8B000FD
:1055300014E00298D0F8C00001996FF31F5188431E
:10554000009A02F018034FF6FF72C0F20F02DA4021
:10555000114008440299C1F8C000FFE703B070474A
:1055600082B0019000910198806820F47C1000992D
:1055700008430199886002B07047000000000000F5
:1055800082B0019000910198806820F0E07000994D
:1055900008430199886002B07047000000000000D5
:1055A00083B00290019100920298006920F4F040CB
:1055B0000099019A02F01F02914008430299086184
:1055C00003B070470000000085B004900391029280
:1055D00001930498039900EB8100603000900498D7
:1055E00046F20001C5F6020188420CD1FFE700989F
:1055F0000068029800F0F8400199084340F000402C
:10560000009908600CE00098006800F000400299E2
:1056100001F0F841019A1143084300990860FFE73F
:1056200005B070470000000084B003900291019221
:10563000039846F20001C5F6020188420FD1FFE748
:105640000398029900EB8100603000900098006898
:1056500020F000700199084300990860FFE704B04A
:10566000704700000000000084B003900291019296
:10567000039846F20001C5F6020188420FD1FFE708
:105680000398029900EB8100603000900098006858
:1056900020F080700199084300990860FFE704B08A
:1056A000704700000000000084B003900291019256
:1056B000039846F20001C5F60201884201D1FFE7D6
:1056C0000EE00398029900EB810060300090009892
:1056D000006820F000400199084300990860FFE746
:1056E00004B070470000000084B003900291019262
:1056F0000398029900EB810060300090039846F215
:105700000001C5F60201884209D1FFE70098006850
:1057100020F00040019908430099086008E00098D3
:10572000006820F000400199084300990860FFE7F5
:1057300004B070470000000083B002900191009215
:10574000029880684FF6C071C3F6FE71014001985F
:1057500000F48030009A02F080421044084400F1C6
:1057600000400299886003B070470000000000000C
:1057700082B001908DED000A00980199C8600199EE
:10578000002048600199886002B070470000000066
:1057900082B001908DED000A00980199486001984F
:1057A0000078C00738B9FFE7019948688860019917
:1057B00001200870FFE7019890ED013A90ED022A70
:1057C00090ED031AB7EE000A30EE410A20EE030A0C
:1057D000A1EE020A80ED020A019890ED020A02B0E1
:1057E000704700000000000082B001900091019914
:1057F000009B18685A689B68CB618A61486101996F
:105800000020486001990861C860886002B0704754
:1058100082B001908DED000A0098019948600198CE
:105820000078C00768B9FFE7019948688860019966
:105830004868C860019948680861019901200870AA
:10584000FFE70199C868886001990869C8600198F4
:1058500090ED012A90ED024A90ED033A90ED051A81
:1058600090ED060A20EE040AA1EE030A90ED071A55
:10587000A1EE020A80ED040A019890ED040A02B03C
:10588000704700000000000080B5EDF74DF8EDF71F
:1058900047F8ECF7CDFFEDF753F8ECF7B1FF00F068
:1058A00017FFECF7B1FEEDF7B3F880BD0000000084
:1058B00080B586B00020019005900490039002907E
:1058C000F6F756FE019801218DF808108DF80900B1
:1058D0004FF01052039212228DF810208DF8110013
:1058E0008DF8121003218DF813108DF814008DF827
:1058F00015008DF816008DF8170002A8F6F7F8FDD0
:105900000620F6F749FE06B080BD0000000000004A
:1059100080B58EB0002000900D900C900B9002A8E6
:105920002421EAF787FF009A4DF21040C2F20000EE
:10593000019042F20001C4F2020101604FF4101123
:105940004160826001210161042343610276417656
:105950000223C36180F820208262C26203230363B2
:10596000C263026480F844208164F0F7FDFE18B140
:10597000FFE7EFF765FAFFE700200B904DF21040CC
:10598000C2F200000BA9EFF7C7FF18B1FFE7EFF76E
:1059900057FAFFE71020C1F2C000029006200390E2
:1059A0000420049040F2FF710591069000200790BA
:1059B0008DF829004DF21040C2F2000002A9F0F764
:1059C000F7F818B1FFE7EFF73BFAFFE70C20039079
:1059D000002004904DF21040C2F2000002A9F0F73E
:1059E000E7F818B1FFE7EFF72BFAFFE70EB080BD3D
:1059F00080B58CB003A82421EAF71CFF44F2A8402C
:105A0000C0F20000019046F20001C5F602010160FB
:105A10004FF4403141600821816000210291C16052
:105A2000016104224261017641760122C26180F85F
:105A3000202042628162C16280F8381041630163B4
:105A4000C163016480F844108164F0F78DFE18B1E1
:105A5000FFE7EFF7F5F9FFE70020CCF25270039073
:105A6000062004900020059040F2FF710691042169
:105A7000079108900A9044F2A840C0F2000003A9E0
:105A8000F0F796F818B1FFE7EFF7DAF9FFE70CB097
:105A900080BD00000000000080B582B0FFE744F246
:105AA000E040C5F60200016841F4001101600068A1
:105AB00000F4001001900198FFE78120009005217B
:105AC0000022F6F7B5FD0098F6F7A6FD02B080BDFE
:105AD00080B594B0FFE744F2D840C5F602000168F3
:105AE00041F002010160006800F002001390139879
:105AF000FFE7FFE744F2D840C5F60200016841F035
:105B000001010160006800F0010012901298FFE7A7
:105B10004DF2F840C2F2000011901021C4F20201CF
:105B2000016000214160802282604FF40072C260F7
:105B30004FF48062026141618161C16101620422AE
:105B4000426203228262C1620163F3F771FB18B102
:105B5000FFE7EFF775F9FFE70B20009005210E91A5
:105B600000220F92F6F764FD0098F6F755FD0E99A6
:105B70000F9A0C200190F6F75BFD0198F6F74CFDAB
:105B80000E990F9A0D200290F6F752FD0298F6F743
:105B900043FD0E990F9A0E200390F6F749FD0398E6
:105BA000F6F73AFD0E990F9A0F200490F6F740FD94
:105BB0000498F6F731FD0E990F9A10200590F6F72C
:105BC00037FD0598F6F728FD0E990F9A11200690DB
:105BD000F6F72EFD0698F6F71FFD0E990F9A2F2067
:105BE0000790F6F725FD0798F6F716FD0E990F9A20
:105BF00038200890F6F71CFD0898F6F70DFD0E9971
:105C00000F9A39200990F6F713FD0998F6F704FD6D
:105C10000E990F9A3A200A90F6F70AFD0A98F6F7BD
:105C2000FBFC0E990F9A3B200B90F6F701FD0B98A9
:105C3000F6F7F2FC0E990F9A3C200C90F6F7F8FC60
:105C40000C98F6F7E9FC0E990F9A44200D90F6F7A0
:105C5000EFFC0D98F6F7E0FC0E990F9A4520109096
:105C6000F6F7E6FC1098F6F7D7FC14B080BD0000FC
:105C700080B582B04DF64000C2F2000000904AF2BA
:105C80000001C4F200010160002201928260C26042
:105C900002744274012181740523436183614FF0D2
:105CA0000E0CC0F81CC0036243628362C0F82CC0B3
:105CB000036342638163C263082303640421416474
:105CC0008264C164026541658265C265036642669D
:105CD0008166F5F7D1F918B1FFE7EFF7B1F8FFE703
:105CE00002B080BD0000000080B582B044F6D8004C
:105CF000C0F2000000904AF20041C4F200010160CD
:105D00004FF44071816000220192C2600121017450
:105D1000427481740523436183614FF00E0CC0F817
:105D20001CC0036241628362C0F82CC0036340F26E
:105D3000553343638163C2630264042141640823D1
:105D40008364C164026541658265C265036642661B
:105D50008166F5F791F918B1FFE7EFF771F8FFE702
:105D600002B080BD0000000080B582B04DF6E000BA
:105D7000C2F2000000904DF20041C4F20001016047
:105D8000002201928260C260027442740121817417
:105D90000523436183614FF00E0CC0F81CC0036201
:105DA00043628362C0F82CC0036340F2AA6343637A
:105DB0008163C26308230364042141648264C16473
:105DC000026541658265C265036642668166F5F7D4
:105DD00053F918B1FFE7EFF733F8FFE702B080BDE2
:105DE000B0B5B2B04FF22460C0F60200016842685C
:105DF0008368D0F80CC0D0F810E044693094CDF836
:105E0000BCE0CDF8B8C02D932C922B9180693190D5
:105E10002BA80021009114F0CBFB009948F610123A
:105E2000C2F2000210604FF2EC50C0F602000268AD
:105E30004368D0F808C0D0F80CE00469456929959A
:105E40002894CDF89CE0CDF898C0259324928069E1
:105E50002A9024A814F0ACFB009944F67802C2F210
:105E6000000210604FF2D050C0F602000268436892
:105E7000D0F808C0D0F80CE0046945692295219457
:105E8000CDF880E0CDF87CC01E931D9280692390F0
:105E90001DA814F08DFB009940F6D852C0F2000204
:105EA00010604FF20860C0F6020002684368D0F844
:105EB00008C0D0F80CE0046945691B951A94CDF828
:105EC00064E0CDF860C01793169280691C9016A804
:105ED00014F06EFB009946F60C12C2F2000210603C
:105EE0004FF27860C0F6020002684368D0F808C03C
:105EF000D0F80CE00469456914951394CDF848E096
:105F0000CDF844C010930F92806915900FA814F03B
:105F10004FFB009942F69072C0F2000210604FF2FF
:105F20004060C0F6020002684368D0F808C0D0F8AC
:105F30000CE0046945690D950C94CDF82CE0CDF882
:105F400028C00993089280690E9008A814F030FBCD
:105F5000009948F6A412C2F2000210604FF25C6091
:105F6000C0F6020002684368D0F808C0D0F80CE020
:105F70000469456906950594CDF810E0CDF80CC08C
:105F8000029301928069079001A814F011FB42F678
:105F9000FC61C0F20001086032B0B0BD000000003A
:105FA00080B590B000200F900E900D900C900B904B
:105FB000FFE744F2E040C5F60200016841F010013D
:105FC0000160006800F010000A900A98FFE7FFE700
:105FD00044F2E040C5F60200016841F004010160AE
:105FE000006800F0040009900998FFE7FFE744F219
:105FF000E040C5F60200016841F0800101600068E0
:1060000000F0800008900898FFE7FFE744F2E040C6
:10601000C5F60200016841F002010160006800F06D
:10602000020007900798FFE7FFE744F2E040C5F65B
:106030000200016841F008010160006800F00800FA
:1060400006900698FFE7FFE744F2E040C5F602003D
:10605000016841F001010160006800F00100059055
:106060000598FFE740F60000C5F6020002904FF4E5
:10607000C04100220392F5F7EBFF029848F20901B4
:1060800001220192F5F7E4FF019A029803994FF477
:1060900060430B930C920D910E910BA90491F5F7AF
:1060A00003FE019A0298039B04994FF0090CCDF866
:1060B0002CC00C920D930E92F5F7F6FD03980499FF
:1060C0004FF4A0520B924FF488120C920D9041F2B3
:1060D0000000C5F60200F5F7E7FD10B080BD000036
:1060E00080B582B044F67810C0F20000019045F609
:1060F0000001C4F20001016049F6EE61C1F29001B5
:106100004160002181600122C260016141618161C1
:10611000C1610162F6F75CF818B1FFE7EEF790FE97
:10612000FFE744F67810C0F200004FF48051F5F715
:10613000AFFF18B1FFE7EEF783FEFFE744F67810F4
:10614000C0F200000021F5F7EFFF18B1FFE7EEF70E
:1061500077FEFFE702B080BD80B582B044F6CC1078
:10616000C0F20000009043F60001C4F2000101609B
:106170004FF4800141600021019181600722C260DB
:106180004FF0007202614FF0807242614FF0806206
:1061900082614FF00052C261016241628162C1625C
:1061A00041638163C163016441648164C1640165C9
:1061B00041658165FBF7A0F918B1FFE7EEF740FEF6
:1061C000FFE702B080BD000080B58CB000210191D6
:1061D0000B910A91099108910791069105910491FB
:1061E0000391029144F65420C0F2000041F60002EF
:1061F000C4F20002026017224260816040F2CF7256
:10620000C26001618161FCF743FC18B1FFE7EEF762
:1062100017FEFFE7002009900B9044F65420C0F2CF
:10622000000009A9FBF720FF18B1FFE7EEF708FE11
:10623000FFE7602002904FF47A70039000200490F2
:10624000069044F65420C0F2000002A90422FCF794
:1062500047FB18B1FFE7EEF7F3FDFFE744F65420E4
:10626000C0F20000FCF7DCFA0CB080BD00000000BA
:1062700080B590B0002101910F910E910D910C917C
:106280000B910A910991089107910691059104914A
:106290000391029144F6A020C0F2000040F20042B7
:1062A000C4F20002026077224260816044F62062FC
:1062B000C260016180218161FBF796FF18B1FFE7A1
:1062C000EEF7BEFDFFE74FF480500C9044F6A0209F
:1062D000C0F200000CA9FCF78FF818B1FFE7EEF749
:1062E000AFFDFFE744F6A020C0F20000FCF7D0FBB2
:1062F00018B1FFE7EEF7A4FDFFE7002009900B902F
:1063000044F6A020C0F2000009A9FBF7ADFE18B1C9
:10631000FFE7EEF795FDFFE7602002900020039075
:106320000490069044F6A020C0F2000002A90C22BE
:10633000FCF7D6FA18B1FFE7EEF782FDFFE744F667
:10634000A020C0F20000FCF76BFA10B080BD000086
:1063500080B582B04DF6D870C2F20000019045F2CF
:106360000001C4F20001016048F2A061C0F2010125
:1063700041604FF4805181604FF40051C1604FF48F
:10638000806101610C21416100218161C161016273
:1063900041628162FDF714FB18B1FFE7EEF750FD93
:1063A000FFE74DF6D870C2F200000021FCF7D0FEE6
:1063B00018B1FFE7EEF744FDFFE74DF6D870C2F2E3
:1063C00000000021FCF77CFE18B1FFE7EEF738FD76
:1063D000FFE74DF6D870C2F20000FCF739FD18B1A6
:1063E000FFE7EEF72DFDFFE702B080BD00000000E3
:1063F00080B582B044F61440C0F20000009047F629
:106400000001C4F2000101604FF4612141600021EC
:1064100001918160C16001610C2242618161C161B1
:10642000016241628162FDF7CBFA18B1FFE7EEF736
:1064300007FDFFE744F61440C0F200000021FCF71E
:1064400087FE18B1FFE7EEF7FBFCFFE744F61440C8
:10645000C0F200000021FCF733FE18B1FFE7EEF7B1
:10646000EFFCFFE744F61440C0F20000FCF7F0FC3C
:1064700018B1FFE7EEF7E4FCFFE702B080BD0000D3
:1064800080B582B044F6EC20C0F20000009041F6E6
:106490000041C4F2010101604FF46121416000211B
:1064A00001918160C16001610C2242618161C16121
:1064B000016241628162FDF783FA18B1FFE7EEF7EE
:1064C000BFFCFFE744F6EC20C0F200000021FCF71F
:1064D0003FFE18B1FFE7EEF7B3FCFFE744F6EC2010
:1064E000C0F200000021FCF7EBFD18B1FFE7EEF76A
:1064F000A7FCFFE744F6EC20C0F20000FCF7A8FC84
:1065000018B1FFE7EEF79CFCFFE702B080BD00008A
:1065100080B582B04DF6B060C2F20000009041F24A
:106520000001C4F2010101604FF4E131416000213A
:1065300001918160C16001610C2242618161C16190
:10654000016241628162FDF73BFA18B1FFE7EEF7A5
:1065500077FCFFE74DF6B060C2F200000021FCF7C7
:10656000F7FD18B1FFE7EEF76BFCFFE74DF6B06003
:10657000C2F200000021FCF7A3FD18B1FFE7EEF71F
:106580005FFCFFE74DF6B060C2F20000FCF760FC74
:1065900018B1FFE7EEF754FCFFE702B080BD000042
:1065A00080B582B044F68030C0F20000009044F222
:1065B0000041C4F2000101604FF4612141600023F9
:1065C00001938360C36003610C21416183614FF4D7
:1065D0000041C16103624362836219461A46FAF7B9
:1065E00057FD18B1FFE7EEF72BFCFFE744F68030CC
:1065F000C0F200000021FCF7ABFD18B1FFE7EEF799
:106600001FFCFFE744F68030C0F200000021FCF7D9
:1066100057FD18B1FFE7EEF713FCFFE744F68030B3
:10662000C0F20000FCF714FC18B1FFE7EEF708FC1D
:10663000FFE702B080BD000080B582B04DF6447027
:10664000C2F20000009044F60001C4F200010160B3
:106650004FF461214160002301938360C3600361B3
:106660000C21416183614FF40041C16103624362C7
:10667000836219461A46FAF70BFD18B1FFE7EEF7E9
:10668000DFFBFFE74DF64470C2F200000021FCF78B
:106690005FFD18B1FFE7EEF7D3FBFFE74DF644705F
:1066A000C2F200000021FCF70BFD18B1FFE7EEF786
:1066B000C7FBFFE74DF64470C2F20000FCF7C8FBD1
:1066C00018B1FFE7EEF7BCFBFFE702B080BD0000AA
:1066D00080B544F2CC10C0F2000040F27471C0F2F8
:1066E0000001012207F0E4FD18B1FFE7EEF7A8FB77
:1066F000FFE744F2CC10C0F2000040F2D421C2F215
:10670000000108F001FB18B1FFE7EEF799FBFFE786
:1067100044F2CC10C0F2000040F66001C0F200016B
:1067200006F0B2FF18B1FFE7EEF78AFBFFE744F28D
:10673000CC10C0F2000008F077FC18B1FFE7EEF7CC
:106740007FFBFFE7F7F79CF980BD00000000000029
:10675000FFE7FEE70000000081B0009040F6A000D7
:10676000C0F2000040680099086040F26060C0F22A
:106770000000806A0099486041F64860C2F201005A
:1067800000680099886044F6E860C0F20000006884
:106790000099C86040F63830C0F2000090F8391017
:1067A0009FED1A1AB7EE000A642930FE010A00991B
:1067B00081ED040AC178090900EE101AB8EE400A0A
:1067C000009981ED050AB0F83B1000EE101AB8EE02
:1067D000400A009981ED060A816FC1F3C04100EEC5
:1067E000101AB8EE400A009981ED070A806FC0F3D5
:1067F000C05000EE100AB8EE400A009880ED080A7A
:1068000000990020486201B0704700BF00000000FE
:1068100083B00290019100208DF80300FFE79DF8FE
:106820000300062812DCFFE79DF8032040F62C51F8
:10683000C0F20001029850F8220041F82200FFE760
:106840009DF8030001308DF80300E8E703B07047BE
:1068500080B582B042F6B470C0F20000FFF77CFF52
:1068600000208DF80700FFE79DF80700092815DCD8
:10687000FFE79DF8072042F6DC71C0F2000142F606
:10688000B470C0F2000050F8220041F82200FFE787
:106890009DF8070001308DF80700E5E742F6DC704F
:1068A000C0F200002821ECF7D3FD02B080BD00004B
:1068B000FFE7FEE70000000088B007900691059210
:1068C000079800F0070004900498C0F1070005281D
:1068D00003D3FFE70420019004E00498C0F107000F
:1068E0000190FFE70198039004980430062803D82C
:1068F000FFE70020009003E0049803380090FFE7D2
:106900000098029006980399012202FA01F10139D8
:106910000840029B984005999A40013A114008436B
:1069200008B070470000000080B54DF68010C2F23C
:106930000000F6F7B1F980BD80B586B005900491EE
:10694000059800680390039802900398006C0190EA
:106950000298049900EB4110D0F8080B00900198C0
:1069600043F20B01C4F6547188420FD3FFE79DF840
:1069700001000006002809D5FFE70298049900EB02
:1069800041114FF40040C1F8080BFFE70598F6F7F6
:10699000B7FF019843F20B01C4F6547188420DD33E
:1069A000FFE705988079012808D1FFE70599086875
:1069B00001F29C42012109F063F9FFE7002006B0D3
:1069C00080BD00000000000080B588B007900691EF
:1069D000079800680490049803900498006C029053
:1069E0000398069900EB4110D0F8080B0190079826
:1069F0008079012840F08180FFE79DF804000007BE
:106A0000002818D5FFE7029843F20B01C4F6547131
:106A100088420FD3FFE79DF805000006002809D53E
:106A2000FFE70398069900EB41114FF40040C1F8CD
:106A3000080BFFE760E09DF804008006002808D5F9
:106A4000FFE70398069900EB41112020C1F8080BDD
:106A500051E09DF8040010F0280F4AD1FFE702989A
:106A600043F20B01C4F6547188420FD3FFE79DF83F
:106A700005000006002809D5FFE70398069900EBFA
:106A800041114FF40040C1F8080B31E00798069916
:106A900001EBC10100EB810000F515700590059830
:106AA000006A0399069A01EB4211D1F8101B6FF3AB
:106AB000DF41401A05994861069898B9FFE70598A3
:106AC000006940B9FFE70799086801F29C4201217B
:106AD00009F0D6F805E00599C8684A691044C8600D
:106AE000FFE7FFE707989DF81810F5F761FEFFE74D
:106AF00000E0FFE7FFE7FFE747E0029843F20A11F3
:106B0000C4F65471884224D1FFE79DF805000006C1
:106B1000002809D5FFE70398069900EB41114FF4CF
:106B20000040C1F8080B13E09DF80400800600281F
:106B300008D5FFE70398069900EB41112020C1F822
:106B4000080BFFE707989DF81810F5F731FEFFE7EF
:106B50001AE0069890B9FFE70798069901EBC10182
:106B600000EB8100D0F8640240B9FFE7079908689C
:106B700001F29C42002109F083F8FFE707989DF895
:106B80001810F5F715FEFFE7FFE7002008B080BDFD
:106B900080B58CB00A9009910A980068089008980E
:106BA00007900A98099901EBC10100EB81001430AC
:106BB0000690069801694069884204D9FFE70120E0
:106BC0008DF82F0079E0069908694969401A059007
:106BD000059806998968884204D9FFE70698806875
:106BE0000590FFE70598033080080490FFE70798B9
:106BF000099900EB4110D0F8180981B2049A0020DD
:106C0000914202900FD3FFE7069802694169002084
:106C10009142029007D2FFE706980069002818BF4A
:106C200001200290FFE70298C00770B3FFE70699C2
:106C300008694969401A059005980699896888424B
:106C400004D9FFE7069880680590FFE705980330B0
:106C50008008049008980699C9689DF82420BDF81A
:106C60001430DDF828C09CF806C0EE46CEF800C00F
:106C700009F096FE059A0699C8681044C860059AFE
:106C80000699486910444861B1E70699086949695D
:106C900088420ED8FFE7099800F00F0101208840D4
:106CA0000390039A0799D1F834089043C1F8340847
:106CB000FFE700208DF82F00FFE79DF82F000CB0B4
:106CC00080BD00000000000081B00090009900200D
:106CD00048610861C860009988610099C86100999D
:106CE0000862009948620099886201B0704700000C
:106CF00080B584B002908DED010ACDED000A0298B6
:106D000000F08AF9029890F85A0030B1FFE7029833
:106D1000016E8847002003907AE10198029948604B
:106D20000098029988600299086948610299C868C8
:106D30000861029890ED010A90ED021A30EE410AC6
:106D400080ED030A029890ED030A90ED131AB0EE5D
:106D5000C00AB4EE410AF1EE10FAC0F25581FFE725
:106D600002980078012840F0C380FFE7029890ED78
:106D7000100AB5EE400AF1EE10FA10D0FFE70298C3
:106D800040F69C01C0F2000191ED002A90ED031A3B
:106D900090ED060AA1EE020A80ED060A03E00299D0
:106DA00000208861FFE7FFE7029890ED060A90ED6A
:106DB000141AB4EE410AF1EE10FA04DDFFE702996D
:106DC000086D886115E0029890ED060A90ED141A9E
:106DD000B1EE411AB4EE410AF1EE10FA08DAFFE71B
:106DE000029890ED140AB1EE400A80ED060AFFE722
:106DF000FFE7FFE7029890ED031A90ED0F0A20EEEF
:106E0000010A80ED070A029890ED061A90ED100A2B
:106E100020EE010A80ED080A029890ED031A90ED29
:106E2000042A90ED110A31EE421A20EE010A40F6D2
:106E30009C01C0F2000191ED001A80EE010A80ED84
:106E4000090A029890ED120AB5EE400AF1EE10FA26
:106E500019DDFFE7029890ED120AB7EE001AB4EEC2
:106E6000410AF1EE10FA0EDAFFE70299886C8863A6
:106E7000029901F12C0091ED090AFEF789FC0298B4
:106E800080ED090AFFE7029890ED070A90ED082AC5
:106E900090ED091A30EE020A30EE010A80ED0A0A7E
:106EA000FFE7029890ED0A0A90ED151AB4EE410A38
:106EB000F1EE10FA04DDFFE70299486D886215E0F3
:106EC000029890ED0A0A90ED151AB1EE411AB4EE4F
:106ED000410AF1EE10FA08DAFFE7029890ED150A80
:106EE000B1EE400A80ED0A0AFFE7FFE7FFE78AE01C
:106EF00002980078022840F08580FFE7029890ED24
:106F0000031A90ED042A90ED0F0A31EE421A20EE9A
:106F1000010A80ED070A029890ED031A90ED100A1D
:106F200020EE010A80ED080A029890ED031A90ED18
:106F3000043A90ED052A90ED110AB8EE004AA3EE4E
:106F4000041A31EE021A20EE010A80ED090A0298B5
:106F500090ED120AB5EE400AF1EE10FA19DDFFE7E6
:106F6000029890ED120AB7EE001AB4EE410AF1EE63
:106F700010FA0EDAFFE70299886C8863029901F132
:106F80002C0091ED090AFEF703FC029880ED090A36
:106F9000FFE7029890ED071A90ED083A90ED092A64
:106FA00090ED0A0A31EE031A31EE021A30EE010AB0
:106FB00080ED0A0AFFE7029890ED0A0A90ED151A93
:106FC000B4EE410AF1EE10FA04DDFFE70299486DD4
:106FD000886215E0029890ED0A0A90ED151AB1EE5C
:106FE000411AB4EE410AF1EE10FA08DAFFE702980E
:106FF00090ED150AB1EE400A80ED0A0AFFE7FFE7BF
:10700000FFE7FFE7FFE7FFE70298806A0390FFE7EB
:107010009DED030A04B080BD80B582B00190019857
:10702000806A0BF07DFA012807D0FFE70198806A9B
:107030000BF066FA012805D1FFE70199022081F8DB
:107040005A00FFE702B080BD80B584B003908DF890
:107050000B1001929DF80B0003990870039946F6F6
:10706000C940C0F601000866039947F29100C0F6D6
:107070000100C8650398016E88470398C26D0199A5
:107080009047039981F85A0004B080BD00000000C9
:1070900080B584B0029001910298007818B1FFE7A2
:1070A000019820B9FFE701208DF80F003EE001981C
:1070B00000680299C86301984068029908640198C1
:1070C0008068029948640198C068029988640298AF
:1070D00090ED120AB5EE400AF1EE10FA13DDFFE76B
:1070E000029890ED120AB7EE001AB4EE410AF1EEE2
:1070F00010FA08DAFFE7029901F12C0091ED120A6B
:10710000FEF736FBFFE7019800690299C864019811
:107110004069029908650198806902994865029959
:107120000020A1F858008DF80F00FFE79DF80F0030
:1071300004B080BD0000000000000000000000005E
:10714000EFF30980BFF36F8F154B1A681EF0100F15
:1071500008BF20ED108A20E9F04F10602DE90900EA
:107160004FF0500080F31188BFF34F8FBFF36F8F44
:1071700015F0CEF94FF0000080F31188BDE809004A
:1071800019680868B0E8F04F1EF0100F08BFB0ECA7
:10719000108A80F30988BFF36F8F704700BF00BF6C
:1071A00058E100200000000080B5B0B002A80190B6
:1071B000B821E9F73FFB01980022039249F20B0145
:1071C000C8F20001029118230493C82105910221FD
:1071D00006910791089109924FF0200CCDF828C034
:1071E0000B920C93A0230D930E910F91109111927D
:1071F0004FF400731293139217924FF400521992A6
:107200004FF000521D921F91082120914FF48051A0
:107210002291F7F7C9FD18B1FFE7EDF711FEFFE77F
:1072200030B080BD0000000080B582B00190019AAE
:10723000D2F80C01118812795143E9F7FBFA019851
:10724000D0F8CC0090ED003A90ED010A90ED022AC2
:1072500090ED031A20EE000AA3EE030AA2EE020A42
:10726000A1EE010AEEF724FA0198D0F80C0180EDA6
:10727000000A0199D1F8CC00D1F80C1191ED001A57
:1072800090ED000A20EE010A80ED000A0199D1F884
:10729000CC00D1F80C1191ED001A90ED010A20EE0E
:1072A000010A80ED010A0199D1F8CC00D1F80C1146
:1072B00091ED001A90ED020A20EE010A80ED020A1B
:1072C0000199D1F8CC00D1F80C1191ED001A90ED94
:1072D000030A20EE010A80ED030A0198D0F8CC10D1
:1072E00091ED010AB6EE002A20EE020A90ED021A94
:1072F00020EE010AD0F8DC0080ED040A0198D0F8F5
:10730000CC1091ED020A20EE020A90ED021A20EE56
:10731000010AD0F8DC0080ED050A0198D0F8CC1005
:1073200091ED000ABEEE001A20EE010A90ED023A3D
:1073300020EE030AD0F8DC0080ED0A0A0198D0F8AC
:10734000CC1091ED030A20EE020A90ED023A20EEF5
:10735000030AD0F8DC0080ED0B0A0198D0F8CC10BD
:1073600091ED030A20EE010A90ED023A20EE030AA5
:10737000D0F8DC0080ED100A0198D0F8CC1091ED27
:10738000000A20EE010A90ED023A20EE030AD0F83E
:10739000DC0080ED110A0198D0F8CC1091ED020AC2
:1073A00020EE020A90ED022A20EE020AD0F8DC005C
:1073B00080ED160A0198D0F8CC1091ED010A20EE6C
:1073C000010A90ED021A20EE010AD0F8DC0080EDEF
:1073D000170A0198D0F8EC0070309FED080A8DED87
:1073E000000A14F0C9F89DED000A0198D0F8EC00ED
:1073F0008C3014F0C1F802B080BD00BF00401C46C4
:1074000080B584B002900299B1F8AC00A1F8A40054
:10741000029901200190A1F8A600029901F1A402AD
:1074200001F1AC00BC310CF0D9FA01460198029A86
:1074300082F8C4100299A1F8B4000299B1F8AC0026
:10744000A1F8B600029901F1AC00B4310CF0BEFB1A
:10745000029981F8C400029A02F1B40002F1A40179
:1074600018320CF0BBFA029981F8C400029890ED32
:10747000080A90ED091AB6EE002A21EE021AB4EEBF
:10748000410AF1EE10FA05DAFFE70299012081F8CE
:107490002900FFE7029890ED080A90ED091AB4EE72
:1074A000410AF1EE10FA4BDDFFE7029890F829004F
:1074B000C007002844D0FFE70298007DC00738B11C
:1074C000FFE7029991F82800013081F8280004E0D4
:1074D0000299002081F82800FFE7029890F8280020
:1074E00033280CDBFFE70299002081F8290002997C
:1074F00091F8140100F0EF0081F814011FE0029BE5
:10750000D3F8C800D3F8CC101A881B795A43E9F78E
:1075100035F9029BD3F8EC00D3F8F0101A881B79E8
:107520005A435A43E9F72AF9029991F8140140F0B5
:10753000100081F8140101208DF80F003EE039E0C1
:10754000029890ED080A90ED091A9FED1E2A21EE8F
:10755000021AB4EE410AF1EE10FA18DDFFE70298C4
:1075600090F82900C00790B1FFE7029890ED080A53
:1075700090ED091A31EE400A9FED132A21EE021A0E
:1075800080EE010AD0F80C0180ED000A06E00298B6
:10759000D0F80C114FF07E500860FFE702990020F0
:1075A00081F82800029991F8140100F0EF0081F8A9
:1075B0001401FFE700208DF80F00FFE79DF80F0092
:1075C00004B080BDCDCCCC3D6666663F00000000B7
:1075D00080B582B00190019BD3F8E40019881A7934
:1075E0009B7959435143E9F725F90198D0F8CC101C
:1075F000D0F8E40091ED020AB8EE001A20EE010A7C
:1076000080ED000A0198D0F8CC10D0F8E40091ED9C
:10761000030A30EE000A80ED010A0198D0F8CC1080
:10762000D0F8E40091ED000A20EE010A80ED020A94
:107630000198D0F8CC10D0F8E40091ED010A30EEBA
:10764000000A80ED030A0198D0F8CC10D0F8E400CD
:1076500091ED010A30EE000A80ED060A0198D0F89B
:10766000CC10D0F8E40091ED000A30EE000A80ED75
:10767000070A0198D0F8CC10D0F8E40091ED030A85
:1076800030EE000A80ED080A0198D0F8CC10D0F84E
:10769000E40091ED020A30EE000A80ED090A01983B
:1076A000D0F8CC10D0F8E40091ED000A30EE000ADA
:1076B00080ED0C0A0198D0F8CC10D0F8E40091EDE0
:1076C000010A20EE010A80ED0D0A0198D0F8CC10D5
:1076D000D0F8E40091ED020A20EE010A80ED0E0AD6
:1076E0000198D0F8CC10D0F8E40091ED030A30EE08
:1076F000000A80ED0F0A02B080BD0000000000000B
:1077000080B588B007908DED060ACDED050A8DEDA8
:10771000041A03910292069807990862059807993E
:10772000486204980799886203980799C86202988A
:107730000799086307983430062100220192032339
:10774000FDF7BAF80198079981F84800079981F880
:107750005D00079A4CF67741C3F22B21916507999A
:1077600081F85C000799D1F8FC204FF07E51116040
:107770000799D1F8FC1048600799D1F8FC1088608F
:107780000799D1F8FC10C860079947F22920C0F684
:107790000100C1F85001079947F2D150C0F601002D
:1077A000C1F85401079947F61940C0F60100C1F825
:1077B0005801079991F8480140F0040081F8480108
:1077C000079991F8480140F0080081F84801079BAB
:1077D000D3F81001D96A9A8E93F838305A435A4335
:1077E000E8F7CCFF079BD3F82001196B9A8E93F82A
:1077F00038305A435A43E8F7C1FF08B080BD000053
:1078000080B586B00590049103928DED020A02982E
:107810000599C863049890ED000A059890ED051A43
:1078200030EE410A80ED5E0A049890ED010A059859
:1078300090ED061A30EE410A80ED5F0A049890ED53
:10784000020A059890ED071A30EE410A80ED600AB1
:10785000059890ED5E2A90ED5F0A90ED601A20EE9B
:10786000000AA2EE020AA1EE010AEDF721FF059837
:1078700080ED620A059890ED0F1A90ED5E0AB6EE63
:10788000002A20EE020A20EE010A80ED630A059824
:1078900090ED0F1A90ED5F0A20EE020A20EE010A29
:1078A00080ED640A059890ED0F1A90ED600A20EEC5
:1078B000020A20EE010A80ED650A059BD3F810014B
:1078C000D96A9A8E93F838305A435A43E8F756FFEC
:1078D000059890ED630AB1EE400AD0F8100180EDF2
:1078E000010A059890ED640AB1EE400AD0F8100143
:1078F00080ED020A059890ED650AB1EE400AD0F8D5
:10790000100180ED030A0598D0F81011D0F88C0111
:1079100088610598D0F81011D0F894010862059894
:1079200090ED640AB1EE400AD0F8100180ED090A2A
:107930000598D0F81011D0F890010863059890EDE3
:10794000650AB1EE400AD0F8100180ED0D0A0598E5
:10795000D0F81011D0F88C01C8630598D0F8101138
:10796000D0F8940188640598D0F81011D0F89001EF
:10797000C864059890ED630AB1EE400AD0F8100192
:1079800080ED140A0599039B18685A689B68C1F832
:107990007431C1F87021C1F86C01059890ED5B2A33
:1079A00090ED5C0A90ED5D1A20EE000AA2EE020A4C
:1079B000A1EE010AEDF77CFE059880ED610A0598BD
:1079C00090ED5B0A90ED611A20EE010A006C80EDEB
:1079D000000A059890ED5C0A90ED611A20EE010A0C
:1079E000006C80ED010A059890ED5D0A90ED611A3A
:1079F00020EE010A006C80ED020A059890ED621AF3
:107A0000B7EE000A80EE010A9FED7F1AB4EE410A3C
:107A1000F1EE10FA23DAFFE7059890ED611AB7EE60
:107A2000000A80EE010A9FED791AB4EE410AF1EEE8
:107A300010FA14DDFFE7059890ED611AB7EE000A21
:107A400080EE010A9FED721AB4EE410AF1EE10FACF
:107A500005DAFFE70599012081F8480004E005995F
:107A6000002081F84800FFE7059890ED080A90EDA6
:107A70000F1A20EE010AD0F8280180ED000A0598BF
:107A800090ED080A90ED0F1A20EE010AD0F82801B7
:107A900080ED070A059890ED080A90ED0F1A20EE88
:107AA000010AD0F8280180ED0E0A059890ED080A29
:107AB00090ED0F1A20EE010AD0F8280180ED150A8A
:107AC000059890ED090A90ED0F1A20EE010AD0F802
:107AD000280180ED1C0A059890ED090A90ED0F1A17
:107AE00020EE010AD0F8280180ED230A0599886A62
:107AF000D1F82C1108600599886AD1F82C11086119
:107B00000599886AD1F82C11086205983430FDF780
:107B1000A7FA0599D1F86801006848600599D1F87D
:107B20006801406888600599D1F868018068C8607C
:107B30000599D1F86801C06808610599D1F8680114
:107B4000006948610599D1F8680140698861059923
:107B50000020C861059890ED013A90ED020A90ED81
:107B6000032A90ED041A20EE020AA3EE010A30EE79
:107B7000000A21EE011AA2EE021AB8EE002A8DEDDB
:107B8000012AF7EE000ACDED000AE1EE020A16F036
:107B9000A5FC9DED012A059880ED660A059890EDFB
:107BA000011A90ED020A90ED034A90ED043A21EE9D
:107BB000041A20EE030A30EE000A91EE420A16F093
:107BC000F7FBDDED000A9DED012A059880ED670ABF
:107BD000059890ED014A90ED023A90ED031A90ED70
:107BE000040A21EE000AA4EE030A30EE000A21EE98
:107BF000011AA3EE031AE1EE020A16F06FFC0598D3
:107C000080ED680A06B080BD9A99993EEE7C1341DA
:107C1000EE7C23410000000080B586B005900599F8
:107C200001F164006C310BF0D1FF059981F8C400BB
:107C30000599B1F86400A1F8A4000599B1F87E0097
:107C4000A1F8A600059A02F1640002F17C01A432B9
:107C50000BF0C4FE059981F8C4000599B1F8A400A1
:107C6000A1F8AC000599B1F86E00A1F8AE00059A34
:107C700002F1A40002F16C01AC320BF0AFFE0599E9
:107C800081F8C4000599B1F88C00A1F89C00059911
:107C9000B1F88E00A1F89E00059A02F1AC0002F145
:107CA0008C019C320BF0D0FC059981F8C400059939
:107CB00001F19C00AC310BF02BFD059981F8C4005B
:107CC0000599B1F86400A1F8B40005990120A1F864
:107CD000B6000598D0F8CC10D0F80C0191ED000A50
:107CE00091ED011A91ED023A91ED032A20EE030A7B
:107CF00091EE020A30EE000A80ED000A0598D0F8F5
:107D0000CC10D0F80C0191ED001A91ED012A91ED03
:107D1000020A91ED033A20EE030AA1EE020A30EEC8
:107D2000000A80ED010A0598D0F8CC10D0F80C01BB
:107D300091ED003A91ED010A91ED022A91ED031ABD
:107D400020EE000A93EE030AA2EE420AA1EE010A17
:107D500080ED020A00208DF80700FFE79DF807007C
:107D600002281BDCFFE70598D0F80C019DF80710EE
:107D700000EB810090ED000AB0EEC00A16F08CFA1C
:107D80009DF8071002A800EB810080ED000AFFE7D4
:107D90009DF8070001308DF80700DFE70599B1F87D
:107DA0004400A1F8BC0005990120A1F8BE00059A85
:107DB00002F1440002F1B401BC320BF0A7FE0599B8
:107DC00081F8C4000598FFF71BFB08B1FFE7C7E087
:107DD0000599B1F87C00A1F8A4000599B1F86E00EE
:107DE000A1F8A600059A02F17C0002F16C01A43210
:107DF0000BF0F4FD059981F8C400059A02F1A40086
:107E000002F1AC0194320BF0E9FD059981F8C40050
:107E100000208DF80600FFE79DF80600059AB2F8ED
:107E20009610B2F894205143884218DAFFE705997A
:107E3000D1F8FC00D1F80C1191ED001A9DF8061054
:107E400000EB810090ED000A20EE010A80ED000AAF
:107E5000FFE79DF8060001308DF80600DCE70420FE
:107E60008DF80500FFE79DF80500052832DCFFE7E7
:107E700000208DF80400FFE79DF80400022822DCB2
:107E8000FFE79DF8051002A800EB810010ED040A41
:107E90009FED351A80EE011A0598D0F8FC0001EB31
:107EA00041019DF80420114400EB810090ED000A8F
:107EB00020EE010A80ED000AFFE79DF80400013082
:107EC0008DF80400D8E7FFE79DF8050001308DF834
:107ED0000500C8E70599B1F89400A1F8B400059928
:107EE0000120A1F8B600059901F1940001F1B40256
:107EF000BC310BF073FD059981F8C400059890F82A
:107F00002900C007D8B1FFE70599D1F80C0110305E
:107F100091ED020A9FED131A8DED001A20EE010A71
:107F200013F02AFB9DED001A0599D1F80C011430CD
:107F300091ED020A20EE010A13F01EFBFFE70598FF
:107F4000D0F80C110020C860059901F12C0201F154
:107F50003400B4310BF078FB059981F8C400FFE7D9
:107F600006B080BD0AD7233CDA0FC93F00000000ED
:107F700080B586B00490039100208DF8070044F28C
:107F80002840C5F60200006800F00300032804D171
:107F9000FFE701208DF81700CBE044F20041C5F661
:107FA0000201086820F080600860F4F769F8029028
:107FB000FFE744F20040C5F60200006800F00061EF
:107FC0000020B0EBD16F0CD0FFE7F4F759F802991D
:107FD000401A032804D3FFE703208DF81700A8E018
:107FE000E7E7FFE744F22841C5F60201086820F4FC
:107FF0007C30049A126840EA0230086004994868AC
:10800000D1F808C0CB680A6901386FF35F204FF6DA
:108010000061CFF6FF7101EB4C2189B208440021C9
:10802000CFF6FF7101EB034101F4FE0108444FF06C
:108030007F4101EB026101F0FE41084444F2384106
:10804000C5F602010860FFE744F22C41C5F60201C3
:108050000091086820F0C000049A5269104308603B
:10806000086820F02000049A9269104308600868AC
:1080700020F01000086044F23C42C5F6020210688D
:108080004FF6F8739843049BDB6940EAC300106025
:10809000086840F010000860039848B9FFE744F210
:1080A0002C41C5F60201086840F40020086016E083
:1080B0000398012809D1FFE744F22C41C5F60201DB
:1080C000086840F48010086008E044F22C41C5F6CE
:1080D0000201086840F400100860FFE7FFE744F27F
:1080E0000041C5F60201086840F080600860F3F7BF
:1080F000C7FF0290FFE744F20040C5F602000068A7
:1081000000F000610020B0EBD16F0CD1FFE7F3F776
:10811000B7FF0299401A032804D3FFE703208DF824
:10812000170006E0E7E7FFE79DF807008DF8170066
:10813000FFE79DF8170006B080BD000000000000BA
:1081400080B586B00490039100208DF8070044F2BA
:108150002840C5F60200006800F00300032804D19F
:10816000FFE701208DF81700CBE044F20041C5F68F
:108170000201086820F080500860F3F781FF029048
:10818000FFE744F20040C5F60200006800F000512D
:108190000020B0EB517F0CD0FFE7F3F771FF02999D
:1081A000401A032804D3FFE703208DF81700A8E046
:1081B000E7E7FFE744F22841C5F60201086820F02E
:1081C0007C70049A126840EA02500860049948687A
:1081D000D1F808C0CB680A6901386FF35F204FF609
:1081E0000061CFF6FF7101EB4C2189B208440021F8
:1081F000CFF6FF7101EB034101F4FE0108444FF09B
:108200007F4101EB026101F0FE41084444F240412C
:10821000C5F602010860FFE744F22C41C5F60201F1
:108220000091086820F44060049A52691043086085
:10823000086820F40070049A926910430860086886
:1082400020F48070086044F24442C5F602021068CF
:108250004FF6F8739843049BDB6940EAC300106053
:10826000086840F480700860039848B9FFE744F25A
:108270002C41C5F60201086840F48000086016E051
:108280000398012809D1FFE744F22C41C5F6020109
:10829000086840F40000086008E044F22C41C5F68C
:1082A0000201086840F080700860FFE7FFE744F2D1
:1082B0000041C5F60201086840F080500860F3F7FD
:1082C000DFFE0290FFE744F20040C5F602000068BE
:1082D00000F000510020B0EB517F0CD1FFE7F3F725
:1082E000CFFE0299401A032804D3FFE703208DF83C
:1082F000170006E0E7E7FFE79DF807008DF8170095
:10830000FFE79DF8170006B080BD000000000000E8
:1083100080B582B0019040F63831C0F200010020F3
:108320000870A1F80100FFE7019840F63831C0F26B
:1083300000010978405CA52837D1FFE7019840F695
:108340003831C0F2000109780844052109F0B0FD78
:1083500000B3FFE7019A40F63831C0F20001087817
:1083600002445078927840EA02200930A1F80100D6
:1083700001980A781044B1F8011009F059FD40B194
:10838000FFE7019840F63831C0F2000100F010F824
:10839000FFE700E009E040F63831C0F20001B1F833
:1083A0000120087810440870BEE702B080BD0000CC
:1083B00080B584B003900291039902980078084434
:1083C00005300BF05DFC01460091012800F09A8019
:1083D000FFE70098022800F0C580FFE70098032817
:1083E00000F0C880FFE7009840F20111884200F0D9
:1083F0004F81FFE70098B0F5827F00F05581FFE7DD
:10840000009840F20511884200F06481FFE700986F
:1084100040F20121884200F06F81FFE7009840F2AE
:108420000221884200F0D381FFE7009840F2032147
:10843000884200F0EB81FFE70098B0F5017F00F083
:108440000782FFE7009840F20621884200F031825F
:10845000FFE7009840F20721884200F04782FFE7DB
:108460000098B0F5027F00F06282FFE7009840F2CA
:108470000921884200F08482FFE7009840F20A2137
:10848000884200F08E82FFE7009840F20B2188427C
:1084900000F0AA82FFE70098B0F5037F00F00583A3
:1084A000FFE7009840F20D21884200F00983FFE7C2
:1084B000009840F20E21884200F01783FFE70098F1
:1084C00040F20131884200F01883FFE7009840F243
:1084D0000331884200F04B83FFE7009840F20531FA
:1084E000884200F07583FFE7009840F20731884228
:1084F00000F05F84FFE70098B0F5427F00F0B6849B
:1085000000F0E4BC039B02990A78C8781A44D27937
:1085100002F00F0200F0F0001044C870039B0299B3
:108520000A78C8781A44D27902F0F00200F00F00FD
:108530001044C870039902980078084408300BF082
:108540009FFB0299888003990298007808440A30BA
:108550000BF0CEFB0A460299C1F80A20C1F80600CA
:1085600000F0B5BC039A029908781044C07988736A
:1085700000F0ADBC039902980078084407300BF076
:108580007FFB0299A1F80F00039902980078084434
:1085900009300BF075FB0299A1F8110003990298BC
:1085A000007808440B300BF06BFB0299A1F8130024
:1085B00003990298007808440D300BF061FB029992
:1085C000A1F81500039902980078084411300BF0C7
:1085D00057FB0299A1F81900039902980078084402
:1085E00013300BF04DFB0299A1F81B000399029880
:1085F0000078084415300BF043FB0299A1F81D00E8
:10860000039902980078084417300BF039FB02995F
:10861000A1F81F00039902980078084419300BF064
:108620002FFB0299A1F821000399029800780844D1
:108630001B300BF025FB0299A1F823000399029847
:10864000007808441D300BF01BFB0299A1F82500AF
:10865000039902980078084421300BF011FB02992D
:10866000A1F82900039902980078084423300BF000
:1086700007FB0299A1F82B0003990298007808449F
:1086800025300BF0FDFA0299A1F82D0000F01FBC77
:10869000039902980078084407300BF011FB029907
:1086A000C1F82F0000F013BC039A02990878104417
:1086B000C07981F83300039A029908781044007A4F
:1086C00081F83400039A029908781044407A81F8BE
:1086D0003500FCE3039A029908781044C07981F8C8
:1086E0003600039902980078084408300BF0C8FA65
:1086F0000299A1F83700EAE3039A02990878104436
:10870000C07981F83900039A029908781044007AF8
:1087100081F83A00039902980078084409300BF078
:10872000AFFA0299A1F83B00039902980078084437
:108730000B300BF0A5FA0299A1F83D0003990298BD
:10874000007808440D300BF09BFA0299A1F83F0025
:1087500003990298007808440F300BF091FA0299BF
:10876000A1F84100039902980078084411300BF0F9
:1087700087FA0299A1F84300039B02990A7891F8BD
:1087800045001A44D27C02F0010200F0FE001044C1
:1087900081F84500039B02990A7891F845001A4434
:1087A000D27C02F0020200F0FD00104481F8450086
:1087B000039B02990A7891F845001A44D27C02F092
:1087C000040200F0FB00104481F845007FE30399A8
:1087D0000298007808440F300BF052FA0299A1F881
:1087E0004E00039902980078084411300BF048FAC3
:1087F0000299A1F8500003990298007808441330B8
:108800000BF03EFA0299A1F8520060E30399029836
:108810000078084407300BF093FA029910EE100A22
:10882000486503990298007808440B300BF088FAE9
:10883000029910EE100A886503990298007808449E
:108840000F300BF07DFA029910EE100AC8653EE376
:10885000039A029908781044C07981F8600003995E
:1088600002980078084408300BF00AFA0299A1F83F
:108870006100039A029908781044807A81F86300B5
:10888000039A029908781044C07A81F86400039929
:108890000298007808440C300BF0F2F90299A1F824
:1088A0006500039A029908781044807B81F867007C
:1088B0000DE3039B02990A7891F868001A44D27973
:1088C00002F00F0200F0F000104481F86800039BF2
:1088D00002990A7891F868001A44D27902F0F002FD
:1088E00000F00F00104481F86800F0E2039A02994A
:1088F00008781044C07981F86900039A02990878D1
:108900001044007A81F86A00039A029908781044AA
:10891000407A81F86B0003990298007808440A3085
:108920000BF00EFA029910EE100AC866CFE2039916
:1089300002980078084407300BF0A2F90299A1F8D8
:108940007000039902980078084409300BF098F9F8
:108950000299A1F8720003990298007808440B303C
:108960000BF08EF90299A1F874000399029800782F
:1089700008440D300BF084F90299A1F87600A6E2C4
:10898000039902980078084407300BF099F902998E
:108990008867039A029908781044C07A81F87C00AD
:1089A00095E2039A029908781044C07981F87D0015
:1089B000039A029908781044007A81F87E0003999E
:1089C00002980078084409300BF05AF90299A1F88E
:1089D0007F0003990298007808440B300BF050F99F
:1089E0000299A1F8810072E2039902980078084484
:1089F00007300BF0A5F9029910EE100AC1F88300B8
:108A000003990298007808440B300BF099F9029909
:108A100010EE100AC1F88700039902980078084404
:108A20000F300BF08DF9029910EE100AC1F88B008F
:108A3000039902980078084413300BF081F90299E9
:108A400010EE100AC1F88F000399029800780844CC
:108A500017300BF075F9029910EE100AC1F8930067
:108A600003990298007808441B300BF069F90299C9
:108A700010EE100AC1F89700039902980078084494
:108A80001F300BF05DF9029910EE100AC1F89B003F
:108A9000039902980078084423300BF051F90299A9
:108AA00010EE100AC1F89F0011E2039902980078B5
:108AB000084407300BF0E4F80299A1F8AB0006E295
:108AC000039902980078084407300BF0F9F80299EE
:108AD000C1F8AD0003990298007808440B300BF000
:108AE000CFF80299A1F8B100F1E1039A0299087850
:108AF0001044C07981F8B300E9E103990298007845
:108B0000084407300BF0BCF80299A1F8B4000399AF
:108B100002980078084409300BF0B2F80299A1F8E5
:108B2000B60003990298007808440B300BF0A8F8BF
:108B30000299A1F8B80000208DF80700FFE79DF822
:108B400007006F2812DCFFE7039B029908789DF865
:108B5000072010441844407B114481F8BA00FFE715
:108B60009DF8070001308DF80700E8E7AFE10399B1
:108B700002980078084407300BF0E2F8029910EEF2
:108B8000100AC1F82A0103990298007808440B30B2
:108B90000BF0D6F8029910EE100AC1F82E01039AD4
:108BA000029908781044C07B81F83201039A029937
:108BB00008781044007C81F833010399029800780A
:108BC000084411300BF05CF80299A1F834017EE101
:108BD000039902980078084407300BF051F8029985
:108BE000A1F83601039902980078084409300BF087
:108BF00047F80299A1F838010399029800780844CF
:108C00000B300BF03DF80299A1F83A010399029854
:108C1000007808440D300BF033F80299A1F83C01BC
:108C200003990298007808440F300BF029F8029954
:108C3000A1F83E01039902980078084411300BF026
:108C40001FF80299A1F8400103990298007808449E
:108C500013300BF015F80299A1F84201039902981C
:108C60000078084415300BF00BF80299A1F8440184
:108C7000039902980078084417300BF001F8029924
:108C8000A1F84601039902980078084419300AF0C7
:108C9000F7FF0299A1F84801039902980078084467
:108CA0001B300AF0EDFF0299A1F84A0103990298DE
:108CB000007808441D300AF0E3FF0299A1F84C0146
:108CC00003990298007808441F300AF0D9FF0299EE
:108CD000A1F84E01039902980078084421300AF067
:108CE000CFFF0299A1F85001039902980078084437
:108CF00023300AF0C5FF0299A1F8520103990298A6
:108D00000078084425300AF0BBFF0299A1F854010D
:108D1000039902980078084427300AF0B1FF0299BD
:108D2000A1F85601039902980078084429300AF006
:108D3000A7FF0299A1F85801039902980078084406
:108D40002B300AF09DFF0299A1F85A01039902986D
:108D5000007808442D300AF093FF0299A1F85C01D5
:108D600003990298007808442F300AF089FF02998D
:108D7000A1F85E01039902980078084431300AF0A6
:108D80007FFF0299A1F860010399029800780844D6
:108D900033300AF075FF0299A1F862010399029835
:108DA0000078084435300AF06BFF0299A1F864019D
:108DB0008DE0039A029908781044C07981F8660121
:108DC000039902980078084408300AF059FF029984
:108DD000A1F8670103990298007808440A300AF064
:108DE0004FFF0299A1F8690100208DF80600FFE706
:108DF0009DF80600302812DCFFE7039B02990878F3
:108E00009DF8062010441844007B114481F86B0142
:108E1000FFE79DF8060001308DF80600E8E7002026
:108E20008DF80500FFE79DF80500302813DCFFE70B
:108E3000039B029908789DF805201044184490F887
:108E40003D00114481F89C01FFE79DF805000130C9
:108E50008DF80500E7E703990298007808446E3022
:108E60000AF00EFF0299A1F8CD0130E003990298B3
:108E70000078084407300AF003FF0299A1F8CF01F7
:108E8000039902980078084409300AF0F9FE029923
:108E9000A1F8D10100208DF80400FFE79DF804003F
:108EA0001D2812DCFFE7039B029908789DF8042037
:108EB00010441844C07A114481F8D301FFE79DF8AB
:108EC000040001308DF80400E8E700E0FFE704B09B
:108ED00080BD00000000000082B001900091019868
:108EE00018B1FFE7009808B9FFE78BE00198007818
:108EF0000199497840EA01206FF3DF20009908804A
:108F000001984078C0080199897840EA41106FF3D0
:108F1000DF20009948800198807880090199C978FC
:108F200040EA81000199097940EA81206FF3DF204E
:108F3000009988800198007940080199497940EAB0
:108F4000C1106FF3DF200099C8800198007C01995F
:108F5000497C40EA01206FF3DF20009908810198E5
:108F60004079C0F301100099887201984079800916
:108F70000099C872019880790199C97940EA012065
:108F8000009988810198007A0199497A40EA012084
:108F90000099C8810198807A0199C97A40EA012034
:108FA000009908820198007B009988740198407BA1
:108FB0000099C8740198807B0199C97B40EA01201F
:108FC0000099888200990888A0F58060088000993F
:108FD0004888A0F58060488000998888A0F5806066
:108FE00088800099C888A0F58060C88000990889A9
:108FF000A0F5806008810099FA20C87500990020CA
:109000008875FFE702B0704780B58CB00A9009916F
:109010000892099807900A9800EB40014CF670609E
:10902000C2F2000000EBC1001830069006980069FB
:1090300004900698C0680390069840680399084415
:10904000019004980399884248D8FFE70698816800
:109050000398C043084405900598089988420FD3A7
:10906000FFE701980799089AE7F743FBBFF35F8F83
:109070000398089908440699C86001200B904AE0BB
:10908000049905980844059005980899884224D3C6
:10909000FFE7069880680399401A029001980799A3
:1090A000029AE7F726FB02990898401A0890089858
:1090B00058B1FFE706984068019001980799029A15
:1090C0001144089AE7F715FBFFE7BFF35F8F089895
:1090D0000699C86001200B901DE019E004990398DF
:1090E000C043084405900598089988420FD3FFE7CC
:1090F00001980799089AE7F7FCFABFF35F8F039886
:10910000089908440699C86001200B9003E0FFE726
:1091100000200B90FFE70B980CB080BD0000000012
:1091200080B58EB00D900C910B92FFE74CF67060FD
:10913000C2F20000039003980078532803D0FFE7A1
:1091400008F0E2FEFFE7FFE70D9800EB40014CF668
:109150007060C2F2000000EBC100603005900C9816
:1091600006900598006908900598C068079000204F
:10917000099008980799884236D9FFE705988068D2
:109180000899401A0A900A980B99884203D2FFE77F
:109190000A98029002E00B980290FFE702980A906A
:1091A00005984068089908440490069804990A9A1A
:1091B000E7F79FFA0A990998084409900A990698CE
:1091C000084406900A990B98401A0B900A9908983F
:1091D00008440890089805998968884203D1FFE7F8
:1091E00000200890FFE7FFE707980899401A0A90C7
:1091F0000A980B99884203D2FFE70A98019002E08F
:109200000B980190FFE701980A900A98D8B1FFE700
:1092100005984068089908440490069804990A9AA9
:10922000E7F767FA0A990998084409900A99069895
:10923000084406900A990B98401A0B900A990898CE
:1092400008440890FFE7099820B1FFE708980599BE
:109250000861FFE709980EB080BD00000000000023
:1092600080B58CB0EFF311804FF0200181F31188AD
:10927000099044F20500C0F2000008F051FF0A9086
:109280000A980B900B9808904CF61870C2F20000E8
:1092900040680790FFE7079880280BD3FFE70798FF
:1092A00040F0800008994A1C089208700798C0098D
:1092B0000790F0E7079808994A1C089208700898E8
:1092C0000B900B9806904CF61870C2F20000806864
:1092D0000590FFE7059880280BD3FFE7059840F03D
:1092E000800006994A1C069208700598C0090590EE
:1092F000F0E7059806994A1C0692087006980B90AC
:109300000B9804904CF61870C2F2000000690390AC
:10931000FFE7039880280BD3FFE7039840F0800015
:1093200004994A1C049208700398C0090390F0E75E
:10933000039804994A1C0492087004980B900B98A7
:10934000029000200190FFE7019880280BD3FFE7EF
:10935000019840F0800002994A1C0292087001981E
:10936000C0090190F0E7019802994A1C0292087026
:1093700002980B900A980B99182208F0D9FE0998C8
:1093800080F311884CF61870C2F20000406A38B1C0
:10939000FFE74CF61870C2F20000406A8047FFE712
:1093A0000CB080BD0000000080B582B0EFF31180EA
:1093B0004FF0200181F31188009044F20500C0F2C3
:1093C000000008F0ADFE019001991122084608F056
:1093D000AFFE009880F3118802B080BD000000004D
:1093E00080B586B00590EFF311804FF0200181F336
:1093F0001188029044F20500C0F2000008F090FECF
:1094000003900398049005984CF61871C2F200017D
:109410000969401A05900498019005980090FFE7AB
:10942000009880280BD3FFE7009840F08000019956
:109430004A1C019208700098C0090090F0E700985B
:1094400001994A1C019208700198049003980499AC
:10945000082208F06DFE029880F3118806B080BDE6
:1094600080B586B00590EFF311804FF0200181F3B5
:109470001188029044F20500C0F2000008F050FE8E
:1094800003900398049005984CF61871C2F20001FD
:109490000969401A05900498019005980090FFE72B
:1094A000009880280BD3FFE7009840F080000199D6
:1094B0004A1C019208700098C0090090F0E70098DB
:1094C00001994A1C0192087001980490039804992C
:1094D000042208F02DFE029880F3118806B080BDAA
:1094E00080B586B00590EFF311804FF0200181F335
:1094F0001188029044F20500C0F2000008F010FE4E
:1095000003900398049005984CF61871C2F200017C
:109510000969401A05900498019005980090FFE7AA
:10952000009880280BD3FFE7009840F08000019955
:109530004A1C019208700098C0090090F0E700985A
:1095400001994A1C019208700198049003980499AB
:10955000062208F0EDFD029880F3118806B080BD68
:1095600080B582B04CF61870C2F20000006AB8B143
:10957000FFE74CF61870C2F20000006A006878B18C
:10958000FFE74CF61870C2F20000006A00688047DE
:10959000019100900099019A0D2000F049F808E02F
:1095A00041F20400CEF2000001680C2000F004F843
:1095B000FFE702B080BD000080B588B0079006913B
:1095C000EFF311804FF0200181F31188039044F2F2
:1095D0000500C0F2000008F0A3FD04900498059077
:1095E0000598029006980190FFE7019880280BD318
:1095F000FFE7019840F0800002994A1C029208702F
:109600000198C0090190F0E7019802994A1C029262
:1096100008700298059004980599079A08F088FD4B
:10962000039880F3118808B080BD0000000000009E
:1096300080B58AB0099008910792EFF311804FF03E
:10964000200181F31188049044F20500C0F200006B
:1096500008F066FD05900598069006980390089816
:109660000290FFE7029880280BD3FFE7029840F0B2
:10967000800003994A1C039208700298C009029066
:10968000F0E7029803994A1C039208700398069029
:109690000698019007980090FFE7009880280BD368
:1096A000FFE7009840F0800001994A1C0192087081
:1096B0000098C0090090F0E7009801994A1C0192B7
:1096C00008700198069005980699099A08F030FDEF
:1096D000049880F311880AB080BD000000000000EB
:1096E00080B58EB00D900C910B920A93EFF3118020
:1096F0004FF0200181F31188079044F20500C0F279
:10970000000008F00DFD089008980990099806904F
:109710000C980590FFE7059880280BD3FFE7059884
:1097200040F0800006994A1C069208700598C0090E
:109730000590F0E7059806994A1C0692087006986D
:109740000990099804900B980390FFE703988028EC
:109750000BD3FFE7039840F0800004994A1C049261
:1097600008700398C0090390F0E7039804994A1C15
:109770000492087004980990099802900A98019040
:10978000FFE7019880280BD3FFE7019840F08000A5
:1097900002994A1C029208700198C0090190F0E7F2
:1097A000019802994A1C0292087002980990089840
:1097B00009990D9A08F0BCFC079880F311880EB047
:1097C00080BD00000000000080B590B0DDF848C00A
:1097D0000F900E910D920C93EFF311804FF020013A
:1097E00081F31188099044F20500C0F2000008F0EE
:1097F00097FC0A900A980B900B9808900E98079087
:10980000FFE7079880280BD3FFE7079840F0800018
:1098100008994A1C089208700798C0090790F0E759
:10982000079808994A1C0892087008980B900B98A2
:1098300006900D980590FFE7059880280BD3FFE769
:10984000059840F0800006994A1C06920870059819
:10985000C0090590F0E7059806994A1C0692087021
:1098600006980B900B9804900C980390FFE70398D0
:1098700080280BD3FFE7039840F0800004994A1C2E
:10988000049208700398C0090390F0E703980499C4
:109890004A1C0492087004980B900B98029012983E
:1098A0000190FFE7019880280BD3FFE7019840F073
:1098B000800002994A1C029208700198C009019028
:1098C000F0E7019802994A1C0292087002980B90E6
:1098D0000A980B990F9A08F02BFC099880F31188CD
:1098E00010B080BD0000000080B584B00390EFF39D
:1098F00011804FF0200181F31188019044F205009E
:10990000C0F2000008F00CFC02900299039A08468D
:1099100008F00EFC019880F3118804B080BD0000AF
:1099200080B58AB08DF8270044F28810C0F200009C
:109930000068002800F08480FFE744F28810C0F23D
:1099400000000068089000200790FFE707989DF846
:10995000271088420CD2FFE7089800690890089801
:1099600008B9FFE704E0FFE7079801300790EDE74B
:109970000898002858D0FFE7EFF311804FF020013E
:1099800081F31188049044F20500C0F2000008F051
:10999000C7FB059005980690069803909DF8270050
:1099A0000290FFE7029880280BD3FFE7029840F06F
:1099B000800003994A1C039208700298C009029023
:1099C000F0E7029803994A1C0392087003980690E6
:1099D00006980190089880680090FFE7009880281A
:1099E0000BD3FFE7009840F0800001994A1C0192D8
:1099F00008700098C0090090F0E7009801994A1C8F
:109A000001920870019806900698089909688022CA
:109A100008F0CEFA069005980699162208F088FB01
:109A2000049880F31188FFE7089840B1FFE7089891
:109A3000C06820B1FFE70898C0688047FFE7FFE7EC
:109A40000AB080BD0000000080B582B044F28810EA
:109A5000C0F200000068C0B1FFE744F28810C0F215
:109A6000000000680190FFE70198C06820B1FFE79F
:109A70000198C0688047FFE7019800690190FFE7FF
:109A800001980028F0D1FFE7FFE702B080BD000099
:109A900080B586B0EFF311804FF0200181F311887B
:109AA000039044F20500C0F2000008F039FB049076
:109AB00004980590059802904CF66860C2F2000088
:109AC00000780190FFE7019880280BD3FFE7019809
:109AD00040F0800002994A1C029208700198C00967
:109AE0000190F0E7019802994A1C029208700298CE
:109AF0000590049805991B2208F01AFB039880F33F
:109B0000118806B080BD000080B590B00F90EFF3D3
:109B100011804FF0200181F311880C9044F2050070
:109B2000C0F2000008F0FCFA0D900D980E900E980F
:109B30000B900F9800684CF61871C2F20001096989
:109B4000401A0A90FFE70A9880280BD3FFE70A988B
:109B500040F080000B994A1C0B9208700A98C009CB
:109B60000A90F0E70A980B994A1C0B9208700B9820
:109B70000E900E9809900F9880680890FFE708985B
:109B800080280BD3FFE7089840F0800009994A1C11
:109B9000099208700898C0090890F0E70898099998
:109BA0004A1C0992087009980E900E980F994968FE
:109BB000202208F0FDF90E900D980E99092208F068
:109BC000B7FA0D980E900E9807900F9800684CF613
:109BD0001871C2F200010969401A0690FFE7069861
:109BE00080280BD3FFE7069840F0800007994A1CB5
:109BF000079208700698C0090690F0E70698079942
:109C00004A1C0792087007980E900E9805900F98BE
:109C1000C0680490FFE7049880280BD3FFE70498FE
:109C200040F0800005994A1C059208700498C0090C
:109C30000490F0E7049805994A1C0592087005986D
:109C40000E900E9803900F9800690290FFE702981B
:109C500080280BD3FFE7029840F0800003994A1C4C
:109C6000039208700298C0090290F0E702980399E5
:109C70004A1C0392087003980E900E9801900F985A
:109C800040690090FFE7009880280BD3FFE7009819
:109C900040F0800001994A1C019208700098C009A8
:109CA0000090F0E7009801994A1C01920870019811
:109CB0000E900D980E99152208F03AFA0C9880F340
:109CC000118810B080BD000080B54CF61870C2F24B
:109CD0000000006A80B1FFE74CF61870C2F2000085
:109CE000006A406840B1FFE74CF61870C2F200000D
:109CF000006A40688047FFE780BD00000000000068
:109D000081B0009000984CF61871C2F20001096908
:109D1000401A01B07047000080B590B04CF6187042
:109D2000C2F20000039001210170EFF311824FF0A5
:109D3000200181F31188019201990F9140784FF62B
:109D40002901C0F602010A220292FFF75DF902988A
:109D50000F9981F31188FFF7C7FDEFF311804FF0E2
:109D6000200181F311880C9044F20500C0F200003C
:109D700008F0D6F9014603980D910D990E910E99B0
:109D80000B9140680A90FFE70A9880280BD3FFE701
:109D90000A9840F080000B994A1C0B9208700A98B0
:109DA000C0090A90F0E70A980B994A1C0B920870B8
:109DB0000B980E900E9809904CF61870C2F20000A5
:109DC00080680890FFE7089880280BD3FFE7089881
:109DD00040F0800009994A1C099208700898C0094F
:109DE0000890F0E7089809994A1C099208700998A8
:109DF0000E900E9807904CF61870C2F200000069A1
:109E00000690FFE7069880280BD3FFE7069840F0FE
:109E1000800007994A1C079208700698C0090690AE
:109E2000F0E7069807994A1C0792087007980E9069
:109E30000E98059000200490FFE7049880280BD32B
:109E4000FFE7049840F0800005994A1C05920870CD
:109E50000498C0090490F0E7049805994A1C0592FB
:109E6000087005980E900D980E99182208F060F968
:109E70000C9880F311884CF61870C2F20000406A0A
:109E800038B1FFE74CF61870C2F20000406A804714
:109E9000FFE7FFF765FBFFF717FFFFF7F9FD10B0CE
:109EA00080BD00000000000080B582B0EFF311809B
:109EB0004FF0200181F31188009044F20500C0F2B8
:109EC000000008F02DF901904CF61870C2F2000065
:109ED000007860B1FFE701990B22084608F028F9E5
:109EE0004CF61871C2F2000100200870FFE70098DC
:109EF00080F3118802B080BD80B588B00790EFF381
:109F000011804FF0200181F31188049044F2050084
:109F1000C0F2000008F004F9059005980799802226
:109F200008F046F806900698039001200290FFE79B
:109F3000029880280BD3FFE7029840F08000039935
:109F40004A1C039208700298C0090290F0E7029838
:109F500003994A1C03920870039806900698019092
:109F600000200090FFE7009880280BD3FFE70098BF
:109F700040F0800001994A1C019208700098C009C5
:109F80000090F0E7009801994A1C0192087001982E
:109F90000690059806991A2208F0CAF8049880F3EA
:109FA000118808B080BD000080B544F6CC10C0F226
:109FB0000000F7F7D9F880BD82B0019001980068E1
:109FC0004069009001980168886940F00800886144
:109FD00001980168886940F0100088610198016863
:109FE000086820F00100086001980168086940F2E3
:109FF0006F329043086101980168886820F44040FE
:10A000008860019890F88100042815D0FFE79DF83A
:10A010000000800600280ED5FFE70199D1F88400E2
:10A0200040F08000C1F8840001980168886940F020
:10A0300020008861FFE7FFE7019890F8810003287E
:10A0400015D0FFE79DF80000400600280ED5FFE779
:10A050000199D1F8840040F00400C1F8840001980F
:10A060000168886940F040008861FFE7FFE79DF8DC
:10A070000100800700280ED5FFE70199D1F8840080
:10A0800040F00100C1F8840001980168886940F43B
:10A0900000708861FFE79DF80100C00770B1FFE71D
:10A0A0000199D1F8840040F00800C1F884000198BB
:10A0B0000168886940F480708861FFE70199002099
:10A0C000A1F862000199A1F86A0002B0704700008F
:10A0D00080B582B001900198806B009000990020BB
:10A0E000A1F86A000099A1F862000099012081F8A6
:10A0F00081000098F7F734F802B080BD000000003E
:10A1000083B002900298C16B012000EB51100190C6
:10A110000298C0680130009000980730C008009095
:10A1200000980199484303B0704700000000000008
:10A1300080B586B0DDF820C0049003918DF80B2027
:10A140000193FFE704980068406903990840401AAA
:10A15000B0FA80F040099DF80B10884214D1FFE757
:10A16000F1F78EFF0899401A0199884204D3FFE75E
:10A170000198013018B9FFE7019820B9FFE70320E3
:10A180008DF8170004E0DDE700208DF81700FFE7E9
:10A190009DF8170006B080BD000000000000000020
:10A1A000074B19680868B0E8F04F80F30988BFF3DF
:10A1B0006F8F4FF0000080F31188704700BF00BF21
:10A1C00058E100200000000084B003900398009044
:10A1D00000980078ADF808000098013000900098D1
:10A1E0000078ADF80600BDF80610BDF8080040EA9A
:10A1F0000120ADF80A00BDF80A0004B07047000065
:10A2000080B586B0DDF820C00590049103920293DA
:10A2100004984FF66811C0F602010522E6F71EFA0F
:10A2200008B9FFE747E04CF66C60C2F20000006836
:10A23000082807D3FFE74FF67610C0F60200FFF7B5
:10A240005BFE38E005984CF66C61C2F200010A68CA
:10A2500002EB820344F2E802C0F2000242F823005B
:10A2600004980B6803EB830302EB830358600398A5
:10A270000B6803EB830302EB8303986002980B687F
:10A2800003EB830302EB8303D86008980B6803EBAE
:10A29000830302EB830210610868013008600598AF
:10A2A0000499039A029BDDF820C0EE46CEF800C068
:10A2B00000F006F8FFE706B080BD000000000000D7
:10A2C00080B58AB0DDF830C00990089107920693F6
:10A2D000002005900490039002900190009009984E
:10A2E00000900898019007980290069803900C98A7
:10A2F00004906846FFF708FC0AB080BD000000002B
:10A3000080B582B0019001200090FFE70BF010FCB7
:10A31000012011F0BDFEF9E780B582B04FF050008A
:10A3200080F31188BFF36F8FBFF34F8F009013F04E
:10A3300087F840B1FFE74EF60451CEF200014FF02E
:10A3400080500860FFE700200190019880F3118899
:10A3500002B080BD0000000080B59EB00BA84C216B
:10A36000E6F768FA002001900A900990089007909B
:10A3700006900590049003900220F3F72DFBFFE771
:10A380000020029044F61800C5F60200016821F48E
:10A3900040410160006800F4404002900298FFE7ED
:10A3A000FFE744F61800C5F60200006800F400500C
:10A3B000B0F5005F01D0FFE7F3E723200B904FF4E7
:10A3C00080300C9001210E9140200F9011910220BD
:10A3D0001490159006221692782217921891032154
:10A3E00019911A9008201B9000201C901D900BA81A
:10A3F000F6F73EF918B1FFE7EAF722FDFFE73F2045
:10A40000039003210491002005900820069040202D
:10A41000079008904FF4806209920A9003A8F5F71C
:10A42000BBFC18B1FFE7EAF70BFDFFE71EB080BDEC
:10A430004EF68851CEF20001086840F470000860C2
:10A4400042F20000C5F20020006800F00F0006286C
:10A450000AD8FFE742F20001C5F20021086807228E
:10A4600062F303000860FFE744F20041C5F6020111
:10A47000086840F00100086044F21042C5F602028C
:10A480000020106008684EF67F52CEF6F62210408B
:10A49000086042F20000C5F20020006800F00F00E2
:10A4A00008280AD3FFE742F20001C5F2002108683C
:10A4B000072262F303000860FFE744F21841C5F683
:10A4C00002010020086044F21C41C5F60201086048
:10A4D00044F22041C5F60201086044F22842C5F664
:10A4E000020240F20021C0F20221116044F22C422B
:10A4F000C5F602020021C0F2FF11116044F23042A1
:10A50000C5F6020240F28021C0F20111116044F24E
:10A510003442C5F60202106044F23842C5F6020227
:10A52000116044F23C42C5F60202106044F240421F
:10A53000C5F60202116044F24441C5F6020108600A
:10A5400044F20042C5F60202116821F48021116034
:10A5500044F26041C5F60201086044F20001C5F210
:10A56000002143F2D20008607047000000000000A4
:10A5700080B54DF66460C2F20000F8F729F880BD9E
:10A5800083B0029001910298006800900298002127
:10A59000C4F20101884225D0FFE70298B0F1804F54
:10A5A00020D0FFE7029840F20041C4F20001884247
:10A5B00018D0FFE7029840F60001C4F2000188427B
:10A5C00010D0FFE7029840F60041C4F20001884233
:10A5D00008D0FFE7029840F20041C4F2010188422E
:10A5E0000AD1FFE7009820F07000009001984168C0
:10A5F000009808430090FFE702980021C4F201018F
:10A6000088424DD0FFE70298B0F1804F48D0FFE775
:10A61000029840F20041C4F20001884240D0FFE7B6
:10A62000029840F60001C4F20001884238D0FFE7EA
:10A63000029840F60041C4F20001884230D0FFE7A2
:10A64000029840F20041C4F20101884228D0FFE79D
:10A65000029844F20001C4F20101884220D0FFE7D1
:10A66000029844F20041C4F20101884218D0FFE789
:10A67000029844F60001C4F20101884210D0FFE7BD
:10A6800002984EF20001C4F20001884208D0FFE7B0
:10A6900002984EF20041C4F2000188420AD1FFE75D
:10A6A000009820F4407000900198C1680098084319
:10A6B0000090FFE7009820F0800001994969084365
:10A6C0000090009802990860019880680299C86219
:10A6D000019800680299886202980021C4F2010181
:10A6E000884220D0FFE7029840F20041C4F2010105
:10A6F000884218D0FFE7029844F20001C4F2010139
:10A70000884210D0FFE7029844F20041C4F20101F0
:10A71000884208D0FFE7029844F60001C4F2010124
:10A72000884205D1FFE70198006902990863FFE7B5
:10A7300002990120486102980069C00730B1FFE723
:10A740000299086920F001000861FFE703B0704733
:10A7500084B0039002910192029800F01F01012041
:10A7600088400090009A0399086A90430862019813
:10A77000029901F01F0100FA01F20399086A1043DF
:10A78000086204B07047000085B004900391029203
:10A790000193049880680090009820F47F40009016
:10A7A00003980299019A41EA022101430098084363
:10A7B000009000980499886005B070470000000080
:10A7C00083B00290019102988068009000984FF643
:10A7D0008F71CFF6CF71084000900198009908431F
:10A7E00040F00700009000980299886003B070471D
:10A7F00085B0049003910498006A01900499086A56
:10A8000020F0010008620498406800900498806974
:10A81000029002984FF68F71CFF6FE7108400290B9
:10A82000029820F003000290039801680298084300
:10A830000290019820F0020001900398816801982D
:10A840000843019004980021C4F20101884220D0FD
:10A85000FFE7049840F20041C4F20101884218D099
:10A86000FFE7049844F20001C4F20101884210D0CD
:10A87000FFE7049844F20041C4F20101884208D085
:10A88000FFE7049844F60001C4F2010188420ED1AA
:10A89000FFE7019820F0080001900398C168019833
:10A8A00008430190019820F004000190FFE704980C
:10A8B0000021C4F20101884220D0FFE7049840F251
:10A8C0000041C4F20101884218D0FFE7049844F225
:10A8D0000001C4F20101884210D0FFE7049844F25D
:10A8E0000041C4F20101884208D0FFE7049844F611
:10A8F0000001C4F20101884213D1FFE7009820F45F
:10A9000080700090009820F40070009003984169D6
:10A9100000980843009003988169009808430090CC
:10A92000FFE70098049948600298049988610398A9
:10A9300040680499486301980499086205B070471B
:10A9400085B0049003910498006A01900499086A04
:10A9500020F0100008620498406800900498806914
:10A960000290029848F6FF71CFF6FF61084002900E
:10A97000029820F44070029003980168029840EA1F
:10A9800001200290019820F0200001900398816836
:10A99000019840EA0110019004980021C4F20101DD
:10A9A000884229D0FFE7049840F20041C4F2010137
:10A9B000884221D0FFE7049844F20001C4F201016B
:10A9C000884203D1FFE70020B0B9FFE7049844F2C2
:10A9D0000041C4F20101884203D1FFE7002058B9C9
:10A9E000FFE7049844F60001C4F20101884212D145
:10A9F000FFE7012078B9FFE7019820F0800001907F
:10AA00000398C168019840EA01100190019820F074
:10AA100040000190FFE704980021C4F20101884240
:10AA200020D0FFE7049840F20041C4F201018842BF
:10AA300018D0FFE7049844F20001C4F201018842F3
:10AA400010D0FFE7049844F20041C4F201018842AB
:10AA500008D0FFE7049844F60001C4F201018842DF
:10AA600015D1FFE7009820F480600090009820F452
:10AA70000060009003984169009840EA81000090CE
:10AA800003988169009840EA81000090FFE70098F0
:10AA90000499486002980499886103984068049971
:10AAA000886301980499086205B0704700000000AF
:10AAB00085B0049003910498006A01900499086A93
:10AAC00020F4807008620498406800900498C0697F
:10AAD000029002984FF68F71CFF6FE7108400290F7
:10AAE000029820F00300029003980168029808433E
:10AAF0000290019820F400700190039881680198F9
:10AB000040EA0120019004980021C4F2010188422A
:10AB100029D0FFE7049840F20041C4F201018842C5
:10AB200021D0FFE7049844F20001C4F201018842F9
:10AB300003D1FFE70020B0B9FFE7049844F20041D9
:10AB4000C4F20101884203D1FFE7002058B9FFE7B2
:10AB5000049844F60001C4F20101884212D1FFE7D3
:10AB6000012078B9FFE7019820F400600190039874
:10AB7000C168019840EA01200190019820F48060AA
:10AB80000190FFE704980021C4F20101884220D01F
:10AB9000FFE7049840F20041C4F20101884218D056
:10ABA000FFE7049844F20001C4F20101884210D08A
:10ABB000FFE7049844F20041C4F20101884208D042
:10ABC000FFE7049844F60001C4F20101884215D160
:10ABD000FFE7009820F480500090009820F4005087
:10ABE000009003984169009840EA01100090039892
:10ABF0008169009840EA01100090FFE700980499ED
:10AC0000486002980499C861039840680499C86331
:10AC100001980499086205B0704700000000000028
:10AC200085B0049003910498006A01900499086A21
:10AC300020F4805008620498406800900498C0692D
:10AC40000290029848F6FF71CFF6FF61084002902B
:10AC5000029820F44070029003980168029840EA3C
:10AC600001200290019820F400500190039881681F
:10AC7000019840EA0130019004980021C4F20101DA
:10AC8000884220D0FFE7049840F20041C4F201015D
:10AC9000884218D0FFE7049844F20001C4F2010191
:10ACA000884210D0FFE7049844F20041C4F2010149
:10ACB000884208D0FFE7049844F60001C4F201017D
:10ACC00088420BD1FFE7009820F480400090039861
:10ACD0004169009840EA81100090FFE700980499CC
:10ACE000486002980499C861039840680499086410
:10ACF00001980499086205B0704700000000000048
:10AD000085B0049003910498006A01900499086A40
:10AD100020F4803008620498406800900498406DE8
:10AD2000029002984FF68F71CFF6FE7108400290A4
:10AD300003980168029808430290019820F40030BB
:10AD4000019003988168019840EA014001900498BD
:10AD50000021C4F20101884220D0FFE7049840F2AC
:10AD60000041C4F20101884218D0FFE7049844F280
:10AD70000001C4F20101884210D0FFE7049844F2B8
:10AD80000041C4F20101884208D0FFE7049844F66C
:10AD90000001C4F2010188420BD1FFE7009820F4C2
:10ADA0008030009003984169009840EA01200090AB
:10ADB000FFE7009804994860029804994865039851
:10ADC00040680499886501980499086205B0704745
:10ADD00085B0049003910498006A01900499086A70
:10ADE00020F4801008620498406800900498406D38
:10ADF0000290029848F6FF71CFF6FF61084002907A
:10AE000003980168029840EA01200290019820F41A
:10AE10000010019003988168019840EA0150019068
:10AE200004980021C4F20101884220D0FFE7049871
:10AE300040F20041C4F20101884218D0FFE70498B3
:10AE400044F20001C4F20101884210D0FFE70498E7
:10AE500044F20041C4F20101884208D0FFE704989F
:10AE600044F60001C4F2010188420BD1FFE70098CB
:10AE700020F48020009003984169009840EA8120E6
:10AE80000090FFE70098049948600298049948658B
:10AE9000039840680499C86501980499086205B050
:10AEA000704700000000000085B0049003910292FA
:10AEB0000498006A00900499086A20F00100086272
:10AEC000049880690190019820F0F00001900299A7
:10AED000019840EA01100190009820F00A000090CB
:10AEE000039900980843009001980499886100989C
:10AEF0000499086205B0704785B0049003910292EE
:10AF00000498006A00900499086A20F01000086212
:10AF1000049880690190019820F470400190029992
:10AF2000019840EA01300190009820F0A0000090C4
:10AF30000399009840EA01100090019804998861F3
:10AF400000980499086205B07047000000000000F6
:10AF500080B58AB04DF6D870C2F200000068C069B2
:10AF6000C006002840F19A84FFE74DF6D870C2F27F
:10AF7000000002681021116200680068C006002805
:10AF800040F18B84FFE74DF6D870C2F20000D0F894
:10AF9000800000681021C4F20201884200F0D180D4
:10AFA000FFE74DF6D870C2F20000D0F880000068CC
:10AFB0002821C4F20201884200F0C380FFE74DF669
:10AFC000D870C2F20000D0F8800000684021C4F2BE
:10AFD0000201884200F0B580FFE74DF6D870C2F25A
:10AFE0000000D0F8800000685821C4F202018842B5
:10AFF00000F0A780FFE74DF6D870C2F20000D0F84D
:10B00000800000687021C4F20201884200F099803B
:10B01000FFE74DF6D870C2F20000D0F8800000685B
:10B020008821C4F20201884200F08B80FFE74DF6D0
:10B03000D870C2F20000D0F880000068A021C4F2ED
:10B04000020188427DD0FFE74DF6D870C2F20000C1
:10B05000D0F880000068B821C4F20201884270D0A4
:10B06000FFE74DF6D870C2F20000D0F8800000680B
:10B0700040F21041C4F20201884262D0FFE74DF66F
:10B08000D870C2F20000D0F88000006840F2284179
:10B09000C4F20201884254D0FFE74DF6D870C2F2E4
:10B0A0000000D0F88000006840F24041C4F2020184
:10B0B000884246D0FFE74DF6D870C2F20000D0F8C3
:10B0C0008000006840F25841C4F20201884238D042
:10B0D000FFE74DF6D870C2F20000D0F8800000689B
:10B0E00040F27041C4F2020188422AD0FFE74DF6D7
:10B0F000D870C2F20000D0F88000006840F28841A9
:10B10000C4F2020188421CD0FFE74DF6D870C2F2AB
:10B110000000D0F88000006840F2A041C4F20201B3
:10B1200088420ED0FFE74DF6D870C2F20000D0F88A
:10B130008000006840F2B841C4F2020188420AD19E
:10B14000FFE74DF6D870C2F20000D0F8800000682A
:10B150004068009009E04DF6D870C2F20000D0F8C7
:10B160008000006840680090FFE70098ADF8060096
:10B17000BDF80600C0F12400ADF804004DF6D8700B
:10B18000C2F20000D0F8800000681021C4F2020171
:10B19000884200F0D180FFE74DF6D870C2F200007F
:10B1A000D0F8800000682821C4F20201884200F033
:10B1B000C380FFE74DF6D870C2F20000D0F88000DF
:10B1C00000684021C4F20201884200F0B580FFE728
:10B1D0004DF6D870C2F20000D0F880000068582107
:10B1E000C4F20201884200F0A780FFE74DF6D87054
:10B1F000C2F20000D0F8800000687021C4F20201A1
:10B20000884200F09980FFE74DF6D870C2F2000046
:10B21000D0F8800000688821C4F20201884200F062
:10B220008B80FFE74DF6D870C2F20000D0F88000A6
:10B230000068A021C4F2020188427DD0FFE74DF6EC
:10B24000D870C2F20000D0F880000068B821C4F2C3
:10B250000201884270D0FFE74DF6D870C2F20000BC
:10B26000D0F88000006840F21041C4F20201884228
:10B2700062D0FFE74DF6D870C2F20000D0F880002F
:10B28000006840F22841C4F20201884254D0FFE72E
:10B290004DF6D870C2F20000D0F88000006840F28D
:10B2A0004041C4F20201884246D0FFE74DF6D87013
:10B2B000C2F20000D0F88000006840F25841C4F2A9
:10B2C0000201884238D0FFE74DF6D870C2F2000084
:10B2D000D0F88000006840F27041C4F20201884258
:10B2E0002AD0FFE74DF6D870C2F20000D0F88000F7
:10B2F000006840F28841C4F2020188421CD0FFE796
:10B300004DF6D870C2F20000D0F88000006840F21C
:10B31000A041C4F2020188420ED0FFE74DF6D8707A
:10B32000C2F20000D0F88000006840F2B841C4F2D8
:10B33000020188420CD1FFE74DF6D870C2F200003E
:10B34000D0F880000168086820F0010008600BE078
:10B350004DF6D870C2F20000D0F88000016808688D
:10B3600020F001000860FFE7FFE74DF6D870C2F259
:10B370000000D0F8800000680068C00708B1FFE74F
:10B38000F3E74DF6D870C2F20000D0F880000068F4
:10B3900000680003002800F13F81FFE74DF6D870F8
:10B3A000C2F20000D0F880100A68116841F4002150
:10B3B0001160D0F880100A6824215160D0F8800014
:10B3C00000681021C4F20201884200F0D180FFE73A
:10B3D0004DF6D870C2F20000D0F880000068282135
:10B3E000C4F20201884200F0C380FFE74DF6D87036
:10B3F000C2F20000D0F8800000684021C4F20201CF
:10B40000884200F0B580FFE74DF6D870C2F2000028
:10B41000D0F8800000685821C4F20201884200F090
:10B42000A780FFE74DF6D870C2F20000D0F8800088
:10B4300000687021C4F20201884200F09980FFE7A1
:10B440004DF6D870C2F20000D0F880000068882164
:10B45000C4F20201884200F08B80FFE74DF6D870FD
:10B46000C2F20000D0F880000068A021C4F20201FE
:10B4700088427DD0FFE74DF6D870C2F20000D0F8C8
:10B4800080000068B821C4F20201884270D0FFE752
:10B490004DF6D870C2F20000D0F88000006840F28B
:10B4A0001041C4F20201884262D0FFE74DF6D87025
:10B4B000C2F20000D0F88000006840F22841C4F2D7
:10B4C0000201884254D0FFE74DF6D870C2F2000066
:10B4D000D0F88000006840F24041C4F20201884286
:10B4E00046D0FFE74DF6D870C2F20000D0F88000D9
:10B4F000006840F25841C4F20201884238D0FFE7A8
:10B500004DF6D870C2F20000D0F88000006840F21A
:10B510007041C4F2020188422AD0FFE74DF6D8708C
:10B52000C2F20000D0F88000006840F28841C4F206
:10B53000020188421CD0FFE74DF6D870C2F200002D
:10B54000D0F88000006840F2A041C4F202018842B5
:10B550000ED0FFE74DF6D870C2F20000D0F88000A0
:10B56000006840F2B841C4F2020188420CD1FFE702
:10B570004DF6D870C2F20000D0F88000016808686B
:10B5800040F0010008600BE04DF6D870C2F20000F8
:10B59000D0F880000168086840F001000860FFE70B
:10B5A000BDF80400122836D1FFE740F20020C0F2B7
:10B5B00000000990202008900898012820DBFFE770
:10B5C0000898099901F01F0108440790099806900E
:10B5D000BFF34F8FFFE706984EF65C71CEF2000185
:10B5E0000860069820300690079820380790079842
:10B5F0000028F0DCFFE7BFF34F8FBFF36F8FFFE74B
:10B6000040F20020C0F2000040F20C21C2F2000122
:10B61000FDF762FCFFE73FE14DF6D870C2F2000093
:10B62000D0F880100A68116821F400211160D0F868
:10B6300080100A6824215160D0F880000068102131
:10B64000C4F20201884200F0D180FFE74DF6D870C5
:10B65000C2F20000D0F8800000682821C4F2020184
:10B66000884200F0C380FFE74DF6D870C2F20000B8
:10B67000D0F8800000684021C4F20201884200F046
:10B68000B580FFE74DF6D870C2F20000D0F8800018
:10B6900000685821C4F20201884200F0A780FFE749
:10B6A0004DF6D870C2F20000D0F88000006870211A
:10B6B000C4F20201884200F09980FFE74DF6D8708D
:10B6C000C2F20000D0F8800000688821C4F20201B4
:10B6D000884200F08B80FFE74DF6D870C2F2000080
:10B6E000D0F880000068A021C4F2020188427DD019
:10B6F000FFE74DF6D870C2F20000D0F88000006875
:10B70000B821C4F20201884270D0FFE74DF6D8702C
:10B71000C2F20000D0F88000006840F21041C4F28C
:10B720000201884262D0FFE74DF6D870C2F20000F5
:10B73000D0F88000006840F22841C4F2020188423B
:10B7400054D0FFE74DF6D870C2F20000D0F8800068
:10B75000006840F24041C4F20201884246D0FFE74F
:10B760004DF6D870C2F20000D0F88000006840F2B8
:10B770005841C4F20201884238D0FFE74DF6D87034
:10B78000C2F20000D0F88000006840F27041C4F2BC
:10B79000020188422AD0FFE74DF6D870C2F20000BD
:10B7A000D0F88000006840F28841C4F2020188426B
:10B7B0001CD0FFE74DF6D870C2F20000D0F8800030
:10B7C000006840F2A041C4F2020188420ED0FFE7B7
:10B7D0004DF6D870C2F20000D0F88000006840F248
:10B7E000B841C4F2020188420CD1FFE74DF6D8708F
:10B7F000C2F20000D0F880000168086840F0010043
:10B8000008600BE04DF6D870C2F20000D0F880005E
:10B810000168086840F001000860FFE7BDF8040017
:10B82000122838D1FFE740F20020C0F2000020309B
:10B830000590202004900498012820DBFFE704985D
:10B84000059901F01F010844039005980290BFF389
:10B850004F8FFFE702984EF65C71CEF20001086050
:10B860000298203002900398203803900398002813
:10B87000F0DCFFE7BFF34F8FBFF36F8FFFE740F2BE
:10B880000020C0F20000203040F20C21C2F2000182
:10B89000FDF722FBFFE7FFE707E0FFE74DF6D87073
:10B8A000C2F20000F7F728FDFFE70AB080BD0000F4
:10B8B00080B544F61440C0F20000F7F71DFD80BDCE
:10B8C00082B001900198406E40B9FFE701990120D4
:10B8D000A1F86A000199A1F8680032E010208DF803
:10B8E00003008DF80200019800688068C0F3426090
:10B8F0008DF80100019800688068400F8DF8000005
:10B900009DF802009DF800204FF2F873C0F6020384
:10B91000995C48434FF2F071C0F602018A5CB0FBBB
:10B92000F2F0019AA2F86A009DF803009DF8012048
:10B930009B5C5843895CB0FBF1F00199A1F8680069
:10B94000FFE702B07047000081B00090009890F8C7
:10B950002800000700280BD5FFE700980068406822
:10B9600020F40040009A1168926B10434860FFE792
:10B97000009890F82800C00758B1FFE700980068C9
:10B98000406820F40030009A1168D26A1043486081
:10B99000FFE7009890F82800800700280BD5FFE704
:10B9A00000980068406820F48030009A1168126B9B
:10B9B00010434860FFE7009890F8280040070028EF
:10B9C0000BD5FFE700980068406820F48020009ABB
:10B9D0001168526B10434860FFE7009890F8280008
:10B9E000C00600280BD5FFE700980068806820F4A7
:10B9F0008050009A1168D26B10438860FFE700986E
:10BA000090F82800800600280BD5FFE70098006812
:10BA1000806820F40050009A1168126C104388600E
:10BA2000FFE7009890F82800400600281CD5FFE7A3
:10BA300000980068406820F48010009A1168526CE9
:10BA4000104348600098406CB0F5801F0BD1FFE7B1
:10BA500000980068406820F4C000009A1168926C59
:10BA600010434860FFE7FFE7009890F828000006C1
:10BA700000280BD5FFE700980068406820F40020FC
:10BA8000009A1168D26C10434860FFE701B070471C
:10BA900080B588B0069006990020C1F89000F0F7B4
:10BAA000EFFA0590069800680068000700282FD577
:10BAB000FFE70698059B6A466FF07E4111604FF4E0
:10BAC0000011002200F0F4FE08B3FFE7FFE7FFE7F4
:10BAD0000698006850E8000F20F080000490FFE70F
:10BAE00004990698026842E800100028F0D1FFE7A8
:10BAF000FFE706992020C1F88800FFE7069900209B
:10BB000081F88400FFE703208DF81F005FE0FFE766
:10BB10000698006800684007002842D5FFE70698AD
:10BB2000059B6A466FF07E4111604FF48001002250
:10BB300000F0BEFEA0B3FFE7FFE7FFE7069800684E
:10BB400050E8000F20F490700390FFE703990698E7
:10BB5000026842E800100028F0D1FFE7FFE7FFE7A6
:10BB6000FFE70698006850E8020F20F001000290FD
:10BB7000FFE702990698026842E802100028F0D117
:10BB8000FFE7FFE706992020C1F88C00FFE7069940
:10BB9000002081F88400FFE703208DF81F0016E0E5
:10BBA000FFE706992020C1F888000699C1F88C00AB
:10BBB00006990020C86606990867FFE706990020E5
:10BBC00081F88400FFE700208DF81F00FFE79DF853
:10BBD0001F0008B080BD000080B582B001900198C0
:10BBE000806B009000990020A1F85E000099A1F8F8
:10BBF00056000098F7F77CFB02B080BD0000000003
:10BC000080B584B003900398806B02900298D0F8BE
:10BC1000880001900298D0F88C000090029800688B
:10BC20008068000600280CD5FFE70198212808D17C
:10BC3000FFE702990020A1F85600029800F0E0F812
:10BC4000FFE7029800688068400600280CD5FFE7EF
:10BC50000098222808D1FFE702990020A1F85E0091
:10BC6000029800F059F8FFE70299D1F8900040F0EF
:10BC70001000C1F890000298F7F73AFB04B080BDBD
:10BC800080B584B003900398806B02900398C069DC
:10BC9000B0F5807F2BD0FFE702990020A1F8560075
:10BCA000FFE7FFE70298006850E8020F20F08000ED
:10BCB0000190FFE701990298026842E8021000280B
:10BCC000F0D1FFE7FFE7FFE7FFE70298006850E8E1
:10BCD000000F40F040000090FFE7009902980268D2
:10BCE00042E800100028F0D1FFE7FFE703E00298E8
:10BCF000F8F71EFBFFE704B080BD00000000000065
:10BD000080B582B001900198806B00900098F8F7A0
:10BD100027FB02B080BD000084B00390FFE7FFE77F
:10BD20000398006850E8000F20F490700290FFE73D
:10BD300002990398026842E800100028F0D1FFE75A
:10BD4000FFE7FFE7FFE70398006850E8020F4FF6B0
:10BD5000FE71CEF6FF7108400190FFE7019903984C
:10BD6000026842E802100028EDD1FFE7FFE70398E0
:10BD7000C06E012814D1FFE7FFE7FFE703980068D2
:10BD800050E8000F20F010000090FFE700990398A2
:10BD9000026842E800100028F0D1FFE7FFE7FFE764
:10BDA00003992020C1F88C0003990020C8660399EC
:10BDB000486704B07047000080B582B00190FFE78B
:10BDC000FFE70198006850E8000F20F04000009065
:10BDD000FFE700990198026842E800100028F0D1BE
:10BDE000FFE7FFE701992020C1F8880001990020B2
:10BDF00088670198F8F79CFA02B080BD0000000047
:10BE000083B00290FFE7FFE70298006850E8000F58
:10BE100020F0C0000190FFE701990298026842E813
:10BE200000100028F0D1FFE7FFE7FFE7FFE70298E7
:10BE3000006850E8020F20F400000090FFE700992E
:10BE40000298026842E802100028F0D1FFE7FFE7FD
:10BE500002992020C1F8880003B07047000000005C
:10BE600080B59EB01D9000208DF867001D98006879
:10BE700040F60041C5F60001884201D1FFE700E02D
:10BE8000FFE71D9988680B694A69C969184310431F
:10BE900008431C901D980068006846F6F311CCF624
:10BEA000FF7108401C9908431D99096808601D9896
:10BEB0000068406820F440501D9A1168D268104311
:10BEC00048601D9880691C901D98006840F60041EC
:10BED000C5F60001884206D0FFE71D98016A1C984C
:10BEE00008431C90FFE71D98006880684FF2FF41EF
:10BEF000C1F2FF1108401C9908431D990968886028
:10BF00001D980068C06A20F00F001D9A1168526ADF
:10BF10001043C862FFE71D98006841F20001C4F2B7
:10BF20000101884240F04180FFE744F25440C5F6E9
:10BF30000200006800F038000146109128282FD830
:10BF40001099DFE801F0152D2D2D2D2D2D2D192DFA
:10BF50002D2D2D2D2D2D1D2D2D2D2D2D2D2D212D2D
:10BF60002D2D2D2D2D2D252D2D2D2D2D2D2D29003A
:10BF700001208DF86D0017E004208DF86D0013E0AE
:10BF800008208DF86D000FE010208DF86D000BE09B
:10BF900020208DF86D0007E040208DF86D0003E053
:10BFA00080208DF86D00FFE76CE21D98006844F278
:10BFB0000041C4F2000188422ED1FFE744F2544010
:10BFC000C5F60200006800F0070001460F91052841
:10BFD0001DD80F99DFE801F003070B0F131700209E
:10BFE0008DF86D0017E004208DF86D0013E0082037
:10BFF0008DF86D000FE010208DF86D000BE0202013
:10C000008DF86D0007E040208DF86D0003E0802082
:10C010008DF86D00FFE734E21D98006844F60001DA
:10C02000C4F2000188422ED1FFE744F25440C5F625
:10C030000200006800F0070001460E9105281DD897
:10C040000E99DFE801F003070B0F131700208DF89E
:10C050006D0017E004208DF86D0013E008208DF8C6
:10C060006D000FE010208DF86D000BE020208DF8A2
:10C070006D0007E040208DF86D0003E080208DF812
:10C080006D00FFE7FCE11D98006844F60041C4F232
:10C09000000188422ED1FFE744F25440C5F6020069
:10C0A000006800F0070001460D9105281DD80D9984
:10C0B000DFE801F003070B0F131700208DF86D0068
:10C0C00017E004208DF86D0013E008208DF86D0056
:10C0D0000FE010208DF86D000BE020208DF86D0032
:10C0E00007E040208DF86D0003E080208DF86D00A2
:10C0F000FFE7C4E11D98006845F20001C4F20001A9
:10C1000088422ED1FFE744F25440C5F60200006891
:10C1100000F0070001460C9105281DD80C99DFE8B6
:10C1200001F003070B0F131700208DF86D0017E0C7
:10C1300004208DF86D0013E008208DF86D000FE0ED
:10C1400010208DF86D000BE020208DF86D0007E0C9
:10C1500040208DF86D0003E080208DF86D00FFE732
:10C160008CE11D98006841F20041C4F2010188424F
:10C1700040F04180FFE744F25440C5F602000068F9
:10C1800000F0380001460B9128282FD80B99DFE8E2
:10C1900001F0152D2D2D2D2D2D2D192D2D2D2D2D64
:10C1A0002D2D1D2D2D2D2D2D2D2D212D2D2D2D2DDB
:10C1B0002D2D252D2D2D2D2D2D2D290001208DF8F6
:10C1C0006D0017E004208DF86D0013E008208DF855
:10C1D0006D000FE010208DF86D000BE020208DF831
:10C1E0006D0007E040208DF86D0003E080208DF8A1
:10C1F0006D00FFE741E11D98006847F60001C4F2B9
:10C20000000188422ED1FFE744F25440C5F60200F7
:10C21000006800F0070001460A9105281DD80A9918
:10C22000DFE801F003070B0F131700208DF86D00F6
:10C2300017E004208DF86D0013E008208DF86D00E4
:10C240000FE010208DF86D000BE020208DF86D00C0
:10C2500007E040208DF86D0003E080208DF86D0030
:10C26000FFE709E11D98006847F60041C4F20001AC
:10C2700088422ED1FFE744F25440C5F60200006820
:10C2800000F007000146099105281DD80999DFE84B
:10C2900001F003070B0F131700208DF86D0017E056
:10C2A00004208DF86D0013E008208DF86D000FE07C
:10C2B00010208DF86D000BE020208DF86D0007E058
:10C2C00040208DF86D0003E080208DF86D00FFE7C1
:10C2D000D1E01D98006841F60001C4F201018842D6
:10C2E00040F04180FFE744F25440C5F60200006888
:10C2F00000F038000146089128282FD80899DFE877
:10C3000001F0152D2D2D2D2D2D2D192D2D2D2D2DF2
:10C310002D2D1D2D2D2D2D2D2D2D212D2D2D2D2D69
:10C320002D2D252D2D2D2D2D2D2D290001208DF884
:10C330006D0017E004208DF86D0013E008208DF8E3
:10C340006D000FE010208DF86D000BE020208DF8BF
:10C350006D0007E040208DF86D0003E080208DF82F
:10C360006D00FFE786E01D98006841F60041C4F2C9
:10C370000101884240F04180FFE744F25440C5F695
:10C380000200006800F038000146079128282FD8E5
:10C390000799DFE801F0152D2D2D2D2D2D2D192DAF
:10C3A0002D2D2D2D2D2D1D2D2D2D2D2D2D2D212DD9
:10C3B0002D2D2D2D2D2D252D2D2D2D2D2D2D2900E6
:10C3C00001208DF86D0017E004208DF86D0013E05A
:10C3D00008208DF86D000FE010208DF86D000BE047
:10C3E00020208DF86D0007E040208DF86D0003E0FF
:10C3F00080208DF86D00FFE73BE01D98006840F657
:10C400000041C5F6000188422ED1FFE744F25840B2
:10C41000C5F60200006800F00700014606910528F5
:10C420001DD80699DFE801F003070B0F1317022050
:10C430008DF86D0017E004208DF86D0013E00820E2
:10C440008DF86D000FE010208DF86D000BE02020BE
:10C450008DF86D0007E040208DF86D0003E080202E
:10C460008DF86D00FFE703E080208DF86D00FFE799
:10C47000FFE7FFE7FFE7FFE7FFE7FFE7FFE7FFE78C
:10C48000FFE7FFE7FFE71D98006840F60041C5F6AB
:10C490000001884240F0B480FFE79DF86D0001463E
:10C4A0000591022814D0FFE70598042814D0FFE76F
:10C4B0000598082816D0FFE70598102818D0FFE740
:10C4C0000598202835D0FFE70598402837D03AE076
:10C4D000F1F7E2FA11903CE015A8F1F749FC169843
:10C4E000119036E012A8F1F79BFD1398119030E0FF
:10C4F00044F20040C5F60200006800F02001002070
:10C50000B0EB511F0ED0FFE744F20040C5F6020029
:10C510000068C0F3C10149F20000C0F2D030C84049
:10C52000119005E049F20000C0F2D0301190FFE711
:10C530000FE040F60010C0F23D00119009E04FF40A
:10C540000040119005E00020119001208DF8670057
:10C55000FFE71198002852D0FFE711981D994A6A09
:10C560004FF60001C0F6020131F81210B0FBF1F0F5
:10C57000189018981D99496801EB4101884207D32A
:10C58000FFE718981D994968B0EB013F04D9FFE710
:10C5900001208DF8670031E011981D994A680392D7
:10C5A0004A6A4FF60001C0F6020131F8122000235A
:10C5B00004931946E3F7B9FF039A049B090241EA81
:10C5C0001061000210EB520041F10001E3F7ADFFF2
:10C5D0001A901A98B0F5407F0BD3FFE71A99002004
:10C5E000B0EB115F05D1FFE71A981D990968C86083
:10C5F00003E001208DF86700FFE7FFE7FFE746E172
:10C600001D98C069B0F5004F40F0A880FFE79DF885
:10C610006D0001460291402800F263800299DFE834
:10C6200001F021256060296060602F6060606060BB
:10C630006060356060606060606060606060606025
:10C6400060605660606060606060606060606060F4
:10C6500060606060606060606060606060606060DA
:10C6600060605C00F3F754FE119040E0F3F764FE65
:10C6700011903CE015A8F1F77BFB1698119036E07D
:10C6800012A8F1F7CDFC1398119030E044F200406D
:10C69000C5F60200006800F020010020B0EB511F39
:10C6A0000ED0FFE744F20040C5F602000068C0F378
:10C6B000C10149F20000C0F2D030C840119005E03D
:10C6C00049F20000C0F2D0301190FFE70FE040F6D1
:10C6D0000010C0F23D00119009E04FF400401190AD
:10C6E00005E00020119001208DF86700FFE7119808
:10C6F00098B3FFE711981D9A5168536A4FF60002EC
:10C70000C0F6020232F81320B0FBF2F0400000EB5A
:10C710005100B0FBF1F01A901A98102818D3FFE7D7
:10C72000BDF86A00A0B9FFE71A9820F00F00ADF835
:10C730006E001A9800F00E01BDF86E0040EA51003C
:10C74000ADF86E00BDF86E001D990968C86003E081
:10C7500001208DF86700FFE7FFE797E09DF86D0087
:10C7600001460191402800F263800199DFE801F061
:10C7700021256060296060602F606060606060609B
:10C7800035606060606060606060606060606060D4
:10C7900056606060606060606060606060606060A3
:10C7A0006060606060606060606060606060606089
:10C7B0005C00F3F7ADFD119040E0F3F7BDFD119083
:10C7C0003CE015A8F1F7D4FA1698119036E012A8BB
:10C7D000F1F726FC1398119030E044F20040C5F6C2
:10C7E0000200006800F020010020B0EB511F0ED0C5
:10C7F000FFE744F20040C5F602000068C0F3C10143
:10C8000049F20000C0F2D030C840119005E049F272
:10C810000000C0F2D0301190FFE70FE040F60010AA
:10C82000C0F23D00119009E04FF40040119005E086
:10C830000020119001208DF86700FFE7119820B3C8
:10C84000FFE711981D9A5168536A4FF60002C0F62F
:10C85000020232F81320B0FBF2F000EB5100B0FB03
:10C86000F1F01A901A9810280AD3FFE7BDF86A0071
:10C8700030B9FFE7BDF868001D990968C86003E09A
:10C8800001208DF86700FFE7FFE7FFE7FFE71D994D
:10C890000120A1F86A001D99A1F868001D990020E7
:10C8A00048671D9988679DF867001EB080BD00002D
:10C8B00080B586B0DDF820C0049003918DF80B2080
:10C8C0000193FFE704980068C06903990840401A83
:10C8D000B0FA80F040099DF80B10884266D1FFE75E
:10C8E00008980130002860D0FFE7EFF7C9FB0199F5
:10C8F000401A0899884203D8FFE7089820B9FFE753
:10C9000003208DF8170055E0049800680068400780
:10C91000002849D5FFE70398802845D0FFE7039812
:10C92000402841D0FFE704980068C06900F0080182
:10C930000120B0EBD10F16D1FFE704980168082061
:10C94000009008620498FFF7E7F900980499C1F88D
:10C950009000FFE70499002081F88400FFE70120A0
:10C960008DF8170026E004980068C06900F40061A3
:10C970000120B0EBD12F16D1FFE7049801684FF4E6
:10C98000006008620498FFF7C7F904992020C1F8F5
:10C990009000FFE70499002081F88400FFE703205E
:10C9A0008DF8170006E0FFE7FFE78BE700208DF822
:10C9B0001700FFE79DF8170006B080BD00000000DB
:10C9C00080B544F6D060C0F20000006840B1FFE7D7
:10C9D00044F6D060C0F2000000680DF05DFDFFE796
:10C9E00080BD00000000000080B590B00F90642072
:10C9F0000E90002006900D900C900CA8012105913E
:10CA00000DF012FD0699024644F6D060C0F2000017
:10CA1000026000680DF078FD059906980B900A9069
:10CA20000AA80DF001FD41F63061C2F20101086073
:10CA30000EF036FF0698ADF826008DF825008DF82B
:10CA40002400FFE740F63830C0F2000090F83910BB
:10CA5000ADF82210C07800098DF8210040F61C3096
:10CA6000C0F20000807EC0F380108DF82000BDF879
:10CA700022100020049049B1FFE7BDF82200BDF864
:10CA80002610401A18BF01200490FFE7049800F018
:10CA900001008DF81F009DF821100020032903904C
:10CAA00007D1FFE79DF82500033818BF0120039048
:10CAB000FFE7039800F001008DF81E009DF820109C
:10CAC0000020029039B1FFE79DF82400B0FA80F011
:10CAD00040090290FFE7029800F001008DF81D0068
:10CAE0009DF81F0048B9FFE79DF81E0028B9FFE731
:10CAF0009DF81D00002856D0FFE7BDF82200ADF8D4
:10CB00002600BDF826000DF0AFFA4FF4FA700DF0D4
:10CB100043FC07F0FDFCBDF826100120009009F051
:10CB20009FF8009809F0C0F800980BF021FB40F640
:10CB30009411C0F200014FF0FF300190086040F204
:10CB40002041C2F20001086040F69811C0F20001D5
:10CB5000086040F22441C2F20001086040F69011E2
:10CB6000C0F20001086040F22841C2F200010860F2
:10CB700040F68811C0F2000108604EF28002C2F255
:10CB800000020021116044F2C412C0F200021160E0
:10CB900040F22C41C2F20001086040F68C11C0F254
:10CBA0000001086012E0BDF8260070B1FFE70DF04B
:10CBB00057FD02200BF0DCFA0FF01AF80EF0C0FF60
:10CBC0000EF06EFF0EF034FFFFE7FFE79DF8210047
:10CBD0008DF825009DF820008DF8240064200FF0CA
:10CBE00057FA2FE70000000080B544F6EC20C0F2B1
:10CBF0000000F6F781FB80BD80B54DF6B060C2F253
:10CC00000000F6F779FB80BD80B544F68030C0F2B5
:10CC10000000F6F771FB80BD80B54DF64470C2F29E
:10CC20000000F6F769FB80BD84B003900291019289
:10CC3000009303990120C866009840000399A1F869
:10CC40005C0003980168886840F0400088600398A1
:10CC50000168086840F010000860FFE70398D0F80A
:10CC6000800000681021C4F20201884200F0A28016
:10CC7000FFE70398D0F8800000682821C4F2020181
:10CC8000884200F09780FFE70398D0F880000068A2
:10CC90004021C4F20201884200F08C80FFE7039833
:10CCA000D0F8800000685821C4F20201884200F0E8
:10CCB0008180FFE70398D0F8800000687021C4F2FB
:10CCC0000201884276D0FFE70398D0F88000006820
:10CCD0008821C4F2020188426CD0FFE70398D0F8A3
:10CCE00080000068A021C4F20201884262D0FFE700
:10CCF0000398D0F880000068B821C4F2020188428D
:10CD000058D0FFE70398D0F88000006840F2104147
:10CD1000C4F2020188424DD0FFE70398D0F88000AA
:10CD2000006840F22841C4F20201884242D0FFE785
:10CD30000398D0F88000006840F24041C4F202013C
:10CD4000884237D0FFE70398D0F88000006840F2AF
:10CD50005841C4F2020188422CD0FFE70398D0F872
:10CD60008000006840F27041C4F20201884221D084
:10CD7000FFE70398D0F88000006840F28841C4F2D1
:10CD80000201884216D0FFE70398D0F880000068BF
:10CD900040F2A041C4F2020188420BD0FFE70398A1
:10CDA000D0F88000006840F2B841C4F20201884225
:10CDB00009D1FFE70398D0F880000168086820F0E7
:10CDC0000100086008E00398D0F880000168086856
:10CDD00020F001000860FFE7FFE70398D0F880002B
:10CDE00000680068C00700287FF438AFFFE70399A8
:10CDF0000868D1F880102430096888600298039987
:10CE0000D1F880100968C86001980399D1F88010A2
:10CE10000968086100980399D1F880100968486092
:10CE20000398D0F880000168086840F4802008600A
:10CE30000398D0F8800000681021C4F202018842F3
:10CE400000F0A280FFE70398D0F880000068282156
:10CE5000C4F20201884200F09780FFE70398D0F8FF
:10CE6000800000684021C4F20201884200F08C80FA
:10CE7000FFE70398D0F8800000685821C4F202014F
:10CE8000884200F08180FFE70398D0F880000068B6
:10CE90007021C4F20201884276D0FFE70398D0F8EF
:10CEA000800000688821C4F2020188426CD0FFE74C
:10CEB0000398D0F880000068A021C4F202018842E3
:10CEC00062D0FFE70398D0F880000068B821C4F270
:10CED0000201884258D0FFE70398D0F8800000682C
:10CEE00040F21041C4F2020188424DD0FFE703989E
:10CEF000D0F88000006840F22841C4F20201884264
:10CF000042D0FFE70398D0F88000006840F240412B
:10CF1000C4F20201884237D0FFE70398D0F88000BE
:10CF2000006840F25841C4F2020188422CD0FFE769
:10CF30000398D0F88000006840F27041C4F202010A
:10CF4000884221D0FFE70398D0F88000006840F2C3
:10CF50008841C4F20201884216D0FFE70398D0F856
:10CF60008000006840F2A041C4F2020188420BD068
:10CF7000FFE70398D0F88000006840F2B841C4F29F
:10CF80000201884209D1FFE70398D0F880000168C8
:10CF9000086840F00100086008E00398D0F88000BD
:10CFA0000168086840F001000860FFE704B07047BE
:10CFB00080B586B004908DF80F100498D0F8C802A0
:10CFC00001900498D0F8D41200EB8100D0F8C00290
:10CFD00020B9FFE703208DF817005FE00498D0F830
:10CFE000D41200EB8100D0F8C002029004989DF8A2
:10CFF0000F1001F00F0101EB810100EB810080694E
:10D0000040B3FFE704989DF80F1001F00F0101EB0A
:10D01000810200EB82008269019801EBC10100EB03
:10D020008100C169B2FBF1F000FB112090B9FFE76C
:10D0300004989DF80F1001F00F0101EB810100EB46
:10D0400081000023836104989DF80F101A4601F0B7
:10D0500003FE1FE002990020C1F814020498D0F8E2
:10D06000D41200EB8100D0F8C402006988B1FFE758
:10D070000498D0F8D41200EB8100D0F8C402036900
:10D080000299D1F8080201F504719DF80F20984724
:10D09000FFE7FFE700208DF81700FFE79DF8170076
:10D0A00006B080BD0000000080B584B002908DF80D
:10D0B00007100298D0F8D41200EB8100D0F8C0021B
:10D0C00000900298D0F8D41200EB8100D0F8C00292
:10D0D00020B9FFE703208DF80F0019E002989DF8B2
:10D0E000071001F029FB0099C1F80C020298D0F852
:10D0F000D41200EB8100D0F8C402C2680099D1F8C4
:10D10000040201F50371904700208DF80F00FFE73E
:10D110009DF80F0004B080BD80B586B005908DF8F5
:10D120001310059840F21901C2F20001009109782C
:10D1300001F016F900990598097801F00F0101EB4B
:10D14000810100EB8101002003908884059840F262
:10D150005861C0F200010191097801F001F9019ACA
:10D1600003980599127802F00F0202EB820201EB9C
:10D170008201A1F86401059840F21801C2F2000191
:10D180000291097801F0ECF8029A03980599137856
:10D1900003F00F0303EB830301EB830188840599FC
:10D1A000127802F00F0202EB820201EB8201C884C6
:10D1B0000598D0F8D41200EB8100D0F8C002F0B18D
:10D1C000FFE70598D0F8D41200EB8100D0F8C40234
:10D1D000406880470598D0F8D41200EB8100D0F861
:10D1E000C00202F0E5F90598D0F8D41200EB8101F5
:10D1F0000020C1F8C0020599C1F8BC02FFE7002079
:10D2000006B080BD0000000080B584B00290029896
:10D21000D0F8D41200EB8100D0F8C0020190019840
:10D2200020B9FFE703208DF80F0025E00298D0F821
:10D23000D41200EB8100D0F8C402C8B1FFE7019816
:10D2400090F80002FF2813D0FFE70298D0F8D4121C
:10D2500000EB8100D0F8C4028368019991F80002C4
:10D2600091F8012298470199FF2081F80002FFE719
:10D2700000208DF80F00FFE79DF80F0004B080BD7F
:10D2800081B0009000990A20088040F64000C0F26A
:10D29000000001B07047000080B586B0059040F2F4
:10D2A0000C30C2F200000190822100F019FE01460C
:10D2B00001980491012100F013FE014601980391A9
:10D2C000812100F00DFE0290049820B1FFE704993F
:10D2D00010208871FFE7039820B1FFE703994020F1
:10D2E0008880FFE7029820B1FFE7029940208880FC
:10D2F000FFE705994320088040F20C30C2F200009D
:10D3000006B080BD0000000080B586B0059040F2F8
:10D310000C30C2F200000190822100F0E1FD0146D4
:10D3200001980491012100F0DBFD01460198039171
:10D33000812100F0D5FD0290049820B1FFE7049907
:10D3400010208871FFE7039828B1FFE703994FF495
:10D3500000708880FFE7029828B1FFE702994FF438
:10D3600000708880FFE705994320088040F20C3068
:10D37000C2F2000006B080BD80B586B0059040F2D4
:10D380000C30C2F200000190822100F0A9FD01469C
:10D3900001980491012100F0A3FD01460198039139
:10D3A000812100F09DFD0290049820B1FFE70499CF
:10D3B00010208871FFE7039820B1FFE70399402010
:10D3C0008880FFE7029820B1FFE70299402088801B
:10D3D000FFE705994320088040F20C30C2F20000BC
:10D3E00006B080BD0000000080B590B00E908DF8B2
:10D3F00037104FF4077002F0DFF80C900C9860B90A
:10D40000FFE70E98D0F8D41200EB81010020C1F89C
:10D41000C00202208DF83F00F0E00C984FF4077135
:10D42000E3F708FA0C980E99D1F8D42201EB8201A7
:10D43000C1F8C0020E99D1F8D40201EB8000D0F8F7
:10D44000C002C1F8BC020E98007C002840D1FFE762
:10D450000E9840F21901C2F20001079109780222E8
:10D4600008924FF40073099301F05AFA0799089A49
:10D47000099B0E98097801F00F0101EB810100EB87
:10D48000810101200B9088840E9840F25861C0F20F
:10D4900000010A91097801F043FA0A9A0B980E9953
:10D4A000127802F00F0202EB820201EB8201A1F876
:10D4B00064010E9840F21801C2F20001097801F0EF
:10D4C0000F0101EB810100EB81011020C8843EE0D7
:10D4D0000E9840F21901C2F200010291097802226D
:10D4E00003924023049301F01BFA0299039A049BD0
:10D4F0000E98097801F00F0101EB810100EB810129
:10D500000120069088840E9840F25861C0F2000114
:10D510000591097801F004FA059A06980E99127897
:10D5200002F00F0202EB820201EB8201A1F864011A
:10D530000E9840F21801C2F20001097801F00F01C3
:10D5400001EB810100EB81011020C884FFE70E98F8
:10D5500040F21801C2F20001009109780322082369
:10D5600001F0DEF900990E98097801F00F0101EB46
:10D57000810100EB8101012088840C990020019039
:10D58000C1F804020E98D0F8D41200EB8100D0F854
:10D59000C4020068804701980C99C1F814020C99E4
:10D5A000C1F818020C98D0F8040220B9FFE7022055
:10D5B0008DF83F0022E00E98007C70B9FFE70E98CE
:10D5C00040F25861C0F2000109780C9AD2F80422A6
:10D5D0004FF4007301F0CCF90CE00E9840F2586162
:10D5E000C0F2000109780C9AD2F80422402301F01D
:10D5F000BFF9FFE700208DF83F00FFE79DF83F00EF
:10D6000010B080BD0000000080B584B00290029888
:10D61000D0F8D41200EB8100D0F8C002019002983B
:10D62000D0F8D41200EB8100D0F8C00220B9FFE797
:10D6300003208DF80F0022E00298007C70B9FFE70C
:10D64000029840F25861C0F200010978019AD2F8BC
:10D6500004224FF4007301F08BF90CE0029840F2C1
:10D660005861C0F200010978019AD2F804224023DF
:10D6700001F07EF9FFE700208DF80F00FFE79DF82D
:10D680000F0004B080BD000083B0019000910098AD
:10D6900020B9FFE703208DF80B000BE000980199FB
:10D6A000D1F8D42201EB8201C1F8C40200208DF828
:10D6B0000B00FFE79DF80B0003B07047000000006F
:10D6C00084B0029001910298D0F8D41200EB81004E
:10D6D000D0F8C0020090009820B9FFE703208DF831
:10D6E0000F0007E001980099C1F8040200208DF8AE
:10D6F0000F00FFE79DF80F0004B070470000000026
:10D7000085B00390029101920398D0F8D41200EBF7
:10D710008100D0F8C0020090009820B9FFE70320F4
:10D720008DF813000BE002980099C1F808020198E7
:10D730000099C1F8100200208DF81300FFE79DF852
:10D74000130005B07047000080B58AB008900791BB
:10D750000898D0F8D41200EB8100D0F8C0020690EF
:10D7600000208DF81500ADF812008DF81100069814
:10D7700020B9FFE703208DF82700C7E0079800785D
:10D7800000F060000146039100285ED0FFE7039897
:10D79000202840F0AE80FFE70798C088002846D0D8
:10D7A000FFE7079800780006002823D5FFE70898D0
:10D7B000D0F8D41200EB8100D0F8C4028368079A35
:10D7C00050780699D28898470798C088082803D3CC
:10D7D000FFE70720029003E00798C0880290FFE768
:10D7E0000298ADF8160008980699BDF8162000F0CA
:10D7F00083F91BE007984078069981F800020798A2
:10D80000C0883F2804D8FFE70798C088019002E04D
:10D8100040200190FFE70198069981F801020898DD
:10D82000069991F8012200F037F9FFE70CE008981B
:10D83000D0F8D41200EB8100D0F8C40283680799B5
:10D84000487800229847FFE75BE007984078014658
:10D8500000910B2844D80099DFE801F006414242CC
:10D860004242424242421C32089890F89C020328ED
:10D8700007D1FFE708980DF11201022200F03CF9F0
:10D8800007E00898079900F0F7F803208DF81100D9
:10D89000FFE72DE0089890F89C02032807D1FFE7E6
:10D8A00008980DF11501012200F026F907E008980B
:10D8B000079900F0E1F803208DF81100FFE717E069
:10D8C000089890F89C02032808D0FFE70898079969
:10D8D00000F0D2F803208DF81100FFE708E007E020
:10D8E0000898079900F0C8F803208DF81100FFE7A9
:10D8F00007E00898079900F0BFF803208DF81100A1
:10D90000FFE79DF811008DF82700FFE79DF827003D
:10D910000AB080BD0000000080B584B0029002987B
:10D92000D0F8D41200EB8100D0F8C00201900120A1
:10D930008DF80300019820B9FFE703208DF80F0050
:10D940002AE00198D0F8140208BBFFE701990120F2
:10D95000C1F814020198D0F81002029A40F219019D
:10D96000C2F200010B7803F00F0303EB830302EB19
:10D970008302906102980978019BD3F80822D3F8BA
:10D98000103201F069F900208DF80300FFE79DF8DF
:10D9900003008DF80F00FFE79DF80F0004B080BD75
:10D9A00080B582B001908DF8031000208DF8020040
:10D9B0000198D0F8B8124A689DF80310904720B13A
:10D9C000FFE703208DF80200FFE79DF8020002B098
:10D9D00080BD00000000000080B582B00190009181
:10D9E000019890F89C02013802280ED8FFE70098B1
:10D9F0004088012808D1FFE701990020C1F8A4025E
:10DA0000019800F095F8FFE704E00198009900F014
:10DA100033F8FFE702B080BD82B001908DF80310AB
:10DA2000002002B07047000082B001908DF8031012
:10DA3000002002B07047000080B584B003900291CE
:10DA400001920398029A019B0021009100F090FF3F
:10DA5000009804B080BD000080B584B003900291AE
:10DA600001920398029A019B0021009101F0F4F8C1
:10DA7000009804B080BD000080B582B00190009194
:10DA80000198802101F094F80198002101F090F8AC
:10DA900002B080BD0000000080B584B00390029108
:10DAA000019203990320C1F8940201980399C1F8E7
:10DAB000580101980399C1F85C010398029A019BEF
:10DAC0000021009100F054FF009804B080BD0000D8
:10DAD00080B582B0019001990520C1F894020198A7
:10DAE0000023009319461A4600F042FF009802B046
:10DAF00080BD00000000000080B584B0039002915A
:10DB0000019203990220C1F8940201980399886157
:10DB100001980399C8610398029A019B0021009122
:10DB200001F09AF8009804B080BD000000000000E9
:10DB300080B582B0019001990420C1F89402019847
:10DB40000023009319461A4601F086F8009802B0A7
:10DB500080BD00000000000080B584B003900291F9
:10DB60000298C088012805D0FFE703980299FFF7C3
:10DB700083FF21E0039890F89C12481E019102282F
:10DB800004D3FFE7019803280AD00FE0039900208F
:10DB90008860039800F108010122FFF7ADFF0AE059
:10DBA0000398011D0122FFF7A7FF04E003980299E3
:10DBB000FFF762FFFFE7FFE704B080BD0000000051
:10DBC00080B588B0079006910020ADF8160004904B
:10DBD0008DF80F000698C0780138014602910E2892
:10DBE00000F241810299DFE811F02A00340051006F
:10DBF0003E013E010B0123013E013E013E013E017B
:10DC00003E013E013E010F000798D0F8B402C06902
:10DC100050B1FFE70798D0F8B412CA69007C0DF143
:10DC200016019047049009E007980699FFF724FF32
:10DC30009DF80F0001308DF80F00FFE71DE10798F8
:10DC4000D0F8B4120A68007C0DF1160190470490D8
:10DC500013E10798007C60B9FFE70798D0F8B80295
:10DC6000816A0DF1160088470490049902204870DB
:10DC70000BE00798D0F8B802C16A0DF1160088478A
:10DC80000490049902204870FFE7F6E00698807837
:10DC900001460191052800F2A8800199DFE801F012
:10DCA000031E39546F8A0798D0F8B402406850B107
:10DCB000FFE70798D0F8B4124A68007C0DF116010E
:10DCC0009047049009E007980699FFF7D5FE9DF864
:10DCD0000F0001308DF80F00FFE790E00798D0F8B3
:10DCE000B402806850B1FFE70798D0F8B4128A6890
:10DCF000007C0DF116019047049009E00798069901
:10DD0000FFF7BAFE9DF80F0001308DF80F00FFE716
:10DD100075E00798D0F8B402C06850B1FFE70798E3
:10DD2000D0F8B412CA68007C0DF116019047049037
:10DD300009E007980699FFF79FFE9DF80F00013054
:10DD40008DF80F00FFE75AE00798D0F8B402006999
:10DD500050B1FFE70798D0F8B4120A69007C0DF1C2
:10DD600016019047049009E007980699FFF784FE92
:10DD70009DF80F0001308DF80F00FFE73FE0079896
:10DD8000D0F8B402406950B1FFE70798D0F8B41258
:10DD90004A69007C0DF116019047049009E007984C
:10DDA0000699FFF769FE9DF80F0001308DF80F000E
:10DDB000FFE724E00798D0F8B402806950B1FFE78C
:10DDC0000798D0F8B4128A69007C0DF116019047CB
:10DDD000049009E007980699FFF74EFE9DF80F00A2
:10DDE00001308DF80F00FFE709E007980699FFF76B
:10DDF00043FE9DF80F0001308DF80F00FFE73CE077
:10DE00000798007C48B9FFE70798D0F8B802416B43
:10DE10000DF116008847049009E007980699FFF76E
:10DE20002BFE9DF80F0001308DF80F00FFE724E076
:10DE30000798007C60B9FFE70798D0F8B802016B3B
:10DE40000DF116008847049004990720487009E0F6
:10DE500007980699FFF710FE9DF80F0001308DF826
:10DE60000F00FFE709E007980699FFF705FE9DF808
:10DE70000F0001308DF80F00FFE79DF80F0008B18B
:10DE8000FFE72AE00698C08818B3FFE7BDF8160040
:10DE9000C8B1FFE7BDF816000699C988884204DAC0
:10DEA000FFE7BDF81600009003E00698C0880090D8
:10DEB000FFE70098ADF8160007980499BDF8162002
:10DEC000FFF71AFE04E007980699FFF7D5FDFFE774
:10DED00003E00798FFF72CFEFFE708B080BD0000C5
:10DEE00080B586B005908DF81310059803900598BD
:10DEF000029000200190029948880978884227DD25
:10DF0000FFE702980078ADF80200FFE7BDF80200D5
:10DF10000299498888421ADAFFE703980DF1020155
:10DF200000F036F803900398407805280ED1FFE7FB
:10DF300003980190019880789DF81310884201D1D0
:10DF4000FFE704E000200190FFE7FFE7DEE7FFE7DF
:10DF5000019806B080BD000083B0029000208DF8CB
:10DF6000070002980090FFE70098007848B1FFE7AB
:10DF70009DF8070001308DF80700009801300090EF
:10DF8000F2E79DF8070003B07047000000000000B2
:10DF900083B0029001910298009000980278019954
:10DFA0000888104408800298009909780844009075
:10DFB000009803B07047000080B582B001900091D6
:10DFC000019890F89C02013802281FD8FFE70098BA
:10DFD000C088022805D0FFE701980099FFF74CFDA3
:10DFE00019E001990120C8600198D0F8A40230B16D
:10DFF000FFE70199C86840F00200C860FFE7019898
:10E0000000F10C010222FFF777FD04E0019800996E
:10E01000FFF732FDFFE702B080BD00000000000006
:10E0200080B586B005900491039200208DF80B0016
:10E03000059808B9FFE74FE0059801900198FFF7B0
:10E040008BFF0146022000EB4100B0F5007F04D9B0
:10E05000FFE74FF40070009008E00198FFF77CFFA5
:10E060000146022000EB41000090FFE70098039971
:10E0700008800398007804999DF80B2088549DF837
:10E080000B0001308DF80B0004999DF80B20032044
:10E0900088549DF80B0001308DF80B00FFE70198C4
:10E0A0000078C8B1FFE70198007804999DF80B202B
:10E0B00088540198013001909DF80B0001308DF8D3
:10E0C0000B0004999DF80B20002088549DF80B004C
:10E0D00001308DF80B00E2E706B080BD00000000C3
:10E0E00082B08DF8070000208DF806009DF807002B
:10E0F00001460091032814D80099DFE801F00206D8
:10E100000A0E00208DF806000FE003208DF80600AF
:10E110000BE001208DF8060007E003208DF80600D3
:10E1200003E003208DF80600FFE79DF8060002B02B
:10E13000704700000000000080B582B08DF8070035
:10E1400000919DF8070060B9FFE7009A4FF6D410E0
:10E15000C0F602004CF62C21C2F20001FFF760FF6E
:10E160000BE0009A4FF6D410C0F602004CF62C21BA
:10E17000C2F20001FFF754FFFFE74CF62C20C2F279
:10E18000000002B080BD000082B08DF80700009151
:10E1900000991220088040F64C00C0F2000002B046
:10E1A000704700000000000080B582B08DF80700C5
:10E1B00000919DF8070060B9FFE7009A4FF6C6107E
:10E1C000C0F602004CF62C21C2F20001FFF728FF36
:10E1D0000BE0009A4FF6C610C0F602004CF62C2158
:10E1E000C2F20001FFF71CFFFFE74CF62C20C2F241
:10E1F000000002B080BD000082B08DF807000091E1
:10E2000000990420088040F67400C0F2000002B0BB
:10E21000704700000000000080B584B08DF80F004A
:10E220000291029A4FF6DF10C0F602004CF62C2144
:10E23000C2F200010191FFF7F3FE019804B080BD26
:10E2400080B582B08DF8070000919DF8070060B995
:10E25000FFE7009A4FF6F210C0F602004CF62C21B0
:10E26000C2F20001FFF7DCFE0BE0009A4FF6F2105D
:10E27000C0F602004CF62C21C2F20001FFF7D0FEDE
:10E28000FFE74CF62C20C2F2000002B080BD000077
:10E2900080B582B08DF80700009100991A2008809F
:10E2A000E7F78AFA40F25030C2F2000002B080BDB7
:10E2B00080B584B0029001918DF80320029820B9B6
:10E2C000FFE703208DF80F0023E002990020C1F83A
:10E2D000B8020299C1F8C4020299C1F8D0020198AB
:10E2E00028B1FFE701980299C1F8B402FFE702994B
:10E2F000012081F89C029DF80300029908700298A1
:10E3000000F02AFA8DF802009DF802008DF80F0047
:10E31000FFE79DF80F0004B080BD00000000000082
:10E3200080B582B001908DF8031000208DF80200B6
:10E330008DF801000198D0F8C8029DF80310EEF79F
:10E34000DBFA8DF802009DF80200FFF7C9FE8DF898
:10E3500001009DF8010002B080BD00000000000037
:10E3600080B582B001908DF8031000208DF8020076
:10E370008DF801000198D0F8C8029DF80310EEF75F
:10E3800067FA8DF802009DF80200FFF7A9FE8DF8EC
:10E3900001009DF8010002B080BD000000000000F7
:10E3A00080B588B006908DF8171004929DF817007C
:10E3B000002874D1FFE70698143003900698D0F82F
:10E3C000940202285DD1FFE703998868C9688842F2
:10E3D00012D9FFE703998868CA68801A886006988E
:10E3E0000499039A9268FFF737FB069800231946B1
:10E3F0001A4600F0BDFA43E003988168C06888427D
:10E400001ED1FFE703994868C968884218D3FFE71F
:10E41000039840680699D1F89812884210D2FFE715
:10E420000698002201921146FFF716FB019B069801
:10E43000C0F89832069819461A4600F099FA1EE07C
:10E44000069890F89C02032811D1FFE70698D0F8AF
:10E45000B802C06850B1FFE706990020C1F8D402A5
:10E460000698D0F8B812C9688847FFE7FFE7069812
:10E47000802100F09DFB0698FFF72AFBFFE7FFE7EE
:10E48000FFE7069890F8A00240B1FFE7069800F079
:10E4900077FC0699002081F8A002FFE740E006988B
:10E4A0009DF8171041F08001FFF7B6FA8DF80A00C9
:10E4B0009DF80A00FF2832D0FFE79DF80A0070BBE4
:10E4C000FFE7069890F89C02032827D1FFE70698FB
:10E4D0009DF80A1000EB8100D0F8B8024069E0B165
:10E4E000FFE79DF80A000699C1F8D40206989DF846
:10E4F0000A1000EB8101D1F8B8124A699DF8171093
:10E5000090478DF80B009DF80B0028B1FFE79DF8B0
:10E510000B008DF81F0007E0FFE7FFE7FFE7FFE7CD
:10E5200000208DF81F00FFE79DF81F0008B080BD98
:10E5300080B58AB008908DF81F10069200208DF8E3
:10E5400013009DF81F00002840F08280FFE7089824
:10E5500000F5AA7005900898D0F89402032876D1A7
:10E56000FFE705998868C96888421DD9FFE70599C2
:10E570008868CA68801A8860089802900698039094
:10E5800005998868C968884204D2FFE705988068C1
:10E59000019003E00598C0680190FFE70399029895
:10E5A000019AFFF749FA51E0089890F8AA0200F0A2
:10E5B0001F000146009140B1FFE70098012808D0F4
:10E5C000FFE7009802280CD013E000208DF812001D
:10E5D00013E0089890F8AE12FFF726FA8DF81200B3
:10E5E0000BE0089890F8AE12FFF716FA8DF81200BB
:10E5F00003E000208DF81200FFE79DF8120008BB31
:10E60000FFE7089890F89C0203281AD1FFE70898C2
:10E610009DF8121000EB8100D0F8B802006978B1C3
:10E62000FFE79DF812000899C1F8D40208989DF8F8
:10E63000121000EB8101D1F8B81209698847FFE791
:10E64000FFE7FFE70898FFF773FAFFE7FFE740E00F
:10E6500008989DF81F1001F07F01FFF7DDF98DF894
:10E6600012009DF81200FF2832D0FFE79DF812003B
:10E6700070BBFFE7089890F89C0203281ED1FFE7C3
:10E6800008989DF8121000EB8100D0F8B80280695C
:10E6900098B1FFE79DF812000899C1F8D4020898D4
:10E6A0009DF8121000EB8101D1F8B8128A699DF82B
:10E6B0001F1090478DF81300FFE7FFE79DF8130048
:10E6C00028B1FFE79DF813008DF8270005E0FFE76C
:10E6D000FFE700208DF82700FFE79DF827000AB02C
:10E6E00080BD00000000000081B00090002001B05B
:10E6F000704700000000000080B582B0019000204B
:10E700008DF803000199012081F89C020198D0F84E
:10E71000B80268B1FFE70198D0F8B8124A680179E9
:10E72000904720B1FFE703208DF80300FFE7FFE7E4
:10E730009DF8030002B080BD80B582B001908DF8D5
:10E7400003100198D0F8C8029DF80310EEF738F9CD
:10E7500002B080BD0000000080B584B00390039833
:10E760000078012838D1FFE703994DF68010C2F2F6
:10E7700000000290C0F8E0140399C1F8C80200211B
:10E78000C4F204010160092101710222C271002159
:10E79000817142728172C17201738173C17301749C
:10E7A000EEF7DEFE18B1FFE7E6F74AFBFFE74DF6AE
:10E7B0008010C2F2000001904FF40071EDF77CFF71
:10E7C000019800218022EDF783FF019801214FF489
:10E7D000BA72EDF77DFFFFE7002004B080BD0000B6
:10E7E00084B002908DF807100298D0F8C80200900B
:10E7F0009DF80700000600280DD5FFE700989DF85A
:10E80000071001F07F0101EBC10100EB8100807D69
:10E810008DF80F000DE000989DF8071001F07F01C2
:10E8200001EBC10100EB810090F856028DF80F005A
:10E83000FFE79DF80F0004B07047000000000000E3
:10E8400080B584B002908DF807100298D0F8D412E9
:10E8500000EB8100D0F8B80220B9FFE703208DF863
:10E860000F0020E0029890F89C02032817D1FFE7E0
:10E870000298D0F8D41200EB8100D0F8B802006AF8
:10E8800060B1FFE70298D0F8D41200EB8101D1F813
:10E89000B8120A6A9DF807109047FFE7FFE70020CB
:10E8A0008DF80F00FFE79DF80F0004B080BD000059
:10E8B00080B584B002908DF807100298D0F8D41279
:10E8C00000EB8100D0F8B80220B9FFE703208DF8F3
:10E8D0000F0020E0029890F89C02032817D1FFE770
:10E8E0000298D0F8D41200EB8100D0F8B802406A48
:10E8F00060B1FFE70298D0F8D41200EB8101D1F8A3
:10E90000B8124A6A9DF807109047FFE7FFE700201A
:10E910008DF80F00FFE79DF80F0004B080BD0000E8
:10E9200080B584B003908DF80B108DF80A20ADF8F7
:10E93000083000208DF807008DF806000398D0F805
:10E94000C8029DF80B10BDF808209DF80A30EEF7BC
:10E950004BF88DF807009DF80700FFF7C1FB8DF815
:10E9600006009DF8060004B080BD00000000000015
:10E9700080B586B005908DF81310039202930020A5
:10E980008DF807008DF806000598D0F8C8029DF8AC
:10E990001310039A029BEEF79FF88DF807009DF87D
:10E9A0000700FFF79DFB8DF806009DF8060006B0F6
:10E9B00080BD00000000000080B586B005900020FA
:10E9C0008DF81300059A012182F89C120599C1F86F
:10E9D0009402059948600599C1F8A402059981F847
:10E9E000A0020598D0F8B802A0B1FFE70598D0F8CA
:10E9F000B802406868B1FFE70598D0F8B8124A68D5
:10EA00000179904720B1FFE703208DF81300FFE75D
:10EA1000FFE7FFE705980022019240230393114688
:10EA2000FFF77EFF019A039B059901200290A1F850
:10EA300064010598C0F8603105988021FFF770FFE8
:10EA400002990398059A9184059908629DF813002C
:10EA500006B080BD0000000081B00090009890F8E2
:10EA60009C02042807D1FFE7009890F89D020099C6
:10EA700081F89C02FFE7002001B070470000000011
:10EA800080B582B00190019890F89C02032813D1C0
:10EA9000FFE70198D0F8B80268B1FFE70198D0F815
:10EAA000B802C06930B1FFE70198D0F8B812C9695F
:10EAB0008847FFE7FFE7FFE7002002B080BD0000C6
:10EAC00082B001908DF803109DF80300019908743D
:10EAD000002002B07047000080B582B001908DF830
:10EAE000031000208DF802008DF801000198D0F885
:10EAF000C8029DF80310EEF7D3FE8DF802009DF8D2
:10EB00000200FFF7EDFA8DF801009DF8010002B058
:10EB100080BD00000000000080B584B00390029129
:10EB2000039800F2AA20029900F0BAF80399012094
:10EB3000C1F894020399B1F8B002C1F898020398A1
:10EB400090F8AA0200F01F000146009140B1FFE7D3
:10EB5000009801280CD0FFE70098022810D017E099
:10EB6000039800F2AA2100F067FA8DF8070019E077
:10EB7000039800F2AA2100F09FFC8DF8070011E035
:10EB8000039800F2AA2100F0BFFA8DF8070009E00F
:10EB9000039890F8AA1201F0800100F009F88DF8AE
:10EBA0000700FFE79DF8070004B080BD00000000EB
:10EBB00080B582B001908DF8031000208DF802001E
:10EBC0008DF801000198D0F8C8029DF80310EDF708
:10EBD000BBFF8DF802009DF80200FFF781FA8DF867
:10EBE00001009DF8010002B080BD0000000000009F
:10EBF00080B582B0019000208DF803008DF80200EE
:10EC00000198D0F8C802EEF787FE8DF803009DF852
:10EC10000300FFF765FA8DF802009DF8020002B0CC
:10EC200080BD00000000000081B00090009890F8C6
:10EC30009C02042807D0FFE7009890F89C020099F6
:10EC400081F89D02FFE70099042081F89C020020D2
:10EC500001B070470000000080B586B005908DF8C7
:10EC600013100392029300208DF807008DF8060020
:10EC70000598D0F8C8029DF81310039A029BEDF78F
:10EC8000D3FF8DF807009DF80700FFF729FA8DF8EC
:10EC900006009DF8060006B080BD000000000000E0
:10ECA00080B584B003900291029801900198007899
:10ECB0000399087001980130019001980078039938
:10ECC00048700198013001900198FBF77DFA039993
:10ECD000488001980130019001980130019001981D
:10ECE000FBF772FA0399888001980130019001982E
:10ECF000013001900198FBF767FA0399C88004B0CE
:10ED000080BD00000000000080B584B00290019139
:10ED10000020ADF80200019820B9FFE703208DF82C
:10ED20000F0026E001980299C1F8B8020298D0F8C5
:10ED3000D41200EB8100D0F8B802C06A78B1FFE7C6
:10ED40000298D0F8D41200EB8100D0F8B802C16A62
:10ED50000DF1020088470299C1F8D002FFE702993D
:10ED6000D1F8D8020130C1F8D80200208DF80F0088
:10ED7000FFE79DF80F0004B080BD00000000000018
:10ED800081B00090002001B070470000000000003A
:10ED900080B584B00390029102988088B8BBFFE7E9
:10EDA0000298C08898BBFFE7029840887F282ED839
:10EDB000FFE70298807800F07F008DF80700039845
:10EDC00090F89C02032805D1FFE703980299FEF70B
:10EDD00053FE1BE09DF80700039981F89E020398FB
:10EDE0009DF80710FFF778FE0398FEF7A1FE9DF847
:10EDF000070028B1FFE70399022081F89C0204E094
:10EE00000399012081F89C02FFE7FFE704E00398E3
:10EE10000299FEF731FEFFE704B080BD000000005C
:10EE200080B582B001908DF8031000208DF80200AB
:10EE30000198D0F8B80250B1FFE70198D0F8B812A5
:10EE40000A689DF8031090478DF80200FFE79DF8CF
:10EE5000020002B080BD000080B586B0049003912E
:10EE600000208DF80B000398817843F20400C0F273
:10EE7000000001700078022808D3FFE70498039986
:10EE8000FEF7FAFD03208DF81700A0E0049890F833
:10EE90009C0201460191022804D0FFE70198032853
:10EEA0002FD07FE043F20400C0F20000007818B3D6
:10EEB000FFE743F20401C0F200010878049A5060B1
:10EEC00004980978FFF7ACFF8DF80B009DF80B0054
:10EED00048B1FFE704980399FEF7CEFD049902209C
:10EEE00081F89C0207E00498FEF722FE04990320B3
:10EEF00081F89C02FFE703E00498FEF719FEFFE7A4
:10EF000060E043F20400C0F20000007898B9FFE727
:10EF10000499022081F89C0243F20401C0F200012E
:10EF20000878049A506004980978FEF739FD04982F
:10EF3000FEF7FEFD35E043F20400C0F20000007869
:10EF400004994968884227D0FFE704980179FEF7C1
:10EF500027FD43F20401C0F200010878049A5060D2
:10EF600004980978FFF75CFF8DF80B009DF80B0003
:10EF700068B1FFE704980399FEF77EFD04980179D4
:10EF8000FEF70EFD0499022081F89C0203E004982C
:10EF9000FEF7CEFDFFE703E00498FEF7C9FDFFE7AB
:10EFA000FFE70FE004980399FEF766FD049843F22B
:10EFB0000401C0F200010978FEF7F2FC03208DF88D
:10EFC0000B00FFE79DF80B008DF81700FFE79DF899
:10EFD000170006B080BD000080B582B0019000919E
:10EFE00000984088012808D1FFE701990120C1F865
:10EFF000A4020198FEF79CFD13E0009840880228C7
:10F0000009D1FFE700984079019981F8A0020198A1
:10F01000FEF78EFD04E001980099FEF72DFDFFE755
:10F02000FFE702B080BD000080B582B0019001987A
:10F03000FFF7DEFD02B080BD80B586B0059004917B
:10F0400000208DF80F000498007800F06000014661
:10F050000291A8B1FFE70298202804D0FFE70298A8
:10F06000402846D1FFE70598D0F8D41200EB810183
:10F07000D1F8B8128A68049990478DF80F003DE0E6
:10F08000049840780146019109282CD80199DFE8BD
:10F0900001F01B252A202A0A052A160F0598049933
:10F0A000FEF78EFD24E005980499FFF771FE1FE03E
:10F0B00005980499FFF7D0FE8DF80F0018E0059829
:10F0C0000499FEF749FD13E005980499FEF774FFD3
:10F0D0000EE005980499FFF77FFF09E00598049971
:10F0E000FEF77AFC04E005980499FEF7C5FCFFE7FB
:10F0F00004E005980499FEF7BFFCFFE79DF80F00B8
:10F1000006B080BD0000000080B58CB00B900A9165
:10F1100000208DF821000A9880888DF823000A9835
:10F12000007800F0600001460791B8B3FFE7079848
:10F13000202805D0FFE70798402840F0B281FFE77C
:10F140000B989DF82310FEF767FC8DF822009DF8C0
:10F150002200FF2821D0FFE79DF82200E8B9FFE751
:10F160009DF822000B99C1F8D4020B989DF822104B
:10F1700000EB8100D0F8B802806868B1FFE70B9817
:10F180009DF8221000EB8101D1F8B8128A680A9923
:10F1900090478DF82100FFE7FFE787E10A98407864
:10F1A00001460691002800F0BD80FFE7069801287F
:10F1B0004CD0FFE70698032840F06D81FFE70B98DD
:10F1C00090F89C0201460591022804D0FFE70598BB
:10F1D000032819D034E09DF8230078B1FFE79DF8AB
:10F1E000230080280AD0FFE70B989DF82310FFF733
:10F1F000DFFC0B988021FFF7DBFC04E00B980A99F9
:10F20000FEF73AFCFFE720E00A984088A0B9FFE744
:10F210009DF8230078B1FFE79DF8230080280AD0ED
:10F22000FFE70A98C08830B9FFE70B989DF82310D4
:10F23000FFF7BEFCFFE7FFE70B98FEF779FC04E061
:10F240000B980A99FEF718FCFFE729E10B9890F854
:10F250009C0201460491022804D0FFE70498032889
:10F2600019D059E09DF8230078B1FFE79DF82300FD
:10F2700080280AD0FFE70B989DF82310FFF798FC31
:10F280000B988021FFF794FC04E00B980A99FEF795
:10F29000F3FBFFE745E00A984088E0BBFFE79DF8F5
:10F2A0002300400630B1FFE70B989DF82310FFF7CD
:10F2B00037F8FFE70B98FEF73BFC0B989DF82310FF
:10F2C000FEF7AAFB8DF822009DF82200FF2821D02E
:10F2D000FFE79DF82200E8B9FFE79DF822000B99AF
:10F2E000C1F8D4020B989DF8221000EB8100D0F8F1
:10F2F000B802806868B1FFE70B989DF8221000EB18
:10F300008101D1F8B8128A680A9990478DF82100D6
:10F31000FFE7FFE7FFE704E00B980A99FEF7ACFB75
:10F32000FFE7BDE00B9890F89C020146039102288C
:10F3300004D0FFE70398032838D0A6E09DF8230007
:10F3400050B1FFE79DF82300802805D0FFE70B9818
:10F350000A99FEF791FB9DE09DF823000006002826
:10F360000CD5FFE70B989DF8231001F07F0101EB0E
:10F37000810100EB8100143002900CE00B989DF8A5
:10F38000231001F07F0101EB810100EB810000F50A
:10F39000AA700290FFE7029809900999002008607E
:10F3A0000B9809990222FEF7A7FB73E09DF8230052
:10F3B0000006002812D5FFE70B989DF8231001F0F6
:10F3C0000F0101EB810100EB8100808C28B9FFE780
:10F3D0000B980A99FEF750FB5CE012E00B989DF841
:10F3E000231001F00F0101EB810100EB8100B0F867
:10F3F000640128B9FFE70B980A99FEF73DFB49E045
:10F40000FFE79DF82300000600280CD5FFE70B98C6
:10F410009DF8231001F07F0101EB810100EB8100D9
:10F42000143001900CE00B989DF8231001F07F013F
:10F4300001EB810100EB810000F5AA700190FFE76C
:10F44000019809909DF8230028B1FFE79DF823005B
:10F45000802804D1FFE70999002008600FE00B988D
:10F460009DF82310FFF7BCF920B1FFE709990120AF
:10F47000086003E0099900200860FFE7FFE70B98A8
:10F4800009990222FEF738FB04E00B980A99FEF76F
:10F49000F3FAFFE704E00B980A99FEF7EDFAFFE7AD
:10F4A00004E00B980A99FEF7E7FAFFE79DF82100C0
:10F4B0000CB080BD0000000080B584B003900291C4
:10F4C00000208DF807000298007800F060000146E7
:10F4D000009140B1FFE70098202804D0FFE7009892
:10F4E00040285AD1FFE7039890F89C02013802287F
:10F4F0004DD8FFE702980079012842D8FFE703982A
:10F5000002990979FEF790FA8DF806009DF8060039
:10F51000FF2825D0FFE79DF8060008BBFFE703980A
:10F520009DF8061000EB8100D0F8B802806890B119
:10F53000FFE79DF806000399C1F8D40203989DF8EF
:10F54000061000EB8101D1F8B8128A680299904741
:10F550008DF8070003E003208DF80700FFE703E0C4
:10F5600003208DF80700FFE70298C08840B9FFE745
:10F570009DF8070020B9FFE70398FEF7D9FAFFE7E7
:10F5800004E003980299FEF777FAFFE704E0039896
:10F590000299FEF771FAFFE704E003980299FEF77B
:10F5A0006BFAFFE79DF8070004B080BD0000000083
:10F5B00081B0009001B0704781B000904CF62C40B3
:10F5C000C2F2000001B0704784B00390029103982A
:10F5D000019002980078009002984078012830D17C
:10F5E000FFE70298007800F00F01012000FA01F215
:10F5F0000199D1F81C081043C1F81C080198009922
:10F6000000EB4110D0F800090004002818D4FFE7EF
:10F61000029988686FF3DF20097940EA8140009AF7
:10F6200040EA8250019901EB4211D1F800291043C0
:10F6300048F20002C1F200021043C1F80009FFE7DE
:10F640002EE00298007800F00F01012000FA01F28C
:10F650000199D1F81C0840EA0240C1F81C08019841
:10F66000009900EB4110D0F8000B0004002816D4DC
:10F67000FFE7029988686FF3DF20097940EA81404B
:10F680000199009A01EB4211D1F8002B104348F286
:10F690000002C1F200021043C1F8000BFFE7FFE7D0
:10F6A000002004B07047000082B0019001980090E3
:10F6B0000099D1F8000940F2FF729043C1F80009A7
:10F6C0000099D1F8040840F48070C1F804080020C3
:10F6D00002B070470000000080B58AB0DDF830C08D
:10F6E000CDF814C00493039202919DF814108DF884
:10F6F00024100299039A049B0893079206910190A3
:10F700009DF81D00012823D1FFE70199886B20F4A3
:10F71000803088630199C8684FF6BF72CFF6BD721A
:10F720001040C8600199C86820F44010C8609DF876
:10F730002400012806D1FFE70199C86840F4801031
:10F74000C860FFE7019800F03FF88DF803001AE069
:10F750000199C86840F04000C860019800F034F892
:10F760008DF803009DF8210030B9FFE70199886BFF
:10F7700040F48030886305E00199886B20F4803084
:10F780008863FFE7FFE79DF81A00012816D1FFE71D
:10F790000199C86D80B2C8650199C86D0022C0F298
:10F7A000EE321043C8650199886840F00600886011
:10F7B0000199886840F020008860FFE79DF8030009
:10F7C0000AB080BD0000000083B0019000200090CE
:10F7D000FFE70098013000900098B0F1706F04D9F5
:10F7E000FFE703208DF80B0026E0FFE70198006992
:10F7F000C00F0028EDD0FFE70020009001990869B4
:10F8000040F001000861FFE7009801300090009887
:10F81000B0F1706F04D9FFE703208DF80B000BE007
:10F82000FFE70198006900F001000128ECD0FFE734
:10F8300000208DF80B00FFE79DF80B0003B0704728
:10F8400084B0039002910398019002980078009090
:10F8500002984078012845D1FFE70198009900EB14
:10F860004110D0F80009C00FA8B1FFE70198009936
:10F8700000EB4111D1F8000940F00060C1F8000927
:10F880000198009900EB4111D1F8000940F0804047
:10F89000C1F80009FFE70298007800F00F0101208D
:10F8A00000FA01F3019AD2F83C189943C2F83C18C7
:10F8B0000299097801F00F0100FA01F20199D1F8DB
:10F8C0001C089043C1F81C080198009900EB4111F5
:10F8D000D1F8000947F60002CEF633421040C1F8D5
:10F8E000000946E00198009900EB4110D0F8000BA8
:10F8F000C00FA8B1FFE70198009900EB4111D1F8C2
:10F90000000B40F00060C1F8000B0198009900EB7B
:10F910004111D1F8000B40F08040C1F8000BFFE727
:10F920000298007800F00F01012000FA01F3019A1B
:10F93000D2F83C1821EA0341C2F83C180299097830
:10F9400001F00F0100FA01F20199D1F81C0820EA38
:10F950000240C1F81C080198009900EB4111D1F850
:10F96000000B47F60002CEF6F3721040C1F8000B10
:10F97000FFE7002004B0704782B00190019800902A
:10F980000099D1F8000E20F00300C1F8000E009994
:10F99000D1F8040820F00200C1F80408002002B0E9
:10F9A000704700000000000082B0019001980090B4
:10F9B0000099D1F8000E20F00300C1F8000E009964
:10F9C000D1F8040840F00200C1F80408002002B099
:10F9D000704700000000000080B58CB0DDF838C032
:10F9E000CDF81CC00693059204919DF81C108DF86B
:10F9F0002C100499059A069B0A930992089103908A
:10FA000000208DF80B00039901910090FFE700980A
:10FA10000E280CD8FFE70398009900EB8101002025
:10FA2000C1F80401FFE7009801300090EFE79DF86E
:10FA30002A00B8B9FFE70199D1F8040840F00200A4
:10FA4000C1F804080399886B20F4001088630399B7
:10FA5000086840F0400008600399086840F08000A2
:10FA6000086005E00399886B40F400108863FFE7A5
:10FA700001990020C1F8000E9DF8250001280FD142
:10FA8000FFE79DF8230028B9FFE70398002100F065
:10FA900093FE04E00398012100F08EFEFFE704E0EE
:10FAA0000398032100F088FEFFE70398102100F07F
:10FAB000A7FC20B1FFE701208DF80B00FFE70398BA
:10FAC00000F062FC20B1FFE701208DF80B00FFE79A
:10FAD00001990020C1F810080199C1F81408019992
:10FAE000C1F81C080090FFE700989DF8201088429C
:10FAF0003BD2FFE70198009900EB4110D0F80009D4
:10FB0000C00FB0B1FFE7009848B9FFE7019800992E
:10FB100000EB41114FF00060C1F8000908E00198C6
:10FB2000009900EB41114FF09040C1F80009FFE748
:10FB300007E00198009900EB41110020C1F800098D
:10FB4000FFE70198009900EB41110020C1F810096E
:10FB50000198009900EB41114FF67F30C1F8080978
:10FB6000FFE7009801300090BEE700200090FFE71B
:10FB700000989DF8201088423BD2FFE70198009939
:10FB800000EB4110D0F8000BC00FB0B1FFE70098B8
:10FB900048B9FFE70198009900EB41114FF0006070
:10FBA000C1F8000B08E00198009900EB41114FF0FB
:10FBB0009040C1F8000BFFE707E00198009900EBC7
:10FBC00041110020C1F8000BFFE70198009900EBFC
:10FBD00041110020C1F8100B0198009900EB411170
:10FBE0004FF67F30C1F8080BFFE700980130009016
:10FBF000BEE70199D1F8100820F48070C1F8100810
:10FC000003990020886103996FF0804048619DF856
:10FC1000220030B9FFE70399886940F0100088613D
:10FC2000FFE70399886943F60002C8F23C021043DB
:10FC300088619DF8260030B1FFE70399886940F09C
:10FC400008008861FFE79DF82A00012808D1FFE736
:10FC5000039988690422C4F2000210438861FFE717
:10FC60009DF80B000CB080BD81B0009000998868B1
:10FC700020F001008860002001B070470000000003
:10FC800086B004908DF80F100292049801900498A9
:10FC9000006C0090009843F20B01C4F65471884246
:10FCA0000BD3FFE70198D0F8000BC00F20B1FFE79E
:10FCB00000208DF817002EE0FFE701990020C1F821
:10FCC000100B0199D1F8100B40F40020C1F8100B73
:10FCD0000199D1F8100B40F01800C1F8100B0199F0
:10FCE000D1F8100B40F0C040C1F8100B9DF80F0088
:10FCF00001280CD1FFE702980199C1F8140B019972
:10FD0000D1F8000B40F08020C1F8000BFFE7002085
:10FD10008DF81700FFE79DF8170006B07047000048
:10FD200084B00390029103980190029800780090AB
:10FD300002984078012820D1FFE70198009900EB54
:10FD40004111D1F8000920F40010C1F8000902980F
:10FD50000079032805D0FFE70298007902280BD12B
:10FD6000FFE70198009900EB4111D1F8000940F03C
:10FD70008050C1F80009FFE71FE00198009900EBEF
:10FD80004111D1F8000B20F40010C1F8000B0298CB
:10FD90000079032805D0FFE70298007902280BD1EB
:10FDA000FFE70198009900EB4111D1F8000B40F0FA
:10FDB0008050C1F8000BFFE7FFE7002004B0704758
:10FDC00084B003900291039801900298007800900B
:10FDD00002984078012822D1FFE70198009900EBB2
:10FDE0004110D0F80009C00F70B9FFE7009858B172
:10FDF000FFE70198009900EB4111D1F8000920F0CC
:10FE00008040C1F80009FFE70198009900EB41111B
:10FE1000D1F8000940F40010C1F8000921E0019870
:10FE2000009900EB4110D0F8000BC00F70B9FFE74C
:10FE3000009858B1FFE70198009900EB4111D1F803
:10FE4000000B20F08040C1F8000BFFE701980099FB
:10FE500000EB4111D1F8000B40F40010C1F8000B89
:10FE6000FFE7002004B0704780B588B00790069186
:10FE70008DF817200798049006980078039006984C
:10FE80004078012840F01C81FFE706980069F8B926
:10FE9000FFE70498039900EB4111D1F810096FF3C3
:10FEA000DC40C1F810090498039900EB4111D1F826
:10FEB000100940F40020C1F810090498039900EBE0
:10FEC0004111D1F810096FF31200C1F8100969E06F
:10FED0000498039900EB4111D1F810096FF3120057
:10FEE000C1F810090498039900EB4111D1F81009E9
:10FEF0006FF3DC40C1F810090398A8B9FFE7069832
:10FF000081680069884204D9FFE70699886808611A
:10FF1000FFE70498039900EB4111D1F8100940F470
:10FF20000020C1F8100915E00698816800690844AE
:10FF30000138B0FBF1F10020C1F6F87000EAC142CF
:10FF40000498039900EB4111D1F810091043C1F84E
:10FF50001009FFE7069802696FF3DF4204980399DE
:10FF600000EB4111D1F810091043C1F810090698AF
:10FF70000079012815D1FFE70498039900EB41119E
:10FF8000D1F8100920F0C040C1F810090498039975
:10FF900000EB4111D1F8100940F00050C1F81009F0
:10FFA000FFE7FFE79DF8170001283BD1FFE7069820
:10FFB000C06948B1FFE70698C0690499039A01EB4C
:10FFC0004211C1F81409FFE70698007901281ED1F3
:10FFD000FFE70498D0F80808C00500280BD4FFE715
:10FFE0000498039900EB4111D1F8000940F000504A
:10FFF000C1F800090AE00498039900EB4111D1F817
:020000040802F0
:10000000000940F08050C1F80009FFE7FFE70498BD
:10001000039900EB4111D1F8000940F00440C1F808
:1000200000094CE00498039900EB4111D1F8000954
:1000300040F00440C1F8000906980079012813D067
:10004000FFE70698006970B1FFE70698007800F0B6
:100050000F01012000FA01F20499D1F8340810438D
:10006000C1F83408FFE729E00498D0F80808C00573
:1000700000280BD4FFE70498039900EB4111D1F855
:10008000000940F00050C1F800090AE00498039903
:1000900000EB4111D1F8000940F08050C1F800098F
:1000A000FFE70798069BD9681A781B8A9DF817C046
:1000B000EE46CEF800C000F073FCFFE7FFE7C4E0B7
:1000C0000498039900EB4111D1F8100B6FF3120063
:1000D000C1F8100B0498039900EB4111D1F8100BF3
:1000E0006FF3DC40C1F8100B039818BBFFE70698CC
:1000F000006920B1FFE7069988680861FFE7069963
:10010000886808620698026A6FF3DF4204980399D0
:1001100000EB4111D1F8100B1043C1F8100B0498FB
:10012000039900EB4111D1F8100B40F40020C1F805
:10013000100B49E006980069C0B9FFE7069882688D
:100140006FF3DF420498039900EB4111D1F8100BD3
:100150001043C1F8100B0498039900EB4111D1F83A
:10016000100B40F40020C1F8100B2CE006988168B9
:10017000006908440138B0FBF1F0ADF80A000699B7
:100180008868BDF80A2050430862BDF80A100020B4
:10019000C1F6F87000EAC1420498039900EB4111DE
:1001A000D1F8100B1043C1F8100B0698026A6FF3D8
:1001B000DF420498039900EB4111D1F8100B104372
:1001C000C1F8100BFFE7FFE79DF8170001280ED1DB
:1001D000FFE70698C06848B1FFE70698C068049931
:1001E000039A01EB4211C1F8140BFFE7FFE70698F1
:1001F000007901281ED1FFE70498D0F80808C0054F
:1002000000280BD4FFE70498039900EB4111D1F8C3
:10021000000B40F00050C1F8000B0AE0049803996D
:1002200000EB4111D1F8000B40F08050C1F8000BF9
:10023000FFE7FFE70498039900EB4111D1F8000BA9
:1002400040F00440C1F8000BFFE7002008B080BD7B
:1002500085B004900391002002908DF80700049867
:1002600000900398407801283ED1FFE70098039959
:10027000097800EB4110D0F80009C00F98B3FFE7F0
:1002800000980399097800EB4111D1F8000940F07A
:100290000060C1F8000900980399097800EB41114A
:1002A000D1F8000940F08040C1F80009FFE702984A
:1002B00001300290029842F21171884204D3FFE7A4
:1002C00001208DF807000DE0FFE7009803990978F9
:1002D00000EB4110D0F8000900F00040B0F1004FF1
:1002E000E5D0FFE7FFE73DE000980399097800EBD0
:1002F0004110D0F8000BC00F98B3FFE700980399A6
:10030000097800EB4111D1F8000B40F00060C1F812
:10031000000B00980399097800EB4111D1F8000B0C
:1003200040F08040C1F8000BFFE7029801300290D6
:10033000029842F21171884204D3FFE701208DF840
:1003400007000DE0FFE700980399097800EB4110E2
:10035000D0F8000B00F00040B0F1004FE5D0FFE70F
:10036000FFE7FFE79DF8070005B0704700000000B9
:1003700081B000900099886840F0010088600020FA
:1003800001B070470000000083B001900020009091
:10039000FFE70098013000900098B0F1706F04D929
:1003A000FFE703208DF80B0024E0FFE701980069C8
:1003B000C00F0028EDD0FFE7002000900199102029
:1003C0000861FFE70098013000900098B0F1706F6D
:1003D00004D9FFE703208DF80B000BE0FFE701983D
:1003E000006900F010001028ECD0FFE700208DF825
:1003F0000B00FFE79DF80B0003B070470000000002
:1004000084B00290019100200090FFE70098013035
:1004100000900098B0F1706F04D9FFE703208DF8C9
:100420000F0026E0FFE702980069C00F0028EDD01A
:10043000FFE70020009001988001203002990861B8
:10044000FFE70098013000900098B0F1706F04D978
:10045000FFE703208DF80F000BE0FFE7029800692B
:1004600000F020002028ECD0FFE700208DF80F00DE
:10047000FFE79DF80F0004B0704700000000000087
:1004800084B00390039802900298D0F8080800F016
:1004900006000090009820B9FFE700208DF80700C3
:1004A00010E00098022804D0FFE70098062804D145
:1004B000FFE702208DF8070003E00F208DF807000A
:1004C000FFE7FFE79DF8070004B070470000000059
:1004D00081B000900098406900F0010001B07047C1
:1004E00080B582B0019001200090FFE7F6F7B0F9E7
:1004F00001200BF0CDFDF9E783B002900298019046
:100500000198D0F8180800900198D0F81C180098AD
:1005100008400090BDF8000003B0704700000000E4
:1005200083B00290029801900198D0F818080090CA
:100530000198D0F81C18009808400090BDF80200FF
:1005400003B070470000000086B005908DF81310CE
:10055000059803900398D0F8100801900398D0F8FC
:100560003408009000989DF8131001F00F01C84066
:1005700000F00101019840EAC110019003989DF834
:10058000131000EB4110D0F80809019908400290BF
:10059000029806B07047000084B003908DF80B10ED
:1005A0000398019001989DF80B1000EB4110D0F8D2
:1005B000080B00900198D0F814180098084000909B
:1005C000009804B07047000082B001900198406923
:1005D000009001988169009808400090009802B04E
:1005E000704700000000000089B008900791ADF846
:1005F0001A200898059007980490BDF81A00800802
:100600000190BDF81A0000F00300ADF802000020D0
:100610000290FFE702980199884217D2FFE70598F8
:100620004FF48051405804990860049801300490B8
:10063000049801300490049801300490049801302B
:100640000490FFE7029801300290E3E7BDF8020052
:1006500008B3FFE70020029005984FF480514058FE
:100660000390FFE703989DF80810C900C84004995B
:100670000870029801300290049801300490BDF88F
:1006800002000138ADF80200FFE7BDF802000028C3
:10069000E8D1FFE7FFE7049809B0704700000000C9
:1006A00080B586B004908DF80F1000200290049958
:1006B000C86820F0C040C8609DF80F00012823D111
:1006C000FFE70499C86840F00050C860FFE70A20BF
:1006D000E9F7E2FD02980A300290FFE70498FFF77D
:1006E000F7FE014600200129019007D0FFE702999B
:1006F0000020C82938BF01200190FFE70198C007FA
:100700000028E4D1FFE72AE09DF80F0010BBFFE7C7
:100710000499C86840F08040C860FFE70A20E9F704
:10072000BBFD02980A300290FFE70498FFF7D0FE65
:1007300001460020009039B1FFE702990020C82946
:1007400038BF01200090FFE70098C0070028E5D1DE
:10075000FFE703E001208DF817000CE0FFE70298A7
:10076000C82804D1FFE701208DF8170003E000201E
:100770008DF81700FFE79DF8170006B080BD000058
:1007800083B002908DF80710029800900099D1F87C
:10079000000820F4FE60C1F800089DF8070000F092
:1007A0007F020099D1F8000840EA0210C1F8000861
:1007B000002003B07047000083B002908DF807104E
:1007C000029800909DF807200099D1F80008104386
:1007D000C1F80008002003B07047000000000000CE
:1007E00084B0039002918DF807209DF8070002283D
:1007F00040F0B880FFE702984AF6C041C0F2D80145
:1008000088420BD3FFE702984EF2BF11C0F2E40119
:10081000884203D8FFE70F200090A2E002984EF232
:10082000C011C0F2E40188420BD3FFE7029842F204
:10083000FF31C0F2F401884203D8FFE70E20009098
:100840008EE0029842F20041C0F2F40188420BD3DC
:10085000FFE7029847F27F31C0F20611884203D8C1
:10086000FFE70D2000907AE0029847F28031C0F255
:10087000061188420BD3FFE7029844F69F11C0F29D
:100880001A11884203D8FFE70C20009066E0029816
:1008900044F6A011C0F21A1188420BD3FFE7029868
:1008A00042F6FF41C0F23111884203D8FFE70B2026
:1008B000009052E0029842F60051C0F23111884295
:1008C0000BD3FFE702984AF23F41C0F24C11884235
:1008D00003D8FFE70A2000903EE002984AF2404128
:1008E000C0F24C1188420BD3FFE7029843F2FF514C
:1008F000C0F26E11884203D8FFE7092000902AE079
:10090000029843F20061C0F26E1188420BD3FFE7F8
:1009100002984AF61F31C0F2A611884203D8FFE7B9
:100920000820009016E002984AF62031C0F2A61185
:1009300088420BD3FFE7029844F2FF71C0F2E8113E
:10094000884203D8FFE70720009002E006200090CD
:10095000FFE7FFE7FFE7FFE7FFE7FFE7FFE7FFE767
:10096000FFE70AE09DF8070018B9FFE709200090AB
:1009700002E009200090FFE7FFE70399C86820F430
:100980007050C860009800F00F020399C86840EAF0
:100990008220C860002004B0704700000000000002
:1009A00080B588B084460A98CDF81CC006918DF8B1
:1009B0001720ADF814308DF81300079803900698AF
:1009C00002909DF8130048BBFFE7BDF81400033008
:1009D0008008019000200090FFE70098019988426C
:1009E0001BD2FFE70298006803999DF8172001EBDE
:1009F00002314FF4805288500298013002900298E0
:100A00000130029002980130029002980130029069
:100A1000FFE7009801300090DFE7FFE7002008B013
:100A200080BD00000000000080B5B0B02F902F996D
:100A30000A4652F8280B0431E9F7D2FC8DF8BB00C6
:100A40002F9800684DF64001C2F2000188424FD154
:100A5000FFE744F2A011C0F200010868013008600D
:100A60009DF8BB0040B1FFE74DF25C31C2F20001DE
:100A7000086801300860FFE79DF8BB0044F29C1154
:100A8000C0F2000108702F98006823A9E9F720FE42
:100A900023984DF26431C2F2000108602F9800687B
:100AA0001FA9E9F7F9FD1F9844F29411C0F2000163
:100AB000096888420FD9FFE71F9844F29411C0F2E9
:100AC00000010968421A4DF26031C2F20001086863
:100AD00010440860FFE71F9844F29411C0F200012F
:100AE0000860209844F29811C0F200010860FFE706
:100AF0002F98006844F6D801C0F2000188424FD117
:100B0000FFE74DF27831C2F2000108680130086059
:100B10009DF8BB0040B1FFE744F2A411C0F2000110
:100B2000086801300860FFE79DF8BB004DF27431A2
:100B3000C2F2000108702F98006814A9E9F7C8FDF7
:100B4000149844F2AC11C0F2000108602F980068BC
:100B500010A9E9F7A1FD10984DF26C31C2F2000125
:100B6000096888420FD9FFE710984DF26C31C2F244
:100B700000010968421A44F2A811C0F20001086895
:100B800010440860FFE710984DF26C31C2F200018A
:100B9000086011984DF27031C2F200010860FFE761
:100BA0002F9800684DF6E001C2F2000188424FD153
:100BB000FFE744F2C011C0F200010868013008608C
:100BC0009DF8BB0040B1FFE74DF27C31C2F200015D
:100BD000086801300860FFE79DF8BB0044F2BC11D3
:100BE000C0F2000108702F98006805A9E9F770FDB0
:100BF00005984DF28431C2F2000108602F98006818
:100C000001A9E9F749FD019844F2B411C0F20001CD
:100C1000096888420FD9FFE7019844F2B411C0F285
:100C200000010968421A4DF28031C2F200010868E1
:100C300010440860FFE7019844F2B411C0F20001CB
:100C40000860029844F2B811C0F200010860FFE7A2
:100C500030B080BD0000000084B003900291ADF878
:100C60000620029800900C2821D80099DFE801F0B6
:100C7000071F1F1F0D1F1F1F131F1F1F1900BDF868
:100C8000060003990968486312E0BDF8060003995D
:100C9000096888630CE0BDF8060003990968C86319
:100CA00006E0BDF8060003990968086400E0FFE764
:100CB00004B070470000000080B596B00590ADF814
:100CC00012100598D0F88000006800680003002822
:100CD00000F1EB81FFE70598D0F880000068102153
:100CE000C4F20201884200F0A280FFE70598D0F824
:100CF000800000682821C4F20201884200F0978039
:100D0000FFE70598D0F8800000684021C4F2020196
:100D1000884200F08C80FFE70598D0F880000068DA
:100D20005821C4F20201884200F08180FFE7059853
:100D3000D0F8800000687021C4F20201884276D0A9
:100D4000FFE70598D0F8800000688821C4F202010E
:100D500088426CD0FFE70598D0F880000068A02199
:100D6000C4F20201884262D0FFE70598D0F8800003
:100D70000068B821C4F20201884258D0FFE7059804
:100D8000D0F88000006840F21041C4F202018842AD
:100D90004DD0FFE70598D0F88000006840F2284168
:100DA000C4F20201884242D0FFE70598D0F88000E3
:100DB000006840F24041C4F20201884237D0FFE7A8
:100DC0000598D0F88000006840F25841C4F2020152
:100DD00088422CD0FFE70598D0F88000006840F2E8
:100DE0007041C4F20201884221D0FFE70598D0F893
:100DF0008000006840F28841C4F20201884216D0A7
:100E0000FFE70598D0F88000006840F2A041C4F2E6
:100E1000020188420BD0FFE70598D0F880000068F7
:100E200040F2B841C4F20201884209D1FFE70598B7
:100E3000D0F880000168086820F00100086008E030
:100E40000598D0F880000168086820F0010008606B
:100E5000FFE70598D0F880000168086840F400209A
:100E60000860BDF812000B2862DBFFE740F240206B
:100E7000C0F200000D904FF480700C900C98012887
:100E800020DBFFE70C980D9901F01F0108440B903F
:100E90000D980A90BFF34F8FFFE70A984EF65C71EA
:100EA000CEF2000108600A9820300A900B98203892
:100EB0000B900B980028F0DCFFE7BFF34F8FBFF3D8
:100EC0006F8FFFE740F24020C0F200000290F7F77A
:100ED0001FFA02984FF480710391DFF7ABFC02997F
:100EE0000398159114901498012820DBFFE71498BB
:100EF000159901F01F010844139015981290BFF343
:100F00004F8FFFE712984EF66871CEF2000108602D
:100F100012982030129013982038139013980028BC
:100F2000F0DCFFE7BFF34F8FBFF36F8FFFE7FFE703
:100F30000598D0F8800000681021C4F202018842B0
:100F400000F0A280FFE70598D0F880000068282113
:100F5000C4F20201884200F09780FFE70598D0F8BC
:100F6000800000684021C4F20201884200F08C80B9
:100F7000FFE70598D0F8800000685821C4F202010C
:100F8000884200F08180FFE70598D0F88000006873
:100F90007021C4F20201884276D0FFE70598D0F8AC
:100FA000800000688821C4F2020188426CD0FFE70B
:100FB0000598D0F880000068A021C4F202018842A0
:100FC00062D0FFE70598D0F880000068B821C4F22D
:100FD0000201884258D0FFE70598D0F880000068E9
:100FE00040F21041C4F2020188424DD0FFE705985B
:100FF000D0F88000006840F22841C4F20201884223
:1010000042D0FFE70598D0F88000006840F24041E8
:10101000C4F20201884237D0FFE70598D0F880007B
:10102000006840F25841C4F2020188422CD0FFE728
:101030000598D0F88000006840F27041C4F20201C7
:10104000884221D0FFE70598D0F88000006840F280
:101050008841C4F20201884216D0FFE70598D0F813
:101060008000006840F2A041C4F2020188420BD027
:10107000FFE70598D0F88000006840F2B841C4F25C
:101080000201884208D1FFE70598D0F88000016886
:101090004FF48070486007E00598D0F88000016840
:1010A0004FF480704860FFE7EDE10598D0F88000CC
:1010B00000681021C4F20201884200F0A280FFE71C
:1010C0000598D0F8800000682821C4F20201884207
:1010D00000F09780FFE70598D0F880000068402175
:1010E000C4F20201884200F08C80FFE70598D0F836
:1010F000800000685821C4F20201884200F081801B
:10110000FFE70598D0F8800000687021C4F2020162
:10111000884276D0FFE70598D0F8800000688821E3
:10112000C4F2020188426CD0FFE70598D0F8800035
:101130000068A021C4F20201884262D0FFE705984E
:10114000D0F880000068B821C4F20201884258D06B
:10115000FFE70598D0F88000006840F21041C4F223
:10116000020188424DD0FFE70598D0F88000006862
:1011700040F22841C4F20201884242D0FFE70598BC
:10118000D0F88000006840F24041C4F20201884279
:1011900037D0FFE70598D0F88000006840F258414A
:1011A000C4F2020188422CD0FFE70598D0F88000F5
:1011B000006840F27041C4F20201884221D0FFE78A
:1011C0000598D0F88000006840F28841C4F202011E
:1011D000884216D0FFE70598D0F88000006840F2FA
:1011E000A041C4F2020188420BD0FFE70598D0F875
:1011F0008000006840F2B841C4F20201884209D17F
:10120000FFE70598D0F880000168086820F0010029
:10121000086008E00598D0F880000168086820F0B0
:1012200001000860FFE70598D0F8800001680868B1
:1012300020F400200860BDF812000B2866DBFFE7F1
:1012400040F24020C0F2000000F5807009904FF499
:10125000807008900898012820DBFFE7089809991A
:1012600001F01F010844079009980690BFF34F8FC3
:10127000FFE706984EF65C71CEF200010860069812
:101280002030069007982038079007980028F0DC57
:10129000FFE7BFF34F8FBFF36F8FFFE740F24020B0
:1012A000C0F2000000F580700090F7F731F8009868
:1012B0004FF480710191DFF7BDFA00990198119107
:1012C00010901098012820DBFFE71098119901F089
:1012D0001F0108440F9011980E90BFF34F8FFFE746
:1012E0000E984EF66871CEF2000108600E9820301C
:1012F0000E900F9820380F900F980028F0DCFFE731
:10130000BFF34F8FBFF36F8FFFE7FFE70598D0F86C
:10131000800000681021C4F20201884200F0A2801F
:10132000FFE70598D0F8800000682821C4F2020188
:10133000884200F09780FFE70598D0F880000068A9
:101340004021C4F20201884200F08C80FFE705983A
:10135000D0F8800000685821C4F20201884200F0F1
:101360008180FFE70598D0F8800000687021C4F202
:101370000201884276D0FFE70598D0F88000006827
:101380008821C4F2020188426CD0FFE70598D0F8AA
:1013900080000068A021C4F20201884262D0FFE709
:1013A0000598D0F880000068B821C4F20201884294
:1013B00058D0FFE70598D0F88000006840F210414F
:1013C000C4F2020188424DD0FFE70598D0F88000B2
:1013D000006840F22841C4F20201884242D0FFE78F
:1013E0000598D0F88000006840F24041C4F2020144
:1013F000884237D0FFE70598D0F88000006840F2B7
:101400005841C4F2020188422CD0FFE70598D0F879
:101410008000006840F27041C4F20201884221D08D
:10142000FFE70598D0F88000006840F28841C4F2D8
:101430000201884216D0FFE70598D0F880000068C6
:1014400040F2A041C4F2020188420BD0FFE70598A8
:10145000D0F88000006840F2B841C4F2020188422E
:1014600008D1FFE70598D0F8800001684FF480703C
:10147000486007E00598D0F8800001684FF480705C
:101480004860FFE7FFE716B080BD000000000000E5
:1014900080B596B00590ADF812100598D0F8800090
:1014A000006800680003002800F1EC81FFE7059860
:1014B000D0F8800000681021C4F20201884200F0D8
:1014C000A280FFE70598D0F8800000682821C4F2C8
:1014D0000201884200F09780FFE70598D0F880006D
:1014E00000684021C4F20201884200F08C80FFE7CE
:1014F0000598D0F8800000685821C4F202018842A3
:1015000000F08180FFE70598D0F880000068702126
:10151000C4F20201884276D0FFE70598D0F8800037
:1015200000688821C4F2020188426CD0FFE7059868
:10153000D0F880000068A021C4F20201884262D085
:10154000FFE70598D0F880000068B821C4F20201D6
:10155000884258D0FFE70598D0F88000006840F234
:101560001041C4F2020188424DD0FFE70598D0F83F
:101570008000006840F22841C4F20201884242D053
:10158000FFE70598D0F88000006840F24041C4F2BF
:101590000201884237D0FFE70598D0F88000006844
:1015A00040F25841C4F2020188422CD0FFE705986E
:1015B000D0F88000006840F27041C4F20201884215
:1015C00021D0FFE70598D0F88000006840F28841FC
:1015D000C4F20201884216D0FFE70598D0F88000D7
:1015E000006840F2A041C4F2020188420BD0FFE73C
:1015F0000598D0F88000006840F2B841C4F20201BA
:10160000884209D1FFE70598D0F880000168086892
:1016100020F00100086008E00598D0F8800001681B
:10162000086820F001000860FFE70598D0F8800006
:101630000168086840F400200860BDF812000B281B
:1016400063DBFFE740F24040C0F200000D904FF432
:1016500080700C900C98012820DBFFE70C980D9906
:1016600001F01F0108440B900D980A90BFF34F8FB3
:10167000FFE70A984EF65C71CEF2000108600A9806
:1016800020300A900B9820380B900B980028F0DC43
:10169000FFE7BFF34F8FBFF36F8FFFE740F240408C
:1016A000C0F2000002904FF480710391F2F7CCFF7A
:1016B00002980399DFF7BEF80299039815911490E8
:1016C0001498012820DBFFE71498159901F01F01F9
:1016D0000844139015981290BFF34F8FFFE71298AC
:1016E0004EF66871CEF20001086012982030129018
:1016F00013982038139013980028F0DCFFE7BFF30D
:101700004F8FBFF36F8FFFE7FFE70598D0F880009A
:1017100000681021C4F20201884200F0A280FFE7B5
:101720000598D0F8800000682821C4F202018842A0
:1017300000F09780FFE70598D0F88000006840210E
:10174000C4F20201884200F08C80FFE70598D0F8CF
:10175000800000685821C4F20201884200F08180B4
:10176000FFE70598D0F8800000687021C4F20201FC
:10177000884276D0FFE70598D0F88000006888217D
:10178000C4F2020188426CD0FFE70598D0F88000CF
:101790000068A021C4F20201884262D0FFE70598E8
:1017A000D0F880000068B821C4F20201884258D005
:1017B000FFE70598D0F88000006840F21041C4F2BD
:1017C000020188424DD0FFE70598D0F880000068FC
:1017D00040F22841C4F20201884242D0FFE7059856
:1017E000D0F88000006840F24041C4F20201884213
:1017F00037D0FFE70598D0F88000006840F25841E4
:10180000C4F2020188422CD0FFE70598D0F880008E
:10181000006840F27041C4F20201884221D0FFE723
:101820000598D0F88000006840F28841C4F20201B7
:10183000884216D0FFE70598D0F88000006840F293
:10184000A041C4F2020188420BD0FFE70598D0F80E
:101850008000006840F2B841C4F20201884208D119
:10186000FFE70598D0F8800001684FF48070486069
:1018700007E00598D0F8800001684FF48070486058
:10188000FFE7EEE10598D0F8800000681021C4F26F
:101890000201884200F0A280FFE70598D0F880009E
:1018A00000682821C4F20201884200F09780FFE717
:1018B0000598D0F8800000684021C4F202018842F7
:1018C00000F08C80FFE70598D0F880000068582170
:1018D000C4F20201884200F08180FFE70598D0F849
:1018E000800000687021C4F20201884276D0FFE7D0
:1018F0000598D0F8800000688821C4F2020188426F
:101900006CD0FFE70598D0F880000068A021C4F2F1
:101910000201884262D0FFE70598D0F88000006895
:10192000B821C4F20201884258D0FFE70598D0F8E8
:101930008000006840F21041C4F2020188424DD09C
:10194000FFE70598D0F88000006840F22841C4F213
:101950000201884242D0FFE70598D0F88000006875
:1019600040F24041C4F20201884237D0FFE70598B7
:10197000D0F88000006840F25841C4F20201884269
:101980002CD0FFE70598D0F88000006840F2704145
:10199000C4F20201884221D0FFE70598D0F8800008
:1019A000006840F28841C4F20201884216D0FFE785
:1019B0000598D0F88000006840F2A041C4F202010E
:1019C00088420BD0FFE70598D0F88000006840F20D
:1019D000B841C4F20201884209D1FFE70598D0F866
:1019E00080000168086820F00100086008E00598A0
:1019F000D0F880000168086820F001000860FFE767
:101A00000598D0F880000168086820F4002008607C
:101A1000BDF812000B2867DBFFE740F24040C0F240
:101A2000000000F5807009904FF4807008900898CD
:101A3000012820DBFFE70898099901F01F010844FD
:101A4000079009980690BFF34F8FFFE706984EF670
:101A50005C71CEF20001086006982030069007986D
:101A60002038079007980028F0DCFFE7BFF34F8F7E
:101A7000BFF36F8FFFE740F24040C0F2000000F577
:101A8000807000904FF480710191F2F7DDFD0098B5
:101A90000199DEF7CFFE00990198119110901098EE
:101AA000012820DBFFE71098119901F01F0108447D
:101AB0000F9011980E90BFF34F8FFFE70E984EF6E0
:101AC0006871CEF2000108600E9820300E900F98D9
:101AD00020380F900F980028F0DCFFE7BFF34F8FFE
:101AE000BFF36F8FFFE7FFE70598D0F8800000682D
:101AF0001021C4F20201884200F0A280FFE705989D
:101B0000D0F8800000682821C4F20201884200F069
:101B10009780FFE70598D0F8800000684021C4F264
:101B20000201884200F08C80FFE70598D0F8800021
:101B300000685821C4F20201884200F08180FFE76A
:101B40000598D0F8800000687021C4F20201884234
:101B500076D0FFE70598D0F8800000688821C4F2AD
:101B6000020188426CD0FFE70598D0F88000006839
:101B7000A021C4F20201884262D0FFE70598D0F8A4
:101B800080000068B821C4F20201884258D0FFE703
:101B90000598D0F88000006840F21041C4F20201BC
:101BA00088424DD0FFE70598D0F88000006840F2E9
:101BB0002841C4F20201884242D0FFE70598D0F8DC
:101BC0008000006840F24041C4F20201884237D0F0
:101BD000FFE70598D0F88000006840F25841C4F251
:101BE000020188422CD0FFE70598D0F880000068F9
:101BF00040F27041C4F20201884221D0FFE705980B
:101C0000D0F88000006840F28841C4F202018842A6
:101C100016D0FFE70598D0F88000006840F2A04198
:101C2000C4F2020188420BD0FFE70598D0F880008B
:101C3000006840F2B841C4F20201884208D1FFE7CF
:101C40000598D0F8800001684FF48070486007E084
:101C50000598D0F8800001684FF480704860FFE775
:101C6000FFE716B080BD0000FFE7FEE700000000C0
:101C700080B582B0019000910198152100F0D8F84C
:101C8000002800F0D180FFE701998878C97840EA00
:101C900001206FF3DF20009908800199C878097945
:101CA000C00840EA41106FF3DF2000994880019995
:101CB00008794A798979800940EA820040EA8120DE
:101CC0006FF3DF200099888001998879C9794008ED
:101CD00040EAC1106FF3DF200099C8800198C079F5
:101CE000C0F30110009908720198C0798009C007FB
:101CF00078B1FFE744F6B040C0F20000B0F9000050
:101D000038B9FFE70099487AB0FA80F04009487284
:101D1000FFE70198C079C0F3801044F6B041C0F2EB
:101D2000000108800198C079C00900998872019863
:101D3000007AC00778B1FFE744F6B040C0F2000077
:101D4000B0F9040038B9FFE70099C87AB0FA80F01A
:101D50004009C872FFE70198007A00F0010044F6DC
:101D6000B041C0F2000188800199087A497A4008A0
:101D700040EAC1106FF3DF20009988810198407A12
:101D8000C0F300100099887300990888A0F580605E
:101D9000088000994888A0F580604880009988886C
:101DA000A0F5806088800099C888A0F58060C88010
:101DB00000998889A0F5806088810199887AC97A1C
:101DC00040EA0120009908820199087B497B40EA9A
:101DD0000120009948820199887BC97B40EA012053
:101DE000009988820198007C00F0030000998875B2
:101DF0000198007CC0F381000099C8750198007CAF
:101E0000C0F30110009908760199487C897C40EA6A
:101E1000012000994883009940F61C30C0F2000070
:101E20001C22DEF766FCFFE702B080BD0000000068
:101E300080B586B0049003910020ADF80A000498A4
:101E400020B1FFE70398022804D8FFE700208DF8AF
:101E5000170027E00498039902394FF6FF72E3F761
:101E600053FCADF80A009DF80A10049A0398104438
:101E700010F8022C0020914201900DD1FFE79DF84F
:101E80000B00049A0399114411F8011C401AB0FA8E
:101E900080F040090190FFE7019800F001008DF803
:101EA0001700FFE79DF8170006B080BD0000000096
:101EB00080B584B00290019100208DF80300029853
:101EC00020B1FFE70198022804D8FFE700208DF831
:101ED0000F0015E0029801990139FF22E3F748FC51
:101EE0008DF803009DF80300029A0199114411F83E
:101EF000011C401AB0FA80F040098DF80F00FFE78E
:101F00009DF80F0004B080BD80B582B04CF67060C3
:101F1000C2F2000001900198A821DEF78BFC019924
:101F2000032008610199486101984FF66D11C0F6D0
:101F300002018161019A4CF65070C2F20000D0613A
:101F4000019A4FF480601062019A00209062019A19
:101F50005062019AD062019A1166019A4CF6407162
:101F6000C2F200015166019A102191660199086739
:101F70000199C86601994867BFF35F8F0090FFE73A
:101F800000980F280ED8FFE7009A4FF61800C0F609
:101F90000200801AC07B01998854FFE70098013045
:101FA0000090EDE7BFF35F8F02B080BD000000003E
:101FB00086B0059004910392049830B9FFE7059923
:101FC000481C0590002008702EE0049801900598A8
:101FD000411C059102900398812803D3FFE78020DC
:101FE0000390FFE7FFE70399481E0390002000904D
:101FF00039B1FFE704980078002818BF012000904D
:10200000FFE70098C00748B1FFE70498411C04911E
:10201000007805994A1C05920870E4E70498019934
:10202000401A02990870FFE7059806B07047000053
:1020300080B584B04CF61870C2F20000007E0DF13D
:102040000F010122F7F76CF802900298002863D084
:10205000FFE79DF80F0001460191012820D0FFE71E
:10206000019802281FD0FFE7019803281ED0FFE740
:10207000019804281DD0FFE7019805281CD0FFE730
:10208000019806281BD0FFE7019807281AD0FFE720
:1020900001987F282DD0FFE70198802815D029E0EE
:1020A000F7F73AFE37E0F7F7FFFE34E0F7F758FAB4
:1020B00031E0F7F709FE2EE0F7F7D2F82BE0F7F75B
:1020C000E7FC28E0F7F7C0FC25E04CF61870C2F2F8
:1020D0000000007E0DF10F010122F7F721F80290B8
:1020E000029828B1FFE79DF80F00F7F719FCFFE70A
:1020F00011E010E09DF80F0080280BDBFFE74CF6A5
:102100001870C2F20000007E0DF10F010122F7F7F6
:1021100007F8FFE7FFE7FFE704B080BD000000001D
:1021200081B000900098073001B0704700000000B7
:1021300080B58AB00990089107924CF61870C2F2E7
:1021400000000078012801D1FFE71CE04CF6187070
:10215000C2F20000007808B9FFE729E14CF61870D8
:10216000C2F20000007802280CD1FFE700F050F91D
:102170004CF61870C2F200000078012801D0FFE789
:1021800016E1FFE7FFE707981F280CD8FFE74CF69A
:102190001870C2F20000C0690799C840C00708B1B2
:1021A000FFE705E1FFE70798172807D8FFE707983B
:1021B00009994A1E099201F8010CB2E008980999A0
:1021C000401A06900698802810D3FFE70698C009A9
:1021D00009994A1E099201F8010C069840F0800006
:1021E00009994A1E099201F8010C06E0069809991E
:1021F0004A1E099201F8010CFFE707987E2807D8CC
:10220000FFE7079809994A1E099201F8010C87E037
:1022100007990020B0EB913F10D1FFE70798C00964
:1022200009994A1E099201F8010C079840F08000B4
:1022300009994A1E099201F8010C70E007990020E3
:10224000B0EB515F19D1FFE70798800B09994A1E3F
:10225000099201F8010C0799802040EAD1100999F0
:102260004A1E099201F8010C079840F08000099974
:102270004A1E099201F8010C50E007990020B0EBCA
:10228000117F21D1FFE70798400D09994A1E099255
:1022900001F8010C0799802040EA9131099A531EF8
:1022A000099302F8011C079940EAD11009994A1EC6
:1022B000099201F8010C079840F0800009994A1E24
:1022C000099201F8010C28E00798000F09994A1EAD
:1022D000099201F8010C0799802040EA5151099AAE
:1022E000531E099302F8011C079940EA9131099A9B
:1022F000531E099302F8011C079940EAD11009996D
:102300004A1E099201F8010C079840F080000999D3
:102310004A1E099201F8010CFFE7FFE7FFE7FFE71C
:10232000FFE741F20400CEF2000000680590059836
:102330004CF61871C2F20001C968401A049008985E
:10234000029004980190FFE7019880280BD3FFE7E3
:10235000019840F0800002994A1C0292087001988E
:10236000C0090190F0E7019802994A1C0292087096
:10237000029808904CF61870C2F200004078099953
:10238000089A521AF6F740FE0390039838B1FFE717
:1023900005984CF61871C2F20001C86007E04CF6CF
:1023A0001871C2F20001087801300870FFE7FFE7FA
:1023B0004CF61872C2F20002107E4CF67061C2F246
:1023C0000001603100EB400001EBC000C068127EEC
:1023D00002EB420201EBC2010969401AA8B1FFE712
:1023E0004CF61870C2F20000807868B9FFE74CF62E
:1023F0001871C2F20001009101208870FFF718FEE9
:10240000009900208870FFE7FFE70AB080BD000058
:1024100080B58CB001208DF819000DF11900013044
:102420000590059804904CF61870C2F200004069BF
:102430000390FFE7039880280BD3FFE7039840F051
:10244000800004994A1C049208700398C009039004
:10245000F0E7039804994A1C0492087004980590C8
:1024600041F20400CEF2000000680B900B984CF68D
:102470001871C2F20001C968401A0A9005980290CA
:102480000A980190FFE7019880280BD3FFE7019895
:1024900040F0800002994A1C029208700198C0091D
:1024A0000190F0E7019802994A1C02920870029884
:1024B00005904CF61870C2F200004078059A0DF1B4
:1024C0001901521AF6F7A0FD0990099850B1FFE7DB
:1024D0000B984CF61871C2F20001C86008780138F8
:1024E000087007E04CF61871C2F20001486901302B
:1024F0004861FFE709980CB080BD000000000000B3
:1025000081B000EE100A009000994FF0807000EB4F
:102510004100B0FA80F0400901B0704700000000AF
:1025200081B000EE100A0090009820F00040C0F149
:10253000FF40C00F01B0704781B0ADF80200BDF997
:102540000200002812D4FFE7BDF9021001F01F02BB
:10255000012090404A094EF28011CEF2000141F86C
:102560002200BFF34F8FBFF36F8FFFE701B07047BB
:1025700081B0ADF80200BDF9020000280ED4FFE7DB
:10258000BDF9021001F01F02012090404A094EF2ED
:102590000011CEF2000141F82200FFE701B07047C0
:1025A0004EF60C50CEF200000068C0F302207047D7
:1025B00082B0ADF806000091BDF9060000280AD4EB
:1025C000FFE700980001BDF906104EF20042CEF27E
:1025D000000288540BE000980001BDF8061001F0DD
:1025E0000F014EF61452CEF200028854FFE702B0FB
:1025F000704700000000000083B00290029800F0D5
:10260000070000904EF60C51CEF2000108680190D0
:1026100001984FF6FF02104001900198009A40EA9D
:1026200002200022C0F2FA52104301900198086083
:1026300003B070470000000080B582B040F2007027
:10264000C0F2000090ED0B0AB7EEC00AB0EEC00B6E
:10265000B1EE001BB4EE410BF1EE10FA0ADAFFE71F
:10266000E9F70EFD40F64421C0F200014860002069
:10267000019031E0E9F704FD40F64421C0F2000189
:102680004968411A4EF21820C2F200000160006849
:10269000B0F57A7F0AD9FFE7E9F7F2FC40F644216A
:1026A000C0F2000148600020019015E04EF21820B1
:1026B000C2F200000068B0F5967F0AD9FFE7E9F79B
:1026C000DFFC40F64421C0F2000188600120019047
:1026D00002E000200190FFE7019802B080BD0000F9
:1026E00080B586B040F6A011C0F20001C86808624B
:1026F000D1F88400C1F8980040F21C10C2F200002A
:10270000006AC8604EF20920C2F20000007840B1B1
:10271000FFE744F62860C0F200000078C007F0B17F
:10272000FFE740F6A011C0F20001039100204865C8
:102730004EF28800C2F20000016E884744F6C8409D
:10274000C0F20000016E88470399C868C1F8840090
:1027500040F2E431C2F20001012008708BE044F63F
:102760002C60C0F2000000780146029120B1FFE722
:10277000029801280ED04CE040F2E431C2F2000190
:10278000012008704EF21021C2F2000108680130E9
:1027900008603FE040F2E430C2F200000078B8B3D5
:1027A000FFE741F63460C2F201000078C00778BB51
:1027B000FFE740F6A010C0F2000090ED031A90ED84
:1027C000210A30EE410AB7EEC00A9FED2D1BB4EE90
:1027D000410BF1EE10FA0DDAFFE740F6A010C0F25F
:1027E000000090ED030A9FED281A30EE010A80EDFB
:1027F000210AFFE740F2E431C2F200010020087034
:1028000044F63061C0F20001086801300860FFE75B
:1028100000E0FFE740F6A010C0F200000190D0ED0C
:10282000030A90ED210A4EF28800C2F20000F4F78C
:102830005FFA8DED050A40F21C10C2F200004069FB
:1028400004909DED050ADDED040A44F6C840C0F28F
:102850000000F4F74DFA019880ED0C0A90ED0C0A97
:102860004FF2C871C0F6020191ED031A20EE010A81
:1028700080ED150AFFE706B080BD00BF00BF00BFB6
:1028800044174154FB21E93FDB0F494000000000A1
:1028900080B582B000208DF80700FFE79DF80700A3
:1028A00040F6A011C0F200018978884218DAFFE7EB
:1028B0009DF8071040F6A010C0F2000000EB810266
:1028C000516891619DF8071000EB8101C86FC1F854
:1028D0009000FFE79DF8070001308DF80700DDE765
:1028E00040F20070C0F20000006A40F6A011C0F291
:1028F000000148604EF20920C2F20000007840B1A9
:10290000FFE744F62860C0F200000078C00708B175
:10291000FFE707E140F64810C0F200000078C0076A
:1029200000283ED0FFE740F6A011C0F2000191ED73
:102930001F0AB7EEC00A9FED821B30EE010BB7EE07
:10294000C00B81ED1F0AC86F886540F20070C0F2AD
:10295000000090ED0B0AB7EEC00AB0EEC00BB0EE6F
:10296000081BB4EE410BF1EE10FA19DDFFE740F65B
:102970004811C0F200010020087040F6A011C0F21A
:10298000000191ED1F0AB7EEC00A9FED6F1B30EEFC
:10299000010BB7EEC00B81ED1F0AC86F8865FFE71A
:1029A000C0E04EF20A20C2F2000000780146009119
:1029B00048B3FFE70098012832D0FFE700980328CA
:1029C00040F08480FFE741F63560C2F201000078F4
:1029D000C007B8B9FFE740F6A010C0F2000090EDC4
:1029E0001F0AB7EEC00A9FED541B30EE010BB7EE85
:1029F000C00B80ED1F0A41F63561C2F201010120D2
:102A00000870FFE763E040F64911C0F200010120C1
:102A1000087041F63561C2F201010020087056E0ED
:102A200040F64910C0F200000078002842D0FFE7CD
:102A300040F6A010C0F2000090ED1F0AB7EEC00AE9
:102A40009FED391B30EE010BB0EEC00B9FED381B34
:102A5000B4EE410BF1EE10FA0CDAFFE744F6A840B1
:102A6000C0F2000090ED000AB5EE400AF1EE10FA57
:102A70000ED0FFE744F6A841C0F200014FF07E50AF
:102A8000086040F6A011C0F200010020C86710E005
:102A900040F6A010C0F2000090ED1F0AB7EEC00A89
:102AA0009FED211B30EE010BB7EEC00B80ED1F0A2E
:102AB000FFE7FFE740F64911C0F20001002008706F
:102AC00041F63561C2F20101087000E0FFE744F60B
:102AD000A840C0F2000090ED000AB5EE400AF1EE09
:102AE00010FA18D1FFE740F6A010C0F2000090EDF8
:102AF0001F0A40F66421C0F20001D1ED000A40F245
:102B0000EC41C2F2000191ED001A5830DFED101ACD
:102B100008F0DEFE06E040F6A011C0F20001002041
:102B20008865FFE702B080BDF113CA6CD78A05C083
:102B30000000000000805640F113CA6CD78A05409F
:102B4000FBD339C5B79644BF44174154FB21E93F35
:102B50006F12833A0000000080B584B04EF2092065
:102B6000C2F200000078A0B9FFE740F23C41C2F297
:102B700000010020486588654EF2EC00C2F20000BA
:102B8000016E884744F62C50C0F20000016E884761
:102B900097E000208DF80F00FFE79DF80F00012857
:102BA00018DCFFE79DF80F1040F23C40C2F2000035
:102BB00000EB8102516891619DF80F1000EB8101DB
:102BC000C86FC1F89000FFE79DF80F0001308DF845
:102BD0000F00E2E740F2A060C0F20000426940F25C
:102BE0003C41C2F200014A60406C886044F62D60AE
:102BF000C0F20000007801460291A8B1FFE70298F8
:102C0000012812D1FFE740F23041C2F200010A6808
:102C100040F23C40C2F20000C26791ED000AB1EE02
:102C2000400A80ED200A09E0FFE740F23C41C2F291
:102C300000010020C867C1F88000FFE740F23C4077
:102C4000C2F200000190D0ED010A90ED1F0A4EF291
:102C5000EC00C2F20000F4F74BF8019880ED0B0A8B
:102C6000D0ED020A90ED200A44F62C50C0F200008C
:102C7000F4F73EF8019880ED0C0A00208DF80E0064
:102C8000FFE79DF80E0001281BDCFFE79DF80E1002
:102C900040F23C40C2F2000000EB810090ED0B0AD4
:102CA0004FF2C871C0F6020191ED011A20EE010A3F
:102CB00080ED150AFFE79DF80E0001308DF80E003B
:102CC000DFE704B080BD000080B582B04EF2EC00BA
:102CD000C2F2000040F20442C2F20002009201215E
:102CE0000191F4F7B1F9009A019944F62C50C0F221
:102CF0000000F4F7A9F901994EF28800C2F2000031
:102D000040F64C12C0F20002F4F79EF9019944F625
:102D1000C840C0F2000040F2E832C2F20002F4F70C
:102D200093F940F20070C0F20000006A40F6A01172
:102D3000C0F2000148604868C1F8800040F21C10F1
:102D4000C2F20000006AC1F8840040F64711C0F2E8
:102D500000010020087002B080BD000000000000EB
:102D600080B582B04EF20920C2F200000078014620
:102D70000091012808D0FFE70098022809D0FFE75A
:102D8000009803280AD00EE000F082F88DF80700C2
:102D900011E000F031F88DF807000CE000F010F8B9
:102DA0008DF8070007E044F62B60C0F200000078C1
:102DB0008DF80700FFE79DF8070002B080BD000016
:102DC00081B040F62C50C0F2000090ED060AB7EE3C
:102DD000001AB4EE410AF1EE10FA04D1FFE7012027
:102DE0008DF8030003E000208DF80300FFE79DF855
:102DF000030001B07047000081B040F61C30C0F203
:102E00000000807E0009C00780B1FFE744F6B640AD
:102E1000C0F20000008848B9FFE744F2C911C0F2CF
:102E200000010A78012090430870FFE740F61C304B
:102E3000C0F20000807EC0F3001044F6B641C0F23C
:102E40000001088040F63830C0F20000B0F83B00C6
:102E500038B9FFE744F2C911C0F200010020087040
:102E6000FFE744F2C910C0F200000078C00720B1AB
:102E7000FFE701208DF8030003E000208DF8030038
:102E8000FFE79DF8030001B070470000000000005C
:102E900040F61C30C0F20000807B0138B0FA80F0B0
:102EA000400970470000000080B582B04EF2092052
:102EB000C2F20000007801460091012808D0FFE727
:102EC0000098022809D0FFE7009803280AD00EE0F6
:102ED00000F02AF88DF8070011E000F019F88DF8DD
:102EE00007000CE000F010F88DF8070007E04EF244
:102EF0000820C2F2000000788DF80700FFE79DF877
:102F0000070002B080BD00000120704700000000F3
:102F100040F61C30C0F20000C07D002818BF012020
:102F20007047000000000000002070470000000013
:102F300082B04EF20A20C2F20000007801460091F1
:102F400060B1FFE70098012804D0FFE7009803284C
:102F500008D00BE001208DF807000BE000208DF871
:102F6000070007E000208DF8070003E000208DF83F
:102F70000700FFE79DF8070002B07047000000005F
:102F800080B582B044F61C60C0F200000078C00733
:102F900070B1FFE7E9F774F844F28C11C0F2000158
:102FA00008604DF25031C2F2000101200870FFE7C5
:102FB0004DF25030C2F200000078C00780B1FFE748
:102FC000E9F75EF844F28C11C0F200010968401A7A
:102FD00040097C2804D8FFE700208DF8070032E084
:102FE0004DF25031C2F200010020087040F61C3052
:102FF000C0F20000007A0146009140B1FFE700985E
:10300000012808D0FFE70098022810D013E0002024
:103010008DF8070017E040F61C30C0F20000C17ABE
:103020000220002908BF01208DF807000BE00320D3
:103030008DF8070007E04EF20920C2F20000007888
:103040008DF80700FFE79DF8070002B080BD000083
:1030500080B582B000F068FA4EF20920C2F200009A
:10306000007801460091012808D0FFE70098022867
:1030700009D0FFE7009803280AD00EE000F0E4F83A
:103080008DF8070011E000F083F88DF807000CE0E0
:1030900000F012F88DF8070007E04EF20A20C2F2A5
:1030A000000000788DF80700FFE79DF8070002B0E8
:1030B00080BD00000000000080B582B040F67C00BA
:1030C000C0F2000090ED001A90ED010A90ED032A85
:1030D00031EE421AB4EE410AF1EE10FA04DDFFE7D8
:1030E00000208DF807004BE0FFF7A6FA20B1FFE7BC
:1030F00003208DF8070043E040F62C50C0F200009A
:1031000090ED030AB5EE400AF1EE10FA34D0FFE775
:10311000E8F7B6FF014640F64420C0F2000002681E
:10312000891A00EE101AB8EE400A90ED032A9FEDBE
:10313000161A81EE021AB4EE410AF1EE10FA17DB0C
:10314000FFE7E8F79DFF40F64421C0F20001086068
:1031500040F67C00C0F2000090ED010A90ED031AE9
:1031600030EE010A80ED010A01208DF8070007E02A
:1031700000208DF8070003E000208DF80700FFE72E
:103180009DF8070002B080BD00007A4400000000F6
:1031900080B582B040F67C00C0F2000090ED001ACD
:1031A00090ED010A90ED032A31EE421AB4EE410A85
:1031B000F1EE10FA04DDFFE700208DF807003CE097
:1031C000FFF73AFA20B1FFE703208DF8070034E05B
:1031D00040F61C30C0F20000807D98B9FFE740F651
:1031E0001C30C0F20000C07D18B3FFE740F62C5041
:1031F000C0F2000090ED030AB5EE400AF1EE10FABD
:1032000017D0FFE7E8F73CFF40F64421C0F2000189
:10321000086040F67C00C0F2000090ED010A90EDDD
:10322000031A30EE010A80ED010A01208DF8070033
:1032300003E000208DF80700FFE79DF8070002B0CB
:1032400080BD00000000000080B582B040F67C0028
:10325000C0F2000090ED001A90ED010A90ED032AF3
:1032600031EE421AB4EE410AF1EE10FA04DDFFE746
:1032700000208DF807005EE0FFF7DEF920B1FFE7E0
:1032800003208DF8070056E040F61C30C0F2000025
:10329000B0F90C00B0F5967F34DBFFE7E8F7F0FEFD
:1032A000014640F64420C0F200000268891A00EE90
:1032B000101AB8EE400A90ED032A9FED211A81EE14
:1032C000021AB4EE410AF1EE10FA17DBFFE7E8F755
:1032D000D7FE40F64421C0F20001086040F67C00B1
:1032E000C0F2000090ED010A90ED031A30EE010AE1
:1032F00080ED010A01208DF807001CE000208DF808
:10330000070018E040F61C30C0F20000B0F90C00D5
:1033100010F5967F0BDCFFE7E8F7B2FE40F644219C
:10332000C0F20001086001208DF8070003E00020D2
:103330008DF80700FFE79DF8070002B080BD00BFD1
:1033400000007A440000000080B582B040F63830BA
:10335000C0F20000C1780420B0EB111F04D1FFE7D8
:1033600001208DF8070028E04EF20920C2F200008B
:10337000007801460091012808D0FFE70098022854
:1033800009D0FFE7009803280AD00EE000F08CF87F
:103390008DF8070011E000F04FF88DF807000CE001
:1033A00000F012F88DF8070007E044F62D60C0F237
:1033B000000000788DF80700FFE79DF8070002B0D5
:1033C00080BD00000000000080B582B040F62C50A7
:1033D000C0F2000090ED030AB5EE400AF1EE10FADB
:1033E0000BD0FFE7E8F74CFE40F65821C0F2000191
:1033F000486001208DF8070017E0E8F741FE40F62D
:103400005821C0F200014A688968801A884204D3B2
:10341000FFE700208DF8070007E044F62D60C0F2BA
:10342000000000788DF80700FFE79DF8070002B064
:1034300080BD00000000000080B582B040F61C3066
:10344000C0F20000807D38B9FFE740F61C30C0F2C2
:103450000000C07D58B1FFE7E8F712FE40F65821A2
:10346000C0F20001486001208DF8070017E0E8F77E
:1034700007FE40F65821C0F200014A688968801AA8
:10348000884204D3FFE700208DF8070007E044F6E8
:103490002D60C0F2000000788DF80700FFE79DF86E
:1034A000070002B080BD000080B584B040F61C303B
:1034B000C0F20000808900B201900028029002D57D
:1034C000019840420290029840F65821C0F2000153
:1034D000B1F9001088420BDBFFE7E8F7D1FD40F6B9
:1034E0005821C0F20001486001208DF80F0017E05C
:1034F000E8F7C6FD40F65821C0F200014A68896825
:10350000801A884204D3FFE700208DF80F0007E0FF
:1035100044F62D60C0F2000000788DF80F00FFE740
:103520009DF80F0004B080BD80B540F63830C0F281
:103530000000B0F84100012813DBFFE740F6383007
:10354000C0F20000B0F8411040F67C00C0F200006C
:10355000028A891A00EE101AB8EEC00A80ED000A3D
:10356000FFE740F63830C0F20000B0F83F00012815
:1035700011DBFFE740F63830C0F20000B0F83F0042
:1035800000EE100AB8EE400A40F67C00C0F20000DF
:1035900080ED020AFFE740F67C00C0F2000090EDEB
:1035A000000A9FED281AB4EE410AF1EE10FA07DD89
:1035B000FFE740F67C01C0F200010A200882FFE725
:1035C000E8F75EFD01464EF28400C2F200000160A1
:1035D000006840F67C01C0F2000191ED050ABCEEE6
:1035E000C00A10EE101A401A64282AD3FFE74EF2E0
:1035F0008400C2F2000090ED000AB8EE400A40F6E6
:103600007C00C0F2000080ED050A90ED010A90ED0B
:10361000021ABAEE042A81EE021A30EE010A80ED97
:10362000010A90ED010AB5EE400AF1EE10FA07DA50
:10363000FFE740F67C01C0F2000100204860FFE790
:10364000FFE780BD0000C842B0B503880D88AB42DB
:1036500056D145884C88A54252D11488A3424FD1F7
:103660005488A5424CD105FB03FC436800254968FA
:10367000B5EB9C0F506831D04FEA9C02524200BF1C
:1036800093ED000A91ED001A30EE010A03F1100EDD
:1036900001F1100400F1100580ED000A013293EDF4
:1036A000010A91ED011A30EE010A80ED010A93ED55
:1036B000020A91ED021A30EE010A80ED020A93ED42
:1036C000030A91ED031A30EE010A7346214680ED9C
:1036D000030A2846D4D12146284673461CF003022B
:1036E0000CD05242B3EC010AB1EC011A30EE010ADF
:1036F000051D013280ED000A2846F3D1002000E0CC
:10370000FD2040B2B0BD01804280436070470000A0
:103710002DE9F04F8BB0B0F800B0B0F802E0F345FF
:1037200040F051810B88FD229B4540F04D814F8830
:10373000BB4240F04981BBF1000F436800F0298192
:103740006FF003004C6800EB8B08CDF81CE00027FD
:1037500000934FF07E5906945E462046BBEB060070
:1037600009D0B9002046DDF765F800200130874216
:1037700004F10404FAD104F1040AC4F80090751E9F
:1037800010D0A8EB87015046DDF754F801205446CD
:103790000130864204F10404FAD1002D07F101073B
:1037A0002E46DBD1BBF1000F009BDDF81CE000F0E2
:1037B000F0800420CDF814B000EB8E000190184684
:1037C000ABF1010603EB8E044FEA8E021D1DCEF114
:1037D0000001002308919FED800A7746814600BFD3
:1037E0005B4580F0F58003FB0EF0B0EE403A09EB4C
:1037F00080010A9191ED001A0699B0EE414A01EB61
:10380000800009902146304606E000BF91ED004A55
:103810000138B0EE423A1144B5EEC04AF1EE10FA6A
:103820000ADDB4EEC34AB0EE442AF1EE10FAD8BF76
:10383000B0EE432A09E000BFB1EE442AB4EEC23A2A
:10384000F1EE10FA01DBB0EE432A0028DED1B5EE2E
:10385000402AF1EE10FA00F0BB80B0EEC13AB4EEAF
:10386000423AF1EE10FA1CBFD84310EB0B0004D023
:10387000002000BF01308642FCD1B5EE401AF1EEC7
:1038800010FA00F0A580CDE90346AEEB030C0A99CF
:10389000BCF1010F4FF07E5008600AD0012029468C
:1038A00091ED002A82EE012A01308742A1EC012A23
:1038B000F6D1DDE9080100BF91ED002A82EE012A70
:1038C0000C1D013081ED002A2146F5D1ACF1010B30
:1038D00005994FF00008DDF818A04846CDF808908B
:1038E000984505D100EB8C060AEB8E0A33E000BF49
:1038F00090ED001A0A9CB0EE413ABBF1000F94ED36
:10390000002A01EE423A00F1040680ED003A15D09B
:103910000120002406EB040905EB040E99ED002AB2
:103920009EED003A01EE432A0130874204F104047F
:1039300089ED002AEED12644DDF81CE0DDE908041B
:103940009AED002A94ED003A01EE432A0434013046
:10395000AAEC012AF4D106EB8300013908F1010831
:10396000BED1DDF80890013F049E09F10409039CD3
:1039700003F101030198A6F101060444DDF814B037
:1039800005447FF42DAFB5EE401A009BF1EE10FA1E
:1039900020D10EFB0BF1002000294FF000020BD0CC
:1039A00093ED000AB5EE400AF1EE10FA04D10132AF
:1039B0008A4203F10403F3D38A4208BF6FF0040084
:1039C0000BB0BDE8F08FFD2250B20BB0BDE8F08F18
:1039D000FB22F9E70022F7E7000000002DE9F04F95
:1039E00088B0B0F802C00B889C4540F08880B0F8E1
:1039F00000E013889E4540F08280B1F80290538821
:103A000099457CD14FEA9C04476804FB09F049685A
:103A10000CF00305029101EB0010019000202CF046
:103A20000303A0EB9C0107EB830607914FEA890390
:103A30005168C5F1000A00919FED330ACDE9039C5E
:103A4000CDE9050E0099CE4601EB8008DDE901BC09
:103A5000002CB0EE401AE146384627D0624607995E
:103A60003846B0EE401A00BF92ED002A90ED003AC1
:103A700003EE021A1A4490ED014A92ED002A04EE78
:103A8000021A1A4490ED025A92ED002A05EE021A2B
:103A90001A4490ED036A92ED002A06EE021A0131F3
:103AA00000F110001A44DFD1D946304655B15146D5
:103AB00090ED002A99ED003A02EE031A043001312C
:103AC0009944F5D108F1040088ED001ABEF1010E09
:103AD0000CF1040C0BF1040B8046B9D1DDF80C900D
:103AE0000598DDF810C04844DDF818E007EB8C07B6
:103AF000BEF1010E06EB8C06A2D1002000E0FD20F5
:103B000040B208B0BDE8F08F00000000B0B50388F7
:103B10000D88AB4256D145884C88A54252D11488B5
:103B2000A3424FD15488A5424CD105FB03FC436806
:103B300000254968B5EB9C0F506831D04FEA9C02D4
:103B4000524200BF93ED000A91ED001A30EE410A97
:103B500003F1100E01F1100400F1100580ED000AD0
:103B6000013293ED010A91ED011A30EE410A80ED28
:103B7000010A93ED020A91ED021A30EE410A80ED3E
:103B8000020A93ED030A91ED031A30EE410A7346DF
:103B9000214680ED030A2846D4D1214628467346A3
:103BA0001CF003020CD05242B3EC010AB1EC011A32
:103BB00030EE410A051D013280ED000A2846F3D19E
:103BC000002000E0FD2040B2B0BD00002DE9F04F24
:103BD00083B002884B889A424DD144880B889C421E
:103BE00049D10023D1F804804FEA940C416804F0D5
:103BF000030ECDF80080A3EB940402941401960008
:103C00000194CEF1000B4046BCF1000F1ED0474698
:103C1000029C00BF08683D4638603744486807EB9F
:103C20000609A85101F11000D1F808A0013447F8A5
:103C300006A009EB0607C968374449F80610014693
:103C4000E8D101996C18014603E000BF009800EB31
:103C50008304BEF1000F07D05D4600BF51F8040B8E
:103C6000013520603444F9D10133013A08F10408E8
:103C7000CAD1002000E0FD2040B203B0BDE8F08FC3
:103C800082B00190019800788DF802000198407888
:103C90008DF80300BDF9020002B07047000000007B
:103CA00082B00190019800788DF802000198407868
:103CB0008DF80300BDF9020002B07047000000005B
:103CC00082B00190019800788DF80000019840784A
:103CD0008DF80100019880788DF802000198C07875
:103CE0008DF80300009802B070470000000000004B
:103CF00084B00390039800788DF800000398407812
:103D00008DF80100039880788DF802000398C07840
:103D10008DF80300039800798DF80400039840792A
:103D20008DF80500039880798DF806000398C07916
:103D30008DF807000098019904B07047000000005A
:103D400082B00190019800788DF8000001984078C9
:103D50008DF80100019880788DF802000198C078F4
:103D60008DF803009DED000A02B0704700000000CE
:103D700083B00290ADF8061000929DF807000299FA
:103D8000DDF800C0BCF90020531CACF800308854AA
:103D90009DF806000299DDF800C0BCF90020531C14
:103DA000ACF80030885403B07047000000000000F9
:103DB00083B00290019100929DF807000299DDF80E
:103DC00000C0DCF80020531CCCF800308854BDF84B
:103DD00006000299DDF800C0DCF80020531CCCF886
:103DE000003088540198000A0299DDF800C0DCF820
:103DF0000020531CCCF80030885401980299DDF85B
:103E000000C0DCF80020531CCCF80030885403B00C
:103E1000704700000000000083B0029002980190FB
:103E20000199A520087001993320A1F8010001999A
:103E300040F20130A1F80500029807300090009987
:103E40004FF48870088040F63830C0F2000090F8D7
:103E50003900009948804DF20C40C2F20000008801
:103E6000009988800D2003B070470000000000001A
:103E700085B003908DF80B109DF80B00012805D13B
:103E8000FFE740F20110ADF8080024E09DF80B00B8
:103E9000022805D1FFE74FF48170ADF8080019E062
:103EA0009DF80B00052805D1FFE740F20310ADF89F
:103EB00008000EE09DF80B00072805D1FFE74FF43E
:103EC0008270ADF8080003E00020ADF812002EE08B
:103ED000FFE7FFE7FFE7039801900199A52008702D
:103EE0009DF80B00C0EB001006300199A1F801000D
:103EF000019940F20130A1F80500039807300090C5
:103F0000BDF808000099088040F63830C0F2000083
:103F100090F83900009948804DF20C40C2F2000040
:103F20000088009988800D20ADF81200FFE7BDF8E9
:103F3000120005B07047000080B5A0B007AB059334
:103F4000ADF87E001E911D9240F63830C0F20000A0
:103F5000B0F84E0000EE100AB8EE400A40F69400A9
:103F6000C0F2000080ED000A40F25C60C0F2000088
:103F700000684EF25411C2F20001086040F61C3095
:103F8000C0F20000C07E4009C00780B3FFE74EF2D8
:103F90006E00C2F20000008848BBFFE740F68410C4
:103FA000C0F20000007801460491012808D0FFE724
:103FB000049802280BD0FFE7049803280ED014E0E1
:103FC00040F68411C0F20001022008700EE040F6B5
:103FD0008411C0F200010320087007E040F684114C
:103FE000C0F200010120087000E0FFE7FFE740F6A3
:103FF0001C30C0F20000C07EC0F340104EF26E01D3
:10400000C2F20001088040F68410C0F2000000787F
:10401000032811D1FFE74EF25410C2F2000090EDD8
:10402000000AB7EEC00A9FEDE81B30EE010BB7EEB9
:10403000C00B80ED000AFFE740F69400C0F20000DC
:1040400090ED000A9FEDE21AB4EE410AF1EE10FA8B
:1040500039DCFFE7059840F69401C0F2000191EDCC
:10406000000A9FEDDB1A31EE400A80EE010A80ED76
:10407000150A90ED150AB7EE001AB4EE410AF1EEFA
:1040800010FA04DDFFE74FF07E501C90FFE7059823
:1040900090ED150AB5EE400AF1EE10FA03DAFFE7EB
:1040A00000201C90FFE7059890ED151A4EF2541071
:1040B000C2F2000090ED000A9FEDC62AA1EE020AAE
:1040C00080ED000A51E040F69400C0F2000090ED4F
:1040D000000A9FEDC11AB4EE410AF1EE10FA43DB7B
:1040E000FFE740F68410C0F20000007801283BD1C1
:1040F000FFE7059840F69401C0F2000191ED000A37
:104100009FEDB61A30EE010AB2EE041A80EE010AF3
:1041100080ED140A90ED140AB7EE001AB4EE410ACD
:10412000F1EE10FA04DDFFE74FF07E501B90FFE741
:10413000059890ED140AB5EE400AF1EE10FA03DA94
:10414000FFE700201B90FFE7059890ED141A4EF250
:104150005410C2F2000090ED000A9FEDE62AA1EE95
:10416000020A80ED000AFFE7FFE70598BDF87E1020
:1041700000EE101AB8EE400A80ED130A00201990E4
:1041800018901790169040F2CD30C2F200000078DF
:10419000C00748B3FFE74CF60C20C2F200009FEDC9
:1041A000D60A8DED030AF1F7E3FA9DED030A42F614
:1041B0009470C0F20000F1F7DBFA9DED030A4CF6B3
:1041C0001C20C2F20000F1F7D3FA9DED030A42F67B
:1041D000A470C0F20000F1F7CBFA40F2CD31C2F288
:1041E000000100200870FFE74FF29463C0F602035D
:1041F000186859689A68DB681593149213911290A5
:104200004DF25831C2F20001002008608DF84700DD
:10421000FFE79DF94700032800F3AC80FFE705980E
:104220009DF9472040F21C01C2F2000101EB82120D
:10423000126B10929DF9472001EB8211C96A0F9110
:104240009DF947204EF21C21C2F20001019101EBC1
:10425000820191ED000A44F6B861C0F200010291BA
:1042600001EB8201D1ED000A90ED091A05F048FF3B
:10427000019B029A059981ED070A9DF947C052F802
:104280002C0043F82C0010989DF9473042F8230089
:104290009DF9472012A850F8220091ED070AF1F786
:1042A00077FA059880ED060A90ED060A9FED951ABB
:1042B00020EE010A90ED081A20EE010A80ED050AB1
:1042C00090ED061A9FED900A21EE000A20EE010AF9
:1042D00080ED040A90ED081A9FED8C0A21EE000A89
:1042E00020EE010A80ED030A90ED050A90ED041A14
:1042F00030EE010A90ED031A30EE011A4EF254101E
:10430000C2F2000090ED002AB7EE0D0AA1EE020AFB
:104310009DF9471016A800EB810181ED000A9DF977
:10432000471000EB810090ED000AB5EE400AF1EE77
:1043300010FA07DAFFE79DF9472016A9002041F897
:104340002200FFE79DF9471016A800EB810090EDD1
:10435000001A4DF25830C2F2000090ED000A30EE23
:10436000010A80ED000AFFE79DF8470001308DF853
:1043700047004EE705984DF25831C2F2000191ED29
:10438000000A90ED131AB4EE410AF1EE10FA2FDD97
:10439000FFE7059890ED130A4DF25831C2F2000183
:1043A00091ED001A80EE010A80ED020A90ED020AFA
:1043B00040F67800C0F2000090ED001AB4EE410A19
:1043C000F1EE10FA13DA0BE0333333333333C33FF8
:1043D000000020429A99193E00004842000048C25D
:1043E000099840F67801C0F200010860FFE727E075
:1043F00005984DF25831C2F2000191ED000A90ED9E
:10440000131A80EE011AB7EE000A30EE410A80ED71
:10441000010A90ED011A9FED392A9FED390AA1EEAC
:10442000020A80ED000A90ED001A40F67800C0F212
:10443000000090ED000A30EE010A80ED000AFFE76F
:1044400040F67800C0F2000090ED000AB7EE001AC6
:10445000B4EE410AF1EE10FA08DDFFE740F678010C
:10446000C0F200014FF07E500860FFE740F6780090
:10447000C0F2000090ED000AB5EE400AF1EE10FA2D
:1044800007DAFFE740F67801C0F20001002008607B
:10449000FFE700208DF81B00FFE79DF81B000328B5
:1044A00025DCFFE740F67800C0F2000090ED001A2E
:1044B0001E999DF81B2001EB820191ED000A20EE70
:1044C000010A81ED000A40F20821C2F2000191EDDB
:1044D000000A90ED001A20EE010A1D9880ED000AF6
:1044E000FFE79DF81B0001308DF81B00D5E720B0D9
:1044F00080BD00BFCDCC4CBD6666663F8FC2753CAB
:104500000AD7A33B295C0F3FE3A53B3F62331B3C2B
:1045100080B594B004A801904021DCF769F90198B6
:104520000390039AA5211170039A0821A2F80110A3
:10453000039A40F20131A2F80510C11D0291029ABE
:104540004FF48071118040F63831C0F2000191F8CB
:104550003910029A51804DF20C41C2F200010988D3
:10456000029A9180029A02219171029A0921D171D5
:104570000F2106F005FF14B080BD00000000000010
:1045800080B58CB08DED0B0A012005F049FC48B1D7
:10459000FFE79DED0B0AB3EE041A20EE010A8DED44
:1045A0000A0A08E09DED0B0A9FED631A20EE010A4E
:1045B0008DED0A0AFFE79DED0A1A44F6FC60C0F291
:1045C000000090ED000A30EE010A80ED000A0420A0
:1045D00005F026FC48B1FFE79DED0B0AB3EE041A87
:1045E00020EE010A8DED090A08E09DED0B0A9FED12
:1045F000521A20EE010A8DED090AFFE79DED091A16
:1046000041F65460C2F2010090ED000A30EE010A5A
:1046100080ED000A022005F003FC48B1FFE79DEDA4
:104620000B0AB3EE041A20EE010A8DED080A08E029
:104630009DED0B0A9FED401A20EE010A8DED080A50
:10464000FFE79DED081A44F6F860C0F2000090ED17
:10465000000A30EE010A80ED000A082005F0E0FBB8
:1046600048B1FFE79DED0B0AB3EE041A20EE010AF4
:104670008DED070A08E09DED0B0A9FED2F1A20EE45
:10468000010A8DED070AFFE79DED071A41F6586014
:10469000C2F20100069090ED000A30EE010A80EDB2
:1046A000000A44F6FC60C0F20000019090ED000AA0
:1046B000F7EE000ACDED040A05F062FDDFED1F0AFA
:1046C000CDED050A05F0FCFC0198DDED040A80ED56
:1046D000000A41F65460C2F20100029090ED000A17
:1046E00005F04EFDDDED050A05F0EAFC0298DDED72
:1046F000040A80ED000A44F6F860C0F2000003905E
:1047000090ED000A05F03CFDDDED050A05F0D8FC52
:104710000399DDED040A069881ED000A90ED000A88
:1047200005F02EFDDDED050A05F0CAFC069880EDCA
:10473000000A0CB080BD00BF00007AC40000000079
:1047400080B5D2B000208DF84701FFE79DF8470102
:1047500040F27431C2F200018978884211DAFFE731
:104760009DF8471140F27430C2F2000000EB810165
:1047700048688861FFE79DF8470101308DF84701DF
:10478000E4E740F64510C0F200000078C8B1FFE74A
:104790004EF27000C2F200009FEDF20A8DED500A59
:1047A000F0F7E6FF9DED500A44F6B840C0F2000075
:1047B000F0F7DEFF40F64511C0F20001002008705E
:1047C000FFE740F21C02C2F2000292ED0B0A40F633
:1047D0009C11C0F2000191ED001A20EE010A40F296
:1047E0007430C2F200004E9080ED010A92ED1B0A77
:1047F00091ED001A20EE010A80ED020A92ED2B0ADB
:1048000091ED001A20EE010A80ED030A92ED3B0AB9
:1048100091ED001A20EE010A80ED040A40F24C10DE
:10482000C2F2000090ED080ADFEDCF0A05F0C8FCE7
:104830004E9880ED050A90ED010A90ED023A90ED58
:10484000032A90ED041A30EE030A30EE420A30EEED
:10485000410A9FEDC61A80EE010A41F64C61C2F290
:104860000101499181ED000A90ED014A90ED023A73
:1048700090ED030A90ED042A33EE443A30EE030A39
:1048800030EE420A80EE010A44F6EC62C0F2000209
:104890004A9282ED000A91ED000A8DED470A90EDF3
:1048A000050A09F0C9FF4A994E988DED460A91ED27
:1048B000000A8DED480A90ED050A0AF0BDF89DED5D
:1048C000462A9DED471AB0EE403A9DED480A20EE8B
:1048D000030A91EE020A4EF27000C2F20000F0F7F5
:1048E00057FF49994E9841F64862C2F2010282EDA3
:1048F000000A91ED000A8DED4C0A90ED050A0AF0D0
:104900009BF84A994E988DED4B0A91ED000A8DED7A
:104910004D0A90ED050A09F08FFF9DED4B2A9DEDA4
:104920004C1AB0EE403A9DED4D0A20EE030AA1EE7E
:10493000020A44F6B840C0F20000F0F729FF4E9892
:1049400044F6E861C0F2000181ED000A90ED010A31
:1049500090ED023A90ED032A90ED041A30EE030A2E
:1049600030EE020A30EE010A40F23440C2F200009A
:1049700090ED001AB1EE002A21EE021A80EE010A33
:1049800044F6F460C0F2000080ED000A4EF2092007
:10499000C2F20000007801464F91012808D0FFE7DD
:1049A0004F98022854D0FFE74F9803282FD0BFE03C
:1049B00040F61C31C0F20001B1F9040000EE100A0B
:1049C000B8EEC00A9FED6A1A80EE010A40F2DC30B0
:1049D000C2F2000090ED002A20EE020A44F6E462E2
:1049E000C0F2000282ED000AB1F9061000EE101AC2
:1049F000B8EEC00A80EE010A90ED001A20EE010A1E
:104A000041F64460C2F2010080ED000A9CE040F6ED
:104A10002C50C0F20000016944F6E462C0F20002CA
:104A200045921160416941F64460C2F201000160A3
:104A300040F2DC31C2F20001449191ED000A06F02F
:104A40009BFD4499459891ED000A06F095FD7BE0A9
:104A500040F69800C0F2000090ED000AFFF790FDCC
:104A600044F6FC60C0F2000090ED001A9FED400A91
:104A70008DED430A21EE001A4EF2FC10C2F2000046
:104A8000419080ED001A44F6F861C0F2000191ED0A
:104A9000002A90ED001A9FED373AA2EE031A80ED3E
:104AA000001A41F65861C2F2010191ED001A21EE9F
:104AB000001A44F62061C0F20001429181ED001A13
:104AC00041F65462C2F2010292ED002A91ED001A01
:104AD000A2EE031A81ED001A06F04EFD42989DEDFC
:104AE000430A06F049FD419842999DED431A90ED25
:104AF000000A80EE010A40F2DC30C2F2000090EDC4
:104B0000002A20EE020A44F6E462C0F2000282EDBE
:104B1000000A91ED000A80EE010A90ED001A20EEE5
:104B2000010A41F64460C2F2010080ED000A0BE088
:104B300044F6E461C0F200010020086041F64461DF
:104B4000C2F201010860FFE700208DF84601FFE78F
:104B50009DF8460140F27431C2F2000109788842A2
:104B60002BDA19E09A99593F00000000F304354010
:104B700000002544000025C40000C842F304353F6E
:104B8000DB0FC93FDB0FC9BFB948CC6D305FE43FD5
:104B900044174154FB21E93F9DF8461140F274301F
:104BA000C2F2000000EB8101C86A0864FFE79DF8CB
:104BB000460101308DF84601CAE74EF26C00C2F2A0
:104BC00000000078C00778BBFFE744F6E460C0F25D
:104BD000000090ED000A40F69800C0F200003E9000
:104BE000D0ED001A41F65060C2F20100F0EE080A62
:104BF000CDED3F0A1FED201A8DED401A06F068FE3C
:104C00003E98DDED3F0A9DED401A41F64461C2F247
:104C1000010191ED000AD0ED001A44F6F060C0F2F7
:104C2000000006F055FE2EE044F6E460C0F20000FD
:104C300090ED000A40F69800C0F200003B90D0EDE5
:104C4000001A41F65060C2F20100F2EE040ACDED06
:104C50003C0A1FED371A8DED3D1A06F039FE3B98E0
:104C6000DDED3C0A9DED3D1A41F64461C2F20101C1
:104C700091ED000AD0ED001A44F6F060C0F2000099
:104C800006F026FEFFE744F62B60C0F20000007835
:104C900001463A9130B1FFE73A98012800F093823B
:104CA00000F026BC40F24C10C2F2000090ED080A61
:104CB0000120B0EE081AB4EE410AF1EE10FA399074
:104CC00011DCFFE740F24C10C2F2000090ED080A40
:104CD000B0EE001A0020B4EE410AF1EE10FAB8BFAF
:104CE00001203990FFE7399800F0010042F6487141
:104CF000C2F2010108704EF26C00C2F200000078AE
:104D0000C007002840F0B080FFE740F2DC31C2F27B
:104D100000014FF08040086041F65061C2F201018D
:104D200091ED000A1FED6B1A8DED371A20EE010A86
:104D300040F69C10C0F20000389090ED002A80EE02
:104D4000020A4EF2EC12C2F2000282ED000A91ED6C
:104D5000000A20EE010A90ED002A80EE020A44F6D5
:104D60000862C0F2000282ED000A91ED000A20EE16
:104D7000010A90ED002A80EE020A4EF2F412C2F20D
:104D8000000282ED000A91ED000A20EE010A90ED8A
:104D9000002A80EE020A44F61061C0F2000181EDA3
:104DA000000A44F6F061C0F2000191ED000A20EE25
:104DB000010A90ED002A80EE020A4EF2F012C2F2D1
:104DC000000282ED000A91ED000A20EE010A90ED4A
:104DD000002A80EE020A44F60C62C0F2000282ED64
:104DE000000A91ED000A20EE010A90ED002A80EE03
:104DF000020A4EF2F812C2F2000282ED000A91EDB0
:104E0000000A20EE010A90ED001A80EE010A44F635
:104E10001460C0F2000080ED000A40F27430C2F26B
:104E2000000090ED050A5FEDAA0A05F0A9F95FED13
:104E3000AB0A05F045F9B7EEC00A1FEDAD1B20EE39
:104E4000010B40F2E030C2F2000090ED001AB7EE24
:104E5000C11A20EE010BB7EEC00B44F61860C0F289
:104E6000000080ED000A44E34EF26C00C2F2000044
:104E70000078C007002800F09F81FFE742F64870E5
:104E8000C2F201000078C007002800F09581FFE71A
:104E900041F65060C2F20100339090ED000A1FED20
:104EA000C91A8DED2B1A20EE010A40F69C10C0F2B3
:104EB00000002C9090ED001A80EE010AB7EEC00AB7
:104EC0008DED1E0B40F27430C2F200002D9090ED7B
:104ED000050AB7EEC01A1FEDD20B8DED2E0B30EE8A
:104EE000410B09F051FC9DED1E1B9DED2B2A2C99C9
:104EF0002D98339AB0EE403B9DED2E0B21EE031B17
:104F0000B7EEC11B4EF2EC13C2F2000383ED001AA0
:104F100092ED001A21EE021A91ED002A81EE021A9A
:104F2000B7EEC11A8DED201B90ED051AB7EEC11A30
:104F300030EE410B09F028FD9DED201B9DED2B2A45
:104F40002C992D98339AB0EE403B9DED2E0B21EE1F
:104F5000031BB7EEC11B44F60863C0F2000383EDE8
:104F6000001A92ED001A21EE021A91ED002A81EE4C
:104F7000021AB7EEC11A8DED221B90ED051AB7EE9D
:104F8000C11A30EE410B09F0FFFB9DED221B9DED98
:104F90002B2A2C992D98339AB0EE403B9DED2E0B89
:104FA00021EE031BB7EEC11B4EF2F413C2F2000355
:104FB00083ED001A92ED001A21EE021A91ED002AFB
:104FC00081EE021AB7EEC11A8DED241B90ED051A81
:104FD000B7EEC11A30EE410B09F0D6FC9DED2B2A3D
:104FE0002C992D989DED2E1BB0EE403B9DED240B92
:104FF00020EE030BB7EEC00B44F61062C0F20002C5
:1050000082ED000A44F6F062C0F200022A9292EDAC
:10501000000A20EE020A91ED002A80EE020AB7EEA5
:10502000C00A8DED260B90ED050AB7EEC00A30EEF2
:10503000010B09F0A9FB2A9A9DED2B2A2C992D989A
:105040009DED2E1BB0EE403B9DED260B20EE030B9D
:10505000B7EEC00B4EF2F013C2F2000383ED000A6C
:1050600092ED000A20EE020A91ED002A80EE020A7B
:10507000B7EEC00A8DED280B90ED050AB7EEC00A19
:1050800030EE010B09F080FC2A9A9DED2B2A2C9919
:105090002D989DED2E1BB0EE403B9DED280B20EE94
:1050A000030BB7EEC00B44F60C63C0F2000383EDB4
:1050B000000A92ED000A20EE020A91ED002A80EE2D
:1050C000020AB7EEC00A8DED300B90ED050AB7EE7F
:1050D000C00A30EE010B09F057FB2A9A9DED2B2AEE
:1050E0002C992D989DED2E1BB0EE403B9DED300B85
:1050F00020EE030BB7EEC00B4EF2F813C2F2000322
:1051000083ED000A92ED000A20EE020A91ED002ADA
:1051100080EE020AB7EEC00A8DED340B90ED050A61
:10512000B7EEC00A30EE010B09F02EFC3398B0EE5A
:10513000401B9DED340B20EE010BB7EEC00B44F687
:105140001461C0F2000181ED000A40F2DC32C2F2CB
:1051500000020021C4F24001116090ED000AB5EE9A
:10516000400AF1EE10FA17D1FFE744F6F060C0F202
:10517000000090ED000AB5EE400AF1EE10FA0BD1F6
:10518000FFE740F23840C2F20000006844F61861C0
:10519000C0F20001086008E044F61861C0F20001A6
:1051A0000020C4F220100860FFE74EF26C01C2F24A
:1051B0000001012008709CE14EF26C01C2F2000176
:1051C0000020087095E141F65060C2F201001B908A
:1051D00090ED000A9FEDC21A8DED131A20EE010A20
:1051E00040F69C10C0F20000149090ED001A80EE82
:1051F000010AB7EEC00A8DED060B40F27430C2F220
:105200000000159090ED050AB7EEC01A9FEDB60BA1
:105210008DED160B30EE410B09F0B6FA9DED061B35
:105220009DED132A149915981B9AB0EE403B9DED05
:10523000160B21EE031BB7EEC11B4EF2EC13C2F2AC
:10524000000383ED001A92ED001A21EE021A91ED8F
:10525000002A81EE021AB7EEC11A8DED081B90EDFF
:10526000051AB7EEC11A30EE410B09F08DFB9DED2A
:10527000081B9DED132A149915981B9AB0EE403B1C
:105280009DED160B21EE031BB7EEC11B44F6086320
:10529000C0F2000383ED001A92ED001A21EE021A0B
:1052A00091ED002A81EE021AB7EEC11A8DED0A1BAC
:1052B00090ED051AB7EEC11A30EE410B09F064FA11
:1052C0009DED0A1B9DED132A149915981B9AB0EEBB
:1052D000403B9DED160B21EE031BB7EEC11B4EF2BA
:1052E000F413C2F2000383ED001A92ED001A21EECE
:1052F000021A91ED002A81EE021AB7EEC11A8DED65
:105300000C1B90ED051AB7EEC11A30EE410B09F0F7
:105310003BFB9DED132A149915989DED161BB0EEDD
:10532000403B9DED0C0B20EE030BB7EEC00B44F69B
:105330001062C0F2000282ED000A44F6F062C0F290
:105340000002129292ED000A20EE020A91ED002A6C
:1053500080EE020AB7EEC00A8DED0E0B90ED050A45
:10536000B7EEC00A30EE010B09F00EFA129A9DED6D
:10537000132A149915989DED161BB0EE403B9DED38
:105380000E0B20EE030BB7EEC00B4EF2F013C2F281
:10539000000383ED000A92ED000A20EE020A91ED6F
:1053A000002A80EE020AB7EEC00A8DED100B90EDD8
:1053B000050AB7EEC00A30EE010B09F0E5FA129AC1
:1053C0009DED132A149915989DED161BB0EE403BE8
:1053D0009DED100B20EE030BB7EEC00B44F60C63F3
:1053E000C0F2000383ED000A92ED000A20EE020AEB
:1053F00091ED002A80EE020AB7EEC00A8DED180B7F
:1054000090ED050AB7EEC00A30EE010B09F0BCF9C9
:10541000129A9DED132A149915989DED161BB0EE66
:10542000403B9DED180B20EE030BB7EEC00B4EF288
:10543000F813C2F2000383ED000A92ED000A20EE99
:10544000020A91ED002A80EE020AB7EEC00A8DED45
:105450001C0B90ED050AB7EEC00A30EE010B09F007
:1054600093FA1B98B0EE401B9DED1C0B20EE010B38
:10547000B7EEC00B44F61461C0F2000181ED000AE2
:1054800040F2DC32C2F200024CF6CD41C4F29C0183
:10549000116090ED000AB5EE400AF1EE10FA17D156
:1054A000FFE744F6F060C0F2000090ED000AB5EEB0
:1054B000400AF1EE10FA0BD1FFE740F23840C2F299
:1054C0000000006844F61861C0F200010860FFE7C0
:1054D0004EF26C01C2F200010120087009E000BF29
:1054E000F304353F00BF00BF44174154FB21E93F9F
:1054F000FFE74EF2EC10C2F2000090ED000A4EF20F
:10550000F010C2F2000090ED001A30EE410A44F6AD
:105510001862C0F2000292ED001A30EE010A40F269
:105520007431C2F20001019181ED0B0A01F12C00EE
:1055300044F60863C0F2000393ED000A44F60C63DE
:10554000C0F2000393ED001A30EE010A92ED001A4A
:1055500030EE010A81ED0C0A01F1300302934EF2A4
:10556000F413C2F2000393ED001A4EF2F813C2F2E4
:10557000000393ED000A30EE411A92ED000A30EE7E
:10558000010A81ED0D0A01F13403039344F610631F
:10559000C0F2000393ED000AB1EE400A44F6146332
:1055A000C0F2000393ED001A30EE410A92ED001AAA
:1055B00030EE010A81ED0E0A383104919FED260A82
:1055C0008DED050A05F0D8FF02989DED050A05F05E
:1055D000D3FF03989DED050A05F0CEFF04989DEDDD
:1055E000050A05F0C9FF40F63830C0F20000B0F8F7
:1055F000430088B1FFE740F63830C0F20000B0F851
:10560000430000EE100AB8EE400A40F2C830C2F281
:10561000000080ED000A08E040F2C831C2F200014B
:105620000020C4F296200860FFE740F2C830C2F2C2
:10563000000090ED000ABCEEC00A10EE100A40F225
:105640007431C2F200012C3140F2A872C0F20002A3
:10565000FEF772FC52B080BD9A9933420000000000
:1056600080B586B000208DF81700FFE79DF8170081
:1056700040F6A001C0F200018978884211DAFFE704
:105680009DF8171040F6A000C0F2000000EB810169
:1056900048688861FFE79DF8170001308DF8170012
:1056A000E4E740F2F051C2F2000191ED020AB7EED8
:1056B000C00A9FEDE51B20EE010BB7EEC00B40F6D4
:1056C000A000C0F2000080ED010A91ED000AB7EEE3
:1056D000C00A20EE010BB7EEC00B80ED020A0020DD
:1056E0008DF81600FFE79DF81600012812DCFFE791
:1056F0009DF8161040F6A000C0F2000000EB8101FA
:10570000C86FC1F89000FFE79DF8160001308DF8D2
:105710001600E8E740F64610C0F200000078C00727
:10572000F8B1FFE740F6A001C0F200014868C86781
:1057300040F26060C0F20000806AC1F8800044F668
:105740009450C0F2000040F66812C0F2000201213D
:10575000F1F77AFC40F64611C0F200010020087013
:10576000FFE74EF20920C2F200000078E8B9FFE737
:1057700044F69450C0F20000016E884740F2606029
:10578000C0F20000806A40F6A001C0F20001C1F83A
:10579000800040F2CF31C2F200010120087040F6D3
:1057A0004611C0F200010870A6E140F6A001C0F267
:1057B0000001D1F88000C1F8940040F2CF30C2F26D
:1057C00000000078C00758B3FFE740F6A000C0F221
:1057D000000090ED200AB7EEC00A9FEDCB1B30EE23
:1057E000010BB7EEC00B80ED200A90ED020AB5EE7A
:1057F000400AF1EE10FA12DCFFE740F6A000C0F21A
:105800000000D0F8800044F6F851C0F200010860B2
:1058100040F2CF31C2F2000100200870FFE7FFE73D
:105820004EF20820C2F2000000780146049128B12F
:10583000FFE70498012800F0CC8009E14EF209202E
:10584000C2F20000007801460391012804D0FFE76E
:105850000398022875D0BAE040F61C31C0F200016E
:10586000B1F90000404200EE100AB8EEC00A4EF254
:105870000020C2F2000080ED000AB1F90210494296
:1058800000EE101AB8EEC00A44F62461C0F200011E
:1058900081ED000A90ED000AB5EE400AF1EE10FA33
:1058A00021D0FFE74EF20020C2F2000090ED000A86
:1058B0009FED9C1A80EE010AB5EE001A20EE010A57
:1058C000B7EEC01A40F6A000C0F2000090ED1F0A2B
:1058D000B7EEC00A9FED8A2BA1EE020BB7EEC00B0C
:1058E00080ED1F0AFFE740F2CF30C2F200000078DF
:1058F000C00728BBFFE744F6F850C0F2000090ED67
:10590000000AB7EEC00A44F62460C0F2000090ED31
:10591000001A9FED842A81EE021AB3EE092A21EEC5
:10592000021AB7EEC11A9FED762BA1EE020BB7EE6D
:10593000C00B40F6A000C0F2000080ED200AFFE797
:1059400046E040F61C31C0F20001B1F9100000EE53
:10595000100AB8EEC00A4EF20020C2F20000019018
:1059600080ED000AB1F9121000EE101AB8EEC00A6C
:1059700044F62461C0F20001029181ED000A40F278
:105980006C31C2F2000191ED000A05F0F5FD0298BC
:105990009FED610A05F0F0FD0198029990ED001A63
:1059A00040F6A000C0F2000090ED1F0A9FED5B2AB8
:1059B000A1EE020A80ED1F0A91ED001A90ED200A77
:1059C0009FED572AA1EE020A80ED200A00E0FFE7D2
:1059D0003FE044F6B461C0F200010A684EF21420C0
:1059E000C2F20000026040F62C52C0F2000253687E
:1059F00044F6407CC0F2000CCCF8003093684EF2C4
:105A0000501CC2F2000CCCF8003012680A6091ED14
:105A1000000A90ED001AB4EE410AF1EE10FA12D02D
:105A2000FFE744F64070C0F20000006840F6A001B5
:105A3000C0F20001C8674EF25010C2F200000068C8
:105A4000C1F88000FFE704E0916B50A246DF913F70
:105A5000FFE740F6A000C0F200000090D0ED010A80
:105A600090ED1F0A44F69450C0F20000F1F740F99F
:105A7000009844F69051C0F2000181ED000A91EDCA
:105A8000000A40F2D431C2F2000191ED001A44F64E
:105A9000F461C0F2000191ED002AA1EE420A80ED0E
:105AA0000B0A90ED250A40F2D831C2F20001D1ED87
:105AB000000A803004F0D0F940F2CF30C2F200008A
:105AC0000078C007C0B9FFE744F6F850C0F2000004
:105AD00090ED000AB7EEC00A9FED0D1B30EE010BF2
:105AE000B7EEC00B40F6A000C0F200008030DFED42
:105AF0000E0A05F079FDFFE706B080BD00BF00BFCC
:105B0000916B50A246DF913FA5B25C695AE036BF67
:105B10007586E44A1857D6BF0050C347ACC5A7B72F
:105B2000ACC527B70000254435FA8E3C00000000C4
:105B300080B540F64710C0F200000078C00718B1E9
:105B4000FFE7FDF7C1F8FFE7FDF706F8FCF7A0FE59
:105B5000FCF7C6FD80BD000080B594B08DF84F0005
:105B60000DF10F0000904021DAF742FE00980290FC
:105B7000029AA5211170029A0821A2F80110029A36
:105B800040F20131A2F80510C11D0191019A4FF4B4
:105B90008071118040F63831C0F2000191F839105F
:105BA000019A51804DF20C41C2F200010988019A1C
:105BB0009180019A012191719DF84F10019AD17144
:105BC0000F2105F0DDFB14B080BD000000000000D7
:105BD00080B58CB08DF82F004DF25130C2F200002C
:105BE00008900078C2074FF62211C0F602014FF666
:105BF000F300C0F60200002A18BF08460A900A986F
:105C0000DAF758FD08998DF827000A980978CA072D
:105C10000321002A18BF022144F29012C0F20002B0
:105C200012689DF8273003EB4303A2EB83039DF832
:105C30002FC06A46C2F818C04FF4647CC2F814C082
:105C400013610223D3601423936051600421116017
:105C5000412149224D2305F0EFFC0CB080BD00002E
:105C600080B582B08DF80700ADF804109DF80700EC
:105C700000F02AF89DF8070002F0A6FD9DF8070045
:105C800002F062FC9DF8070003F05AF89DF8070047
:105C900003F072FD9DF80700BDF8041003F09CF9B5
:105CA00002B080BD0000000080B582B08DF8070012
:105CB0009DF8070003F0E0F89DF80700FFF788FF64
:105CC00002B080BD000000002DE9F04FE3B08DF878
:105CD0008B010DF18B0020904FF48071DAF788FD75
:105CE00020980721FEF7C4F8ADF88800BDF88800B9
:105CF00010B9FFE702F037BABDF888100DF18B003C
:105D00001F90084421902198432116914F22199207
:105D100052231A9305F0ACFD16991F98219BD3F8D6
:105D200003C0D3F807E0D3F80B202CF4707CC3F841
:105D300007E0C3F803C0C3F80B20219BD3F803C0CE
:105D4000D3F807E0D3F80B20062565F38D2CC3F8B4
:105D500007E0C3F803C0C3F80B209DF88B41219BDB
:105D6000D3F803C0D3F807E0D3F80B2064F3020C98
:105D7000C3F807E0C3F803C0C3F80B20219BD3F896
:105D800003C0D3F807E0D3F80B200224179464F380
:105D9000C50CC3F807E0C3F803C0C3F80B20219B70
:105DA000D3F803E0D3F807C0D3F80B204FF0010875
:105DB00068F3090CC3F803E0C3F807C0C3F80B206D
:105DC000219BD3F803E0D3F807C0D3F80B204FF49E
:105DD00070771E9767F3942CC3F803E0C3F807C0ED
:105DE000C3F80B20219BD3F803E0D3F807C0D3F806
:105DF0000B204FF4077666F35F5CC3F803E0C3F84B
:105E000007C0C3F80B20219BD3F803C0D3F807E0E9
:105E1000D3F80B204FF0780969F30902C3F807E0C3
:105E2000C3F803C0C3F80B20BDF888200F32ADF8CB
:105E30008820BDF8882010442190219849224E23C3
:105E400005F016FD199A1F98219BD3F803C0D3F8CB
:105E500007E0D3F80B102CF4707CC3F807E0C3F80C
:105E600003C0C3F80B10219BD3F803C0D3F807E09D
:105E7000D3F80B1065F38D2CC3F807E0C3F803C00B
:105E8000C3F80B109DF88B91219BD3F803C0D3F876
:105E900007E0D3F80B1069F3020CC3F807E0C3F86E
:105EA00003C0C3F80B10219BD3F803C0D3F807E05D
:105EB000D3F80B1064F3C50CC3F807E0C3F803C0B4
:105EC000C3F80B10219BD3F803E0D3F807C0D3F835
:105ED0000B1068F3090CC3F803E0C3F807C0C3F85C
:105EE0000B10219BD3F803E0D3F807C0D3F80B10B5
:105EF00067F3942CC3F803E0C3F807C0C3F80B1092
:105F0000219BD3F803E0D3F807C0D3F80B1066F356
:105F10005F5CC3F803E0C3F807C0C3F80B10219B14
:105F2000D3F803C0D3F807E0D3F80B104FF01E08E6
:105F300068F30901C3F807E0C3F803C0C3F80B1006
:105F4000BDF888100F31ADF88810BDF888100844EE
:105F500021902198442154231B9305F089FC199A20
:105F60001F98219BD3F803C0D3F807E0D3F80B1098
:105F70002CF4707CC3F807E0C3F803C0C3F80B101F
:105F8000219BD3F803C0D3F807E0D3F80B104FF0F0
:105F9000040868F38D2CC3F807E0C3F803C0C3F806
:105FA0000B109DF88B81219BD3F803C0D3F807E039
:105FB000D3F80B1068F3020CC3F807E0C3F803C072
:105FC000C3F80B10219BD3F803C0D3F807E0D3F834
:105FD0000B1064F3C50CC3F807E0C3F803C0C3F8A3
:105FE0000B10219BD3F803E0D3F807C0D3F80B10B4
:105FF0004FF0140868F3090CC3F803E0C3F807C0B6
:10600000C3F80B10219BD3F803E0D3F807C0D3F8F3
:106010000B1067F3942CC3F803E0C3F807C0C3F870
:106020000B10219BD3F803E0D3F807C0D3F80B1073
:106030004FF4FA7868F35F5CC3F803E0C3F807C075
:10604000C3F80B10219BD3F803C0D3F807E0D3F8B3
:106050000B1064F30901C3F807E0C3F803C0C3F8E9
:106060000B10BDF888100F31ADF88810BDF88810FE
:10607000084421902198482118914C2305F0F8FB01
:106080001899199A1A9B1F98DDF884E0DEF80380AE
:10609000DEF80790DEF80BC028F47078CEF8079091
:1060A000CEF80380CEF80BC0DDF884E0DEF8038084
:1060B000DEF80790DEF80BC065F38D28CEF8079068
:1060C000CEF80380CEF80BC09DF88BA1DDF884E0FC
:1060D000DEF80380DEF80790DEF80BC06AF30208F2
:1060E000CEF80790CEF80380CEF80BC0DDF884E040
:1060F000DEF80380DEF80790DEF80BC028F03808E1
:10610000CEF80790CEF80380CEF80BC0DDF884E01F
:10611000DEF80390DEF80780DEF80BC064F30908B0
:10612000CEF80390CEF80780CEF80BC0DDF884E0FF
:10613000DEF80390DEF80780DEF80BC04FF4437AF8
:106140006AF39428CEF80390CEF80780CEF80BC0FF
:10615000DDF884E0DEF80390DEF80780DEF80BC09F
:1061600066F35F58CEF80390CEF80780CEF80BC0E8
:10617000DDF884E0DEF80380DEF80790DEF80BC07F
:1061800040F2933A6AF3942CCEF80790CEF803804D
:10619000CEF80BC0DDF884E0DEF80380DEF807906F
:1061A000DEF80BC066F35F5CCEF80790CEF8038094
:1061B000CEF80BC0BDF888C00CF10F0CADF888C04C
:1061C000BDF888C060442190219805F051FB1B9BCD
:1061D0001F98219AD2F803C0D2F807E0D2F80B102A
:1061E0002CF4707CC2F807E0C2F803C0C2F80B10B0
:1061F000219AD2F803C0D2F807E0D2F80B1065F369
:106200008D2CC2F807E0C2F803C0C2F80B109DF84D
:106210008B81219AD2F803C0D2F807E0D2F80B1094
:1062200068F3020CC2F807E0C2F803C0C2F80B1012
:10623000219AD2F803C0D2F807E0D2F80B102CF064
:10624000380CC2F807E0C2F803C0C2F80B10219A5C
:10625000D2F803E0D2F807C0D2F80B1064F3090CAF
:10626000C2F803E0C2F807C0C2F80B10219AD2F8B6
:1062700003E0D2F807C0D2F80B1040F2ED3868F313
:10628000942CC2F803E0C2F807C0C2F80B10219AA0
:10629000D2F803E0D2F807C0D2F80B1066F35F5CC7
:1062A000C2F803E0C2F807C0C2F80B10219AD2F876
:1062B00003C0D2F807E0D2F80B1040F2744868F33C
:1062C0009421C2F807E0C2F803C0C2F80B10219A6B
:1062D000D2F803C0D2F807E0D2F80B1066F35F5192
:1062E000C2F807E0C2F803C0C2F80B10BDF888106E
:1062F0000F31ADF88810BDF888100844219021981E
:1063000056211C9145221D9205F0B2FA1C991D9A46
:106310001F98DDF884C0DCF803E0DCF80760DCF8E7
:106320000B302EF4707ECCF80760CCF803E0CCF88C
:106330000B30DDF884C0DCF803E0DCF80760DCF843
:106340000B3065F38D2ECCF80760CCF803E0CCF869
:106350000B309DF88B81DDF884C0DCF803E0DCF8BD
:106360000760DCF80B3068F3020ECCF80760CCF85D
:1063700003E0CCF80B30DDF884C0DCF803E0DCF897
:106380000760DCF80B302EF0380ECCF80760CCF844
:1063900003E0CCF80B30DDF884C0DCF80360DCF8F7
:1063A00007E0DCF80B3064F3090ECCF80360CCF89E
:1063B00007E0CCF80B30DDF884C0DCF80360DCF8D3
:1063C00007E0DCF80B3067F3942ECCF80360CCF8D0
:1063D00007E0CCF80B30DDF884C0DCF80360DCF8B3
:1063E00007E0DCF80B3040F2492868F35F5ECCF838
:1063F0000360CCF807E0CCF80B30DDF884C0DCF8A3
:1064000003E0DCF80760DCF80B3067F39423CCF88A
:106410000760CCF803E0CCF80B30DDF884C0DCF882
:1064200003E0DCF80760DCF80B304FF4347767F3F7
:106430005F53CCF80760CCF803E0CCF80B30BDF824
:1064400088300F33ADF88830BDF88830184421907B
:106450002198422305F00CFA1F98DDF878E0219A84
:10646000D2F80330D2F807C0D2F80B1023F47073BF
:10647000C2F807C0C2F80330C2F80B10219AD2F854
:106480000330D2F807C0D2F80B1065F38D23C2F8A1
:1064900007C0C2F80330C2F80B109DF88B51219A47
:1064A000D2F80330D2F807C0D2F80B1065F302031C
:1064B000C2F807C0C2F80330C2F80B10219AD2F814
:1064C0000330D2F807C0D2F80B1023F03803C2F81B
:1064D00007C0C2F80330C2F80B10219AD2F803C0EB
:1064E000D2F80730D2F80B1064F30903C2F803C0E6
:1064F000C2F80730C2F80B10219AD2F803C0D2F8C4
:106500000730D2F80B106EF39423C2F803C0C2F820
:106510000730C2F80B10219AD2F803C0D2F8073026
:10652000D2F80B1040F2EF1464F35F53C2F803C0CB
:10653000C2F80730C2F80B10219AD2F80330D2F813
:1065400007C0D2F80B106EF39421C2F807C0C2F84E
:106550000330C2F80B10219AD2F80330D2F807C0EA
:10656000D2F80B104FF0320E6EF35F51C2F807C035
:10657000C2F80330C2F80B10BDF888100F31ADF827
:106580008810BDF8881004F0FBFE1F984FF480714E
:10659000DAF72EF91F980721FDF76AFCADF888009D
:1065A000BDF8880010B9FFE701F0DDBDBDF8881027
:1065B0000DF18B00159008442190219854210D91E4
:1065C0004C220F924823139305F052F90D990F9A1C
:1065D0001598DDF884C0DCF803E0DCF80740DCF84F
:1065E0000B302EF4707ECCF80740CCF803E0CCF8EA
:1065F0000B30DDF884C0DCF803E0DCF80740DCF8A1
:106600000B30062767F38D2ECCF80740CCF803E05B
:10661000CCF80B309DF88B51DDF884C0DCF803E03A
:10662000DCF80740DCF80B3065F3020ECCF80740CD
:10663000CCF803E0CCF80B30DDF884C0DCF803E0E4
:10664000DCF80740DCF80B302EF0380ECCF80740B1
:10665000CCF803E0CCF80B30DDF884C0DCF8034064
:10666000DCF807E0DCF80B30022666F3090ECCF804
:106670000340CCF807E0CCF80B30DDF884C0DCF840
:106680000340DCF807E0DCF80B304FF4347A6AF3AF
:10669000942ECCF80340CCF807E0CCF80B30DDF8B2
:1066A00084C0DCF80340DCF807E0DCF80B304FF482
:1066B000397B6BF35F5ECCF80340CCF807E0CCF895
:1066C0000B30DDF884C0DCF803E0DCF80740DCF8D0
:1066D0000B304FF43E750E9565F39423CCF80740CC
:1066E000CCF803E0CCF80B30DDF884C0DCF803E034
:1066F000DCF80740DCF80B306BF35F53CCF8074055
:10670000CCF803E0CCF80B30BDF888300F33ADF88F
:106710008830BDF888301844219021985623109372
:1067200005F0A6F80D99139B1598DDF884C0DCF8E8
:1067300003E0DCF80740DCF80B202EF4707ECCF888
:106740000740CCF803E0CCF80B20DDF884C0DCF87F
:1067500003E0DCF80740DCF80B2067F38D2ECCF863
:106760000740CCF803E0CCF80B209DF88B51DDF806
:1067700084C0DCF803E0DCF80740DCF80B2065F3AC
:10678000020ECCF80740CCF803E0CCF80B20DDF883
:1067900084C0DCF803E0DCF80740DCF80B202EF0C6
:1067A000380ECCF80740CCF803E0CCF80B20DDF82D
:1067B00084C0DCF80340DCF807E0DCF80B2066F36B
:1067C000090ECCF80340CCF807E0CCF80B20DDF83C
:1067D00084C0DCF80340DCF807E0DCF80B206AF347
:1067E000942ECCF80340CCF807E0CCF80B20DDF871
:1067F00084C0DCF80340DCF807E0DCF80B206BF326
:106800005F5ECCF80340CCF807E0CCF80B20DDF855
:1068100084C0DCF803E0DCF80740DCF80B206AF306
:106820009422CCF80740CCF803E0CCF80B20DDF83C
:1068300084C0DCF803E0DCF80740DCF80B204FF400
:106840002F7969F35F52CCF80740CCF803E0CCF81D
:106850000B20BDF888200F32ADF88820BDF88820C5
:106860001044219021985222129205F001F80D99BE
:10687000109B129ADDF884C0DCF803E0DCF80740D6
:10688000DCF80B002EF4707ECCF80740CCF803E067
:10689000CCF80B00DDF884C0DCF803E0DCF807403E
:1068A000DCF80B0067F38D2ECCF80740CCF803E042
:1068B000CCF80B009DF88B51DDF884C0DCF803E0C8
:1068C000DCF80740DCF80B0065F3020ECCF807405B
:1068D000CCF803E0CCF80B00DDF884C0DCF803E072
:1068E000DCF80740DCF80B002EF0380ECCF807403F
:1068F000CCF803E0CCF80B00DDF884C0DCF80340F2
:10690000DCF807E0DCF80B0066F3090ECCF8034076
:10691000CCF807E0CCF80B00DDF884C0DCF80340CD
:10692000DCF807E0DCF80B004FF4966565F3942E75
:10693000CCF80340CCF807E0CCF80B00DDF884C0BD
:10694000DCF80340DCF807E0DCF80B006BF35F5E7B
:10695000CCF80340CCF807E0CCF80B00DDF884C09D
:10696000DCF803E0DCF80780DCF80B004FF49164FE
:1069700064F39420CCF80780CCF803E0CCF80B004B
:10698000DDF884E0DEF80380DEF80700DEF80BC0F7
:106990006BF35F5CCEF807001598CEF80380CEF855
:1069A0000BC0BDF888C00CF10F0CADF888C0BDF865
:1069B00088C060442190219804F05AFF0F9A139BDD
:1069C0002199D1F803C0D1F807E0D1F80B002CF4DD
:1069D000707CC1F807E0C1F803C0C1F80B00219931
:1069E000D1F803C0D1F807E0D1F80B0067F38D2C84
:1069F000C1F807E0C1F803C0C1F80B009DF88B0196
:106A0000DDF884C0DCF803E0DCF80780DCF80B106C
:106A100060F3020E1598CCF80780CCF803E0CCF8B0
:106A20000B10DDF884C0DCF803E0DCF80780DCF84C
:106A30000B102EF0380ECCF80780CCF803E0CCF821
:106A40000B10DDF884C0DCF80380DCF807E0DCF82C
:106A50000B1066F3090ECCF80380CCF807E0CCF8F5
:106A60000B10DDF884C0DCF80380DCF807E0DCF80C
:106A70000B1065F3942ECCF80380CCF807E0CCF82B
:106A80000B10DDF884C0DCF80380DCF807E0DCF8EC
:106A90000B106BF35F5ECCF80380CCF807E0CCF80A
:106AA0000B10DDF884C0DCF803E0DCF80780DCF8CC
:106AB0000B1065F39421CCF80780CCF803E0CCF8F8
:106AC0000B10DDF884C0DCF803E0DCF80780DCF8AC
:106AD0000B1069F35F51CCF80780CCF803E0CCF8D9
:106AE0000B10BDF888100F31ADF88810BDF8881074
:106AF0000844219021984221119104F0B9FE0E988A
:106B00000F9A109B1199DDF884E0DEF80380DEF81F
:106B10000790DEF80BC028F47078CEF80790CEF816
:106B20000380CEF80BC0DDF884E0DEF80380DEF8E9
:106B30000790DEF80BC067F38D28CEF80790CEF8EB
:106B40000380CEF80BC09DF88BB1DDF884E0DEF851
:106B50000380DEF80790DEF80BC06BF30208CEF876
:106B60000790CEF80380CEF80BC0DDF884E0DEF8A5
:106B70000380DEF80790DEF80BC028F03808CEF866
:106B80000790CEF80380CEF80BC0DDF884E0DEF885
:106B90000390DEF80780DEF80BC066F30908CEF834
:106BA0000390CEF80780CEF80BC0DDF884E0DEF865
:106BB0000390DEF80780DEF80BC06AF39428CEF865
:106BC0000390CEF80780CEF80BC0DDF884E0DEF845
:106BD0000390DEF80780DEF80BC04FF4AA7BCDF8F7
:106BE00050B06BF35F58CEF80390CEF80780CEF824
:106BF0000BC0DDF884E0DEF80380DEF80790DEF8F5
:106C00000BC060F3942C1598CEF80790CEF8038053
:106C1000CEF80BC0DDF884E0DEF80380DEF80790E4
:106C2000DEF80BC06BF35F5CCEF80790CEF8038004
:106C3000CEF80BC0BDF888C00CF10F0CADF888C0C1
:106C4000BDF888C060442190219804F011FE11998C
:106C5000129A139BDDF884C0DCF803E0DCF80780AF
:106C6000DCF80B002EF4707ECCF80780CCF803E043
:106C7000CCF80B00DDF884C0DCF803E0DCF807801A
:106C8000DCF80B0067F38D2ECCF80780CCF803E01E
:106C9000CCF80B009DF88B01DDF884E0DEF8038072
:106CA000DEF80790DEF80BC060F302081598CEF806
:106CB0000790CEF80380CEF80BC0DDF884E0DEF854
:106CC0000380DEF80790DEF80BC028F03808CEF815
:106CD0000790CEF80380CEF80BC0DDF884E0DEF834
:106CE0000390DEF80780DEF80BC066F30908CEF8E3
:106CF0000390CEF80780CEF80BC0DDF884E0DEF814
:106D00000390DEF80780DEF80BC06AF39428CEF813
:106D10000390CEF80780CEF80BC0DDF884E0DEF8F3
:106D20000390DEF80780DEF80BC06BF35F58CEF8F7
:106D30000390CEF80780CEF80BC0DDF884E0DEF8D3
:106D40000380DEF80790DEF80BC06AF3942CCEF8CF
:106D50000790CEF80380CEF80BC0DDF884E0DEF8B3
:106D60000380DEF80790DEF80BC04FF4BE7A6AF3BA
:106D70005F5CCEF80790CEF80380CEF80BC0BDF86C
:106D800088C00CF10F0CADF888C0BDF888C0604415
:106D90002190219804F06CFD1598DDF850E0219ABF
:106DA000D2F80330D2F807C0D2F80B1023F4707376
:106DB000C2F807C0C2F80330C2F80B10219AD2F80B
:106DC0000330D2F807C0D2F80B1067F38D23C2F856
:106DD00007C0C2F80330C2F80B109DF88B71219ADE
:106DE000D2F80330D2F807C0D2F80B1067F30203D1
:106DF000C2F807C0C2F80330C2F80B10219AD2F8CB
:106E00000330D2F807C0D2F80B1023F03803C2F8D1
:106E100007C0C2F80330C2F80B10219AD2F803C0A1
:106E2000D2F80730D2F80B1066F30903C2F803C09A
:106E3000C2F80730C2F80B10219AD2F803C0D2F87A
:106E40000730D2F80B1065F39423C2F803C0C2F8E0
:106E50000730C2F80B10219AD2F803C0D2F80730DD
:106E6000D2F80B106EF35F53C2F803C0C2F80730BC
:106E7000C2F80B10219AD2F80330D2F807C0D2F82A
:106E80000B1064F39421C2F807C0C2F80330C2F8B3
:106E90000B10219AD2F80330D2F807C0D2F80B10A9
:106EA0006EF35F51C2F807C0C2F80330C2F80B108E
:106EB000BDF888100F31ADF88810BDF8881004F0C7
:106EC0005FFA15984FF48071D9F792FC1598052157
:106ED000FCF7CEFFADF88800BDF8880010B9FFE7D9
:106EE00001F041B9BDF888100DF18B000C900844F9
:106EF0002190219842215222562304F0B9FC0C988B
:106F0000219AD2F80330D2F807C0D2F80B1023F43C
:106F10007073C2F807C0C2F80330C2F80B10219A90
:106F2000D2F80330D2F807C0D2F80B104FF0060E9B
:106F30006EF38D23C2F807C0C2F80330C2F80B10FD
:106F40009DF88BE1219AD2F80330D2F807C0D2F82D
:106F50000B106EF30203C2F807C0C2F80330C2F888
:106F60000B10219AD2F80330D2F807C0D2F80B10D8
:106F700023F03803C2F807C0C2F80330C2F80B1080
:106F8000219AD2F803C0D2F80730D2F80B100224AD
:106F900064F30903C2F803C0C2F80730C2F80B104B
:106FA000219AD2F803C0D2F80730D2F80B104FF470
:106FB000966E6EF39423C2F803C0C2F80730C2F88D
:106FC0000B10219AD2F803C0D2F80730D2F80B1078
:106FD0004FF4AA750B9565F35F53C2F803C0C2F86E
:106FE0000730C2F80B10219AD2F80330D2F807C04C
:106FF000D2F80B106EF39421C2F807C0C2F8033028
:10700000C2F80B10219AD2F80330D2F807C0D2F898
:107010000B104FF4BE7767F35F51C2F807C0C2F898
:107020000330C2F80B10BDF888100F31ADF888108E
:10703000BDF88810084421902198542109914B22D1
:107040000A92312304F014FC09990A9A0C98DDF88D
:1070500084C0DCF803E0DCF80750DCF80B302EF4D9
:10706000707ECCF80750CCF803E0CCF80B30DDF89C
:1070700084C0DCF803E0DCF80760DCF80B3008259E
:1070800065F38D2ECCF80760CCF803E0CCF80B301C
:107090009DF88B81DDF884C0DCF803E0DCF8076044
:1070A000DCF80B3068F3020ECCF80760CCF803E094
:1070B000CCF80B30DDF884C0DCF803E0DCF80760C6
:1070C000DCF80B302EF0380ECCF80760CCF803E07B
:1070D000CCF80B30DDF884C0DCF80360DCF807E0A6
:1070E000DCF80B304FF0010A6AF3090ECCF80360AC
:1070F000CCF807E0CCF80B30DDF884C0DCF8036096
:10710000DCF807E0DCF80B3040F2B93969F3942E73
:10711000CCF80360CCF807E0CCF80B30DDF884C085
:10712000DCF80360DCF807E0DCF80B304FF4E67BBA
:107130006BF35F5ECCF80360CCF807E0CCF80B3063
:10714000DDF884C0DCF803E0DCF80760DCF80B3025
:1071500040F2C73868F39423CCF80760CCF803E01A
:10716000CCF80B30DDF884C0DCF803E0DCF8076015
:10717000DCF80B306BF35F53CCF80760CCF803E01E
:10718000CCF80B30BDF888300F33ADF88830BDF83F
:107190008830184421902198322304F069FB099922
:1071A0000A9A0C98DDF884C0DCF803E0DCF807608C
:1071B000DCF80B302EF4707ECCF80760CCF803E0DE
:1071C000CCF80B30DDF884C0DCF803E0DCF80760B5
:1071D000DCF80B3065F38D2ECCF80760CCF803E0BB
:1071E000CCF80B309DF88BB1DDF884C0DCF803E0FF
:1071F000DCF80760DCF80B306BF3020ECCF80760AC
:10720000CCF803E0CCF80B30DDF884C0DCF803E008
:10721000DCF80760DCF80B302EF0380ECCF8076095
:10722000CCF803E0CCF80B30DDF884C0DCF8036068
:10723000DCF807E0DCF80B306AF3090ECCF80360E9
:10724000CCF807E0CCF80B30DDF884C0DCF8036044
:10725000DCF807E0DCF80B3069F3942ECCF803601F
:10726000CCF807E0CCF80B30DDF884C0DCF8036024
:10727000DCF807E0DCF80B304FF4D27B6BF35F5E99
:10728000CCF80360CCF807E0CCF80B30DDF884C014
:10729000DCF803E0DCF80760DCF80B3068F39423DB
:1072A000CCF80760CCF803E0CCF80B30DDF884C0F4
:1072B000DCF803E0DCF80760DCF80B306BF35F53BD
:1072C000CCF80760CCF803E0CCF80B30BDF8883080
:1072D0000F33ADF88830BDF88830184421902198DC
:1072E000332304F0C5FA09990A9A0C98DDF884C092
:1072F000DCF803E0DCF80760DCF80B302EF4707E7D
:10730000CCF80760CCF803E0CCF80B30DDF884C093
:10731000DCF803E0DCF80760DCF80B3065F38D2E59
:10732000CCF80760CCF803E0CCF80B309DF88BB1BB
:10733000DDF884C0DCF803E0DCF80760DCF80B3033
:107340006BF3020ECCF80760CCF803E0CCF80B30FE
:10735000DDF884C0DCF803E0DCF80760DCF80B3013
:107360002EF0380ECCF80760CCF803E0CCF80B30E8
:10737000DDF884C0DCF80360DCF807E0DCF80B30F3
:107380006AF3090ECCF80360CCF807E0CCF80B30B8
:10739000DDF884C0DCF80360DCF807E0DCF80B30D3
:1073A00069F3942ECCF80360CCF807E0CCF80B30EE
:1073B000DDF884C0DCF80360DCF807E0DCF80B30B3
:1073C00067F35F5ECCF80360CCF807E0CCF80B30D5
:1073D000DDF884C0DCF803E0DCF80760DCF80B3093
:1073E00068F39423CCF80760CCF803E0CCF80B30BA
:1073F000DDF884C0DCF803E0DCF80760DCF80B3073
:1074000067F35F53CCF80760CCF803E0CCF80B309F
:10741000BDF888300F33ADF88830BDF88830184497
:1074200021902198342304F023FA0C98DDF82CE005
:10743000219AD2F80330D2F807C0D2F80B1023F407
:107440007073C2F807C0C2F80330C2F80B10219A5B
:10745000D2F80330D2F807C0D2F80B1065F38D23B1
:10746000C2F807C0C2F80330C2F80B109DF88B5168
:10747000219AD2F80330D2F807C0D2F80B1065F386
:107480000203C2F807C0C2F80330C2F80B10219AF9
:10749000D2F80330D2F807C0D2F80B1023F038032B
:1074A000C2F807C0C2F80330C2F80B10219AD2F814
:1074B00003C0D2F80730D2F80B1064F30903C2F806
:1074C00003C0C2F80730C2F80B10219AD2F803C0EB
:1074D000D2F80730D2F80B104FF46D7464F3942394
:1074E000C2F803C0C2F80730C2F80B10219AD2F8D4
:1074F00003C0D2F80730D2F80B106EF35F53C2F816
:1075000003C0C2F80730C2F80B10219AD2F803303A
:10751000D2F807C0D2F80B104FF4737464F39421BF
:10752000C2F807C0C2F80330C2F80B10219AD2F893
:107530000330D2F807C0D2F80B106EF35F51C2F8D7
:1075400007C0C2F80330C2F80B10BDF888100F3125
:10755000ADF88810BDF8881003F012FF0C984FF4B6
:107560008071D9F745F90C980721FCF781FCADF83B
:107570008800BDF8880010B9FFE700F0F4BDBDF841
:1075800088100DF18B000790084421902198542118
:1075900005914B220692352304F06AF90599069A63
:1075A0000798DDF884C0DCF803E0DCF80740DCF87D
:1075B0000B302EF4707ECCF80740CCF803E0CCF80A
:1075C0000B30DDF884C0DCF803E0DCF80750DCF8B1
:1075D0000B30082464F38D2ECCF80750CCF803E070
:1075E000CCF80B309DF88B61DDF884C0DCF803E04B
:1075F000DCF80750DCF80B3066F3020ECCF80750CD
:10760000CCF803E0CCF80B30DDF884C0DCF803E004
:10761000DCF80750DCF80B302EF0380ECCF80750B1
:10762000CCF803E0CCF80B30DDF884C0DCF8035074
:10763000DCF807E0DCF80B304FF0010868F3090EC6
:10764000CCF80350CCF807E0CCF80B30DDF884C060
:10765000DCF80350DCF807E0DCF80B3040F2B93618
:1076600066F3942ECCF80350CCF807E0CCF80B303E
:10767000DDF884C0DCF80350DCF807E0DCF80B3000
:107680004FF4967969F35F5ECCF80350CCF807E0CD
:10769000CCF80B30DDF884C0DCF803E0DCF80750F0
:1076A000DCF80B3040F2C73767F39423CCF807506F
:1076B000CCF803E0CCF80B30DDF884C0DCF803E054
:1076C000DCF80750DCF80B3069F35F53CCF8075057
:1076D000CCF803E0CCF80B30BDF888300F33ADF8B0
:1076E0008830BDF88830184421902198362304F062
:1076F000BFF80599069A0798DDF884C0DCF803E026
:10770000DCF80750DCF80B302EF4707ECCF8075014
:10771000CCF803E0CCF80B30DDF884C0DCF803E0F3
:10772000DCF80750DCF80B3064F38D2ECCF80750F2
:10773000CCF803E0CCF80B309DF88B91DDF884C0D9
:10774000DCF803E0DCF80750DCF80B3069F3020EDC
:10775000CCF80750CCF803E0CCF80B30DDF884C04F
:10776000DCF803E0DCF80750DCF80B302EF0380EC4
:10777000CCF80750CCF803E0CCF80B30DDF884C02F
:10778000DCF80350DCF807E0DCF80B3068F3090E96
:10779000CCF80350CCF807E0CCF80B30DDF884C00F
:1077A000DCF80350DCF807E0DCF80B3066F3942ECD
:1077B000CCF80350CCF807E0CCF80B30DDF884C0EF
:1077C000DCF80350DCF807E0DCF80B304FF482798A
:1077D00069F35F5ECCF80350CCF807E0CCF80B30CF
:1077E000DDF884C0DCF803E0DCF80750DCF80B308F
:1077F00067F39423CCF80750CCF803E0CCF80B30B7
:10780000DDF884C0DCF803E0DCF80750DCF80B306E
:1078100069F35F53CCF80750CCF803E0CCF80B3099
:10782000BDF888300F33ADF88830BDF88830184483
:1078300021902198372304F01BF80599069A0798A0
:10784000DDF884C0DCF803E0DCF80750DCF80B302E
:107850002EF4707ECCF80750CCF803E0CCF80B3057
:10786000DDF884C0DCF803E0DCF80750DCF80B300E
:1078700064F38D2ECCF80750CCF803E0CCF80B3035
:107880009DF88B91DDF884C0DCF803E0DCF807504C
:10789000DCF80B3069F3020ECCF80750CCF803E0AB
:1078A000CCF80B30DDF884C0DCF803E0DCF80750DE
:1078B000DCF80B302EF0380ECCF80750CCF803E093
:1078C000CCF80B30DDF884C0DCF80350DCF807E0BE
:1078D000DCF80B3068F3090ECCF80350CCF807E065
:1078E000CCF80B30DDF884C0DCF80350DCF807E09E
:1078F000DCF80B3066F3942ECCF80350CCF807E09C
:10790000CCF80B30DDF884C0DCF80350DCF807E07D
:10791000DCF80B304FF0DC0969F35F5ECCF8035004
:10792000CCF807E0CCF80B30DDF884C0DCF803E0DD
:10793000DCF80750DCF80B3067F39423CCF80750E1
:10794000CCF803E0CCF80B30DDF884C0DCF803E0C1
:10795000DCF80750DCF80B3069F35F53CCF80750C4
:10796000CCF803E0CCF80B30BDF888300F33ADF81D
:107970008830BDF88830184421902198382303F0CE
:1079800077FF0599069A0798DDF884C0DCF803E0D4
:10799000DCF80750DCF80B302EF4707ECCF8075082
:1079A000CCF803E0CCF80B30DDF884C0DCF803E061
:1079B000DCF80750DCF80B3064F38D2ECCF8075060
:1079C000CCF803E0CCF80B309DF88B91DDF884C047
:1079D000DCF803E0DCF80750DCF80B3069F3020E4A
:1079E000CCF80750CCF803E0CCF80B30DDF884C0BD
:1079F000DCF803E0DCF80750DCF80B302EF0380E32
:107A0000CCF80750CCF803E0CCF80B30DDF884C09C
:107A1000DCF80350DCF807E0DCF80B304FF002092B
:107A2000CDF8209069F3090ECCF80350CCF807E0AC
:107A3000CCF80B30DDF884C0DCF80350DCF807E04C
:107A4000DCF80B3040F2B23969F3942ECCF80350D5
:107A5000CCF807E0CCF80B30DDF884C0DCF803503C
:107A6000DCF807E0DCF80B304FF0B40969F35F5E37
:107A7000CCF80350CCF807E0CCF80B30DDF884C02C
:107A8000DCF803E0DCF80750DCF80B3040F2CE3ACB
:107A90006AF39423CCF80750CCF803E0CCF80B3011
:107AA000DDF884C0DCF803E0DCF80750DCF80B30CC
:107AB00069F35F53CCF80750CCF803E0CCF80B30F7
:107AC000BDF888300F33ADF88830BDF888301844E1
:107AD00021902198392303F0CBFE0599069A079847
:107AE000DDF884C0DCF803E0DCF80750DCF80B308C
:107AF0002EF4707ECCF80750CCF803E0CCF80B30B5
:107B0000DDF884C0DCF803E0DCF80750DCF80B306B
:107B100064F38D2ECCF80750CCF803E0CCF80B3092
:107B20009DF88B91DDF884C0DCF803E0DCF80750A9
:107B3000DCF80B3069F3020ECCF80750CCF803E008
:107B4000CCF80B30DDF884C0DCF803E0DCF807503B
:107B5000DCF80B302EF0380ECCF80750CCF803E0F0
:107B6000CCF80B30DDF884C0DCF80350DCF807E01B
:107B7000DCF80B3068F3090ECCF80350CCF807E0C2
:107B8000CCF80B30DDF884C0DCF80350DCF807E0FB
:107B9000DCF80B3066F3942ECCF80350CCF807E0F9
:107BA000CCF80B30DDF884C0DCF80350DCF807E0DB
:107BB000DCF80B304FF08C0969F35F5ECCF80350B2
:107BC000CCF807E0CCF80B30DDF884C0DCF803E03B
:107BD000DCF80750DCF80B3067F39423CCF807503F
:107BE000CCF803E0CCF80B30DDF884C0DCF803E01F
:107BF000DCF80750DCF80B3069F35F53CCF8075022
:107C0000CCF803E0CCF80B30BDF888300F33ADF87A
:107C10008830BDF88830184421902198412303F022
:107C200027FE0599069A0798DDF884C0DCF803E082
:107C3000DCF80750DCF80B302EF4707ECCF80750DF
:107C4000CCF803E0CCF80B30DDF884C0DCF803E0BE
:107C5000DCF80750DCF80B3064F38D2ECCF80750BD
:107C6000CCF803E0CCF80B309DF88B91DDF884C0A4
:107C7000DCF803E0DCF80750DCF80B3069F3020EA7
:107C8000CCF80750CCF803E0CCF80B30DDF884C01A
:107C9000DCF803E0DCF80750DCF80B302EF0380E8F
:107CA000CCF80750CCF803E0CCF80B30DDF884C0FA
:107CB000DCF80350DCF807E0DCF80B3068F3090E61
:107CC000CCF80350CCF807E0CCF80B30DDF884C0DA
:107CD000DCF80350DCF807E0DCF80B3066F3942E98
:107CE000CCF80350CCF807E0CCF80B30DDF884C0BA
:107CF000DCF80350DCF807E0DCF80B30642666F3B0
:107D00005F5ECCF80350CCF807E0CCF80B30DDF820
:107D100084C0DCF803E0DCF80750DCF80B3067F3D4
:107D20009423CCF80750CCF803E0CCF80B30DDF806
:107D300084C0DCF803E0DCF80750DCF80B3066F3B5
:107D40005F53CCF80750CCF803E0CCF80B30BDF80B
:107D500088300F33ADF88830BDF888301844219052
:107D60002198422303F084FD0798DDF820E0219A52
:107D7000D2F80330D2F807C0D2F80B1023F4707396
:107D8000C2F807C0C2F80330C2F80B10219AD2F82B
:107D90000330D2F807C0D2F80B1064F38D23C2F879
:107DA00007C0C2F80330C2F80B109DF88B41219A2E
:107DB000D2F80330D2F807C0D2F80B1064F30203F4
:107DC000C2F807C0C2F80330C2F80B10219AD2F8EB
:107DD0000330D2F807C0D2F80B1023F03803C2F8F2
:107DE00007C0C2F80330C2F80B10219AD2F803C0C2
:107DF000D2F80730D2F80B106EF30903C2F803C0B3
:107E0000C2F80730C2F80B10219AD2F803C0D2F89A
:107E10000730D2F80B104FF46C7E6EF39423C2F847
:107E200003C0C2F80730C2F80B10219AD2F803C081
:107E3000D2F80730D2F80B104FF03C0E6EF35F53C0
:107E4000C2F803C0C2F80730C2F80B10219AD2F86A
:107E50000330D2F807C0D2F80B104FF4747464F3F7
:107E60009421C2F807C0C2F80330C2F80B10219A5F
:107E7000D2F80330D2F807C0D2F80B106EF35F517E
:107E8000C2F807C0C2F80330C2F80B10BDF8881062
:107E90000F31ADF88810BDF8881003F071FA07981B
:107EA0004FF48071D8F7A4FC07980899FBF7E0FF1E
:107EB000ADF88800BDF8880008B9FFE753E1BDF8C8
:107EC00088100DF18B0003900844219021985421D3
:107ED0000191522202924C2303F0CAFC0199029BA9
:107EE0000398DDF884C0DCF803E0DCF80740DCF838
:107EF0000B202EF4707ECCF80740CCF803E0CCF8D1
:107F00000B20DDF884C0DCF803E0DCF80740DCF887
:107F10000B20062565F38D2ECCF80740CCF803E046
:107F2000CCF80B209DF88B61DDF884C0DCF803E011
:107F3000DCF80740DCF80B2066F3020ECCF80740B3
:107F4000CCF803E0CCF80B20DDF884C0DCF803E0CB
:107F5000DCF80740DCF80B202EF0380ECCF8074098
:107F6000CCF803E0CCF80B20DDF884C0DCF803602B
:107F7000DCF807E0DCF80B20012464F3090ECCF8F0
:107F80000360CCF807E0CCF80B20DDF884C0DCF807
:107F90000360DCF807E0DCF80B204FF4667767F34A
:107FA000942ECCF80360CCF807E0CCF80B20DDF879
:107FB00084C0DCF80360DCF807E0DCF80B204FF449
:107FC000E677049767F35F5ECCF80360CCF807E0D0
:107FD000CCF80B20DDF884C0DCF803E0DCF80760A7
:107FE000DCF80B2040F2622767F39422CCF807609C
:107FF000CCF803E0CCF80B20DDF884C0DCF803E01B
:10800000DCF80760DCF80B206FF35F52CCF80760F8
:10801000CCF803E0CCF80B20BDF888200F32ADF887
:108020008820BDF888201044219021981A4603F03A
:108030001FFC0398DDF810E0219AD2F80330D2F843
:1080400007C0D2F80B1023F47073C2F807C0C2F84F
:108050000330C2F80B10219AD2F80330D2F807C0CF
:10806000D2F80B1065F38D23C2F807C0C2F80330B5
:10807000C2F80B109DF88B51219AD2F80330D2F838
:1080800007C0D2F80B1065F30203C2F807C0C2F8AC
:108090000330C2F80B10219AD2F80330D2F807C08F
:1080A000D2F80B1023F03803C2F807C0C2F803302F
:1080B000C2F80B10219AD2F803C0D2F80730D2F8D8
:1080C0000B1064F30903C2F803C0C2F80730C2F80A
:1080D0000B10219AD2F803C0D2F80730D2F80B1057
:1080E0004FF47A7464F39423C2F803C0C2F80730E3
:1080F000C2F80B10219AD2F803C0D2F80730D2F898
:108100000B106EF35F53C2F803C0C2F80730C2F819
:108110000B10219AD2F80330D2F807C0D2F80B1016
:1081200040F21E5E6EF39421C2F807C0C2F803301D
:10813000C2F80B10219AD2F80330D2F807C0D2F857
:108140000B106FF35F51C2F807C0C2F80330C2F8DA
:108150000B10BDF888100F31ADF88810BDF88810ED
:1081600003F00EF9FFE763B0BDE8F08F00000000F8
:1081700080B5C4B08DF80F010DF10F0001904FF4E0
:108180008071D8F735FB01980521FBF771FEADF83A
:108190000C00BDF80C0008B9FFE74DE0BDF80C106D
:1081A0000DF10F00009008449DF80F1101F0E8FC5C
:1081B0000098BDF80C100F31ADF80C10BDF80C1084
:1081C00008449DF80F1101F05BFB0098BDF80C10FE
:1081D0000F31ADF80C10BDF80C1008449DF80F11CC
:1081E00001F0F2FB0098BDF80C100F31ADF80C1047
:1081F000BDF80C1001440291029A0021C2F80B1044
:10820000916051601160029AD2F80330D2F807C031
:10821000D2F80B1023F00703C2F807C0C2F80330EE
:10822000C2F80B10BDF80C100F31ADF80C10BDF8F2
:108230000C1003F0A5F8FFE744B080BD000000007B
:1082400080B596B08DF857004DF28C30C2F2000028
:1082500080210C91D8F7CCFA0C9944F63460C0F226
:108260000000D8F7C5FA002014901390FFE7139888
:1082700003284CDCFFE7139940F21C00C2F2000017
:1082800000EB811090F83500E0B3FFE74DF28C3041
:10829000C2F20000D8F70EFA12901498B8B9FFE7AE
:1082A00012994DF28C30C2F200000844C1F18001F5
:1082B000139B40F21C02C2F2000202EB83125368CD
:1082C0004FF65612C0F60202D8F7A8F916E0129936
:1082D0004DF28C30C2F200000844C1F18001139BC2
:1082E00040F21C02C2F2000202EB831253684FF606
:1082F0005212C0F60202D8F791F9FFE71498013044
:108300001490FFE7FFE7139801301390AFE79DF853
:108310005700694688614FF448704861322008610F
:108320000120C8600D208860042048600620086095
:108330004DF28C30C2F200000B90462144225223B1
:1083400003F07AF90B988021D8F752FA00201190A7
:108350001090FFE71098012852DCFFE7109800EB1F
:10836000400140F2A060C0F2000000EB0110808DDF
:10837000002840D0FFE74DF28C30C2F20000D8F761
:1083800099F90F901198C8B9FFE70F994DF28C3009
:10839000C2F200000844C1F18001109A02EB4203CE
:1083A00040F2A062C0F2000202EB031293684FF6A3
:1083B0005C12C0F60202D8F731F918E00F994DF2BD
:1083C0008C30C2F200000844C1F18001109A02EB27
:1083D000420340F2A062C0F2000202EB0312936873
:1083E0004FF65212C0F60202D8F718F9FFE71198BB
:1083F00001301190FFE7FFE7109801301090A9E7D6
:1084000040F20070C0F20000407E072823DBFFE747
:108410004DF28C30C2F200000A90D8F74BF90146B9
:108420000A980E910E990844C1F18001DDF844C00C
:108430004FF6BC02C0F602024FF60723C0F6020355
:10844000BCF1000F18BF13464FF63F12C0F60202F0
:10845000D8F7E4F8FFE79DF857006946886140F2D5
:108460000E304861322008610120C8600D2088600C
:1084700004204860072008604DF28C30C2F20000F2
:10848000099046214422522303F0D6F8099880210E
:10849000D8F7AEF940F24C10C2F20000407E072837
:1084A0000CDBFFE74DF28C30C2F200004FF64512B4
:1084B000C0F602028021D8F7B1F8FFE740F2606011
:1084C000C0F2000090F8350010B3FFE74DF28C3099
:1084D000C2F200000890D8F7EDF8014608980D9117
:1084E000DDF834C06044CCF180014FF6BC02C0F628
:1084F00002024FF60723C0F60203BCF1000F18BFBB
:1085000013464FF60312C0F60202D8F787F8FFE7CA
:108510009DF85700694688614FF43F7048613220EA
:1085200008610120C8600D20886004204860082090
:1085300008604DF28C30C2F20000462144225223E2
:1085400003F07AF816B080BD80B5AEB08DF8B700F4
:108550000DF1370002908021D8F74AF9029840F6D1
:108560009521C3F686710B9140F2F051C2F20001E1
:1085700091ED031A9FED8F0A30EE410A9FED8E1A9E
:1085800020EE010A9DED0B2A80EE020A8DED0A0A0B
:1085900091ED030A20EE010A9DED0B1A80EE010A0F
:1085A0008DED090A0A990791099908910221FBF7B3
:1085B0005FFCADF83400BDF8340008B9FFE7F7E020
:1085C00000200690FFE70698012800F3EA80FFE705
:1085D000069907A800EB810090ED000A9FED771A3D
:1085E00020EE010A8DED050A9DED050A06F024F93D
:1085F0009FED731A8DED011A20EE010ABDEEC00A3F
:1086000010EE100A00F5707004909DED050A06F05A
:1086100013FA9DED011A20EE010ABDEEC00A10EE1C
:10862000100A00F507700390BDF834100DF1370003
:1086300008440C900C9806990131CBB24C21492288
:1086400003F016F90C99D1F80320D1F80730D1F8CE
:108650000B004FF0010C6CF38912C1F80730C1F820
:108660000320C1F80B000C99D1F80320D1F8073092
:10867000D1F80B004FF0040C6CF38D22C1F80730D9
:10868000C1F80320C1F80B009DF8B7C00C99D1F8D0
:108690000320D1F80730D1F80B006CF30202C1F8C7
:1086A0000730C1F80320C1F80B000C99D1F8032062
:1086B000D1F80730D1F80B0022F03802C1F80730AA
:1086C000C1F80320C1F80B000C99D1F80330D1F8A0
:1086D0000720D1F80B004FF0030C6CF30902C1F82E
:1086E0000330C1F80720C1F80B000498A0F10A0C70
:1086F0000C99D1F80330D1F80720D1F80B006FF3B3
:10870000DF2C6FF3942242EA8C22C1F80330C1F8C7
:108710000720C1F80B00DDF80CC00C99D1F803302C
:10872000D1F80720D1F80B006FF35F5242EA4C52A8
:10873000C1F80330C1F80720C1F80B00049800F11C
:108740000A0C0C99D1F80320D1F80730D1F80B00AE
:108750006FF3DF2C6FF3942040EA8C20C1F80730D0
:10876000C1F80320C1F80B00DDF80CC00C99D1F85A
:108770000320D1F80730D1F80B006FF35F5040EAC7
:108780004C50C1F80730C1F80320C1F80B00BDF808
:1087900034000F30ADF83400FFE706980130069042
:1087A00011E7BDF834100DF1370002F0E9FDFFE7E5
:1087B0002EB080BD000000800000704239FA8E3C6F
:1087C000000048430000000080B5ECB08DF8AF0118
:1087D0000DF1AF000D904FF48071D8F709F80D98A6
:1087E0000521FBF745FBADF8AC00BDF8AC0008B9BE
:1087F000FFE79CE24FF2A46CC0F6020CDCF800002C
:10880000DCF80410DCF80820DCF80C30DCF810C0D0
:10881000CDF8A4C02893279226912590002024907B
:10882000FFE72498042800F3EA80FFE7249925A8AD
:1088300000EB810090ED000A9FED8E1A20EE010AF8
:108840008DED230A9DED230A05F0F6FF9FED8A1AB0
:108850008DED0C1A20EE010ABDEEC00A10EE100AD2
:1088600000F5707022909DED230A06F0E5F89DED6D
:108870000C1A20EE010ABDEEC00A10EE100A00F537
:1088800007702190BDF8AC100DF1AF0008442A909C
:108890002A9824990131CBB24D21412202F0E8FF00
:1088A0002A99D1F80320D1F80730D1F80B004FF006
:1088B000010C6CF38912C1F80730C1F80320C1F82C
:1088C0000B002A99D1F80320D1F80730D1F80B001A
:1088D0004FF0080C6CF38D22C1F80730C1F803206B
:1088E000C1F80B009DF8AFC12A99D1F80320D1F847
:1088F0000730D1F80B006CF30202C1F80730C1F861
:108900000320C1F80B002A99D1F80320D1F80730D1
:10891000D1F80B0022F03802C1F80730C1F803206B
:10892000C1F80B002A99D1F80330D1F80720D1F80B
:108930000B004FF0030C6CF30902C1F80330C1F8CF
:108940000720C1F80B002298A0F10A0C2A99D1F84F
:108950000330D1F80720D1F80B006FF3DF2C6FF351
:10896000942242EA8C22C1F80330C1F80720C1F8F2
:108970000B00DDF884C02A99D1F80330D1F8072024
:10898000D1F80B006FF35F5242EA4C52C1F803304A
:10899000C1F80720C1F80B00229800F10A0C2A99AF
:1089A000D1F80320D1F80730D1F80B006FF3DF2C9A
:1089B0006FF3942040EA8C20C1F80730C1F80320FF
:1089C000C1F80B00DDF884C02A99D1F80320D1F852
:1089D0000730D1F80B006FF35F5040EA4C50C1F8FC
:1089E0000730C1F80320C1F80B00BDF8AC000F3010
:1089F000ADF8AC00FFE724980130249011E7BDF8F2
:108A0000AC100DF1AF000B9002F0BAFC0B984FF4D4
:108A10008071D7F7EDFE0B980521FBF729FAADF829
:108A2000AC00BDF8AC0008B9FFE780E10020C4F25B
:108A3000701020909DED200AB0EE081A20EE010A79
:108A40008DED1B0A20981C9000201D909DED200AA2
:108A5000B1EE400A8DED1E0A9DED200A20EE410A7E
:108A60008DED1F0A1A90FFE71A98042800F3EF8093
:108A700004E000BF39FA8E3C000048431A991BA855
:108A800000EB810090ED000A9FEDAA1A20EE010A8A
:108A90008DED190A9DED190A05F0CEFE9FEDA61A7F
:108AA0008DED0A1A20EE010ABDEEC00A10EE100A82
:108AB00000F5707018909DED190A05F0BDFF9DED51
:108AC0000A1A20EE010ABDEEC00A10EE100A00F5E7
:108AD00007701790BDF8AC100DF1AF0008442A9054
:108AE0002A981A990131CBB24D21492202F0C0FED9
:108AF0002A99D1F80320D1F80730D1F80B004FF0B4
:108B0000010C6CF38912C1F80730C1F80320C1F8D9
:108B10000B002A99D1F80320D1F80730D1F80B00C7
:108B20004FF0080C6CF38D22C1F80730C1F8032018
:108B3000C1F80B009DF8AFC12A99D1F80320D1F8F4
:108B40000730D1F80B006CF30202C1F80730C1F80E
:108B50000320C1F80B002A99D1F80320D1F807307F
:108B6000D1F80B0022F03802C1F80730C1F8032019
:108B7000C1F80B002A99D1F80330D1F80720D1F8B9
:108B80000B004FF0020C6CF30902C1F80330C1F87E
:108B90000720C1F80B001898A0F1050C2A99D1F80C
:108BA0000330D1F80720D1F80B006FF3DF2C6FF3FF
:108BB000942242EA8C22C1F80330C1F80720C1F8A0
:108BC0000B00DDF85CC02A99D1F80330D1F80720FA
:108BD000D1F80B006FF35F5242EA4C52C1F80330F8
:108BE000C1F80720C1F80B00189800F1050C2A996C
:108BF000D1F80320D1F80730D1F80B006FF3DF2C48
:108C00006FF3942040EA8C20C1F80730C1F80320AC
:108C1000C1F80B00DDF85CC02A99D1F80320D1F827
:108C20000730D1F80B006FF35F5040EA4C50C1F8A9
:108C30000730C1F80320C1F80B00BDF8AC000F30BD
:108C4000ADF8AC00FFE71A9801301A900CE7BDF8B8
:108C5000AC100DF1AF0002F093FB02201690002043
:108C60001590FFE71598042861DCFFE71698C0EB24
:108C7000001043004FF66212C0F6020211A80990DC
:108C80001021D7F7CBFC169801381690159925A816
:108C900000EB810090ED000A9FED261A20EE010AFC
:108CA0008DED100A9DED100A05F0C6FD9FED221A0C
:108CB0008DED081A20EE010ABDEEC00A10EE100A72
:108CC00000F570700F909DED100A05F0B5FE9DED5A
:108CD000081A099820EE010ABDEEC00A10EE101A1B
:108CE00001F507710E91159901310F9A14320E9BFF
:108CF00003F10C0C9DF8AFE16B46C3F818E0C3F824
:108D000014C01A610122DA604FF00F0CC3F808C0DA
:108D10004FF0080CC3F804C01A60CBB24C214122BA
:108D200002F08AFCFFE71598013015909AE76CB0C5
:108D300080BD00BF39FA8E3C0000484300000000AF
:108D400080B58AB08DF827004EF20A20C2F20000EA
:108D5000007801460891032870D80899DFE801F0EF
:108D6000021D38539DF82700694688614FF4397019
:108D70004861322008610220C8600F20886003200B
:108D80004860072008604FF63010C0F602005221FC
:108D90004522562302F050FC6BE09DF827006946FF
:108DA00088614FF439704861322008610220C86040
:108DB0000F20886003204860072008604FF6D90024
:108DC000C0F6020052214522562302F035FC50E045
:108DD0009DF82700694688614FF439704861322058
:108DE00008610220C8600F208860032048600720C7
:108DF00008604FF6E500C0F60200522145225623D6
:108E000002F01AFC35E09DF82700694688614FF4AE
:108E100039704861322008610220C8600F208860E4
:108E200003204860072008604FF61510C0F60200C6
:108E300052214522562302F0FFFB1AE09DF827003D
:108E4000694688614FF43970486132200861022018
:108E5000C8600F20886001204860072008604FF636
:108E6000C700C0F6020052214522562302F0E4FB5F
:108E7000FFE70AB080BD000080B58AB08DF82700FA
:108E80004EF20420C2F2000001684EF26C00C2F201
:108E900000000278D3072422002B18BF1822891A59
:108EA0000891007800F001024FF62D11C0F6020182
:108EB0004FF6FF00C0F60200002A18BF0846032143
:108EC000002A18BF0221089B9DF827C06A46C2F8F5
:108ED00018C04FF4647CC2F814C013610223D3603D
:108EE00014239360516000211160432148224123E3
:108EF00002F0A2FB0AB080BD80B588B08DF81F00DB
:108F000044F62960C0F2000000789DF81F206946F1
:108F10008A6140F252324A614FF41C720A610522A2
:108F2000CA6064228A604860092008604FF6B30076
:108F3000C0F60200572152224E2302F07DFB08B0FA
:108F400080BD00000000000080B58CB08DF82F00BF
:108F500044F62E60C0F2000008900078C2074FF679
:108F60002911C0F602014FF6FB00C0F60200002AEC
:108F700018BF08460A900A98D7F79CFB08998DF805
:108F800027000A980978CA070321002A18BF02217E
:108F90004EF20C22C2F2000212689DF8273003EB59
:108FA0004303A2EB83039DF82FC06A46C2F818C0A2
:108FB0004FF4647CC2F814C013610223D3601423FD
:108FC000936051600421116043214122502302F03B
:108FD00033FB0CB080BD00002DE9F041DCB08DF812
:108FE0006F01ADF86C11BDF86C1100206329C8BF8A
:108FF000012018901898002800F07E81FFE71BA838
:1090000017904FF48071D7F7F3FB17980221FAF706
:109010002FFFADF86A00BDF86A0008B9FFE7A8E3C2
:10902000BDF86A101BA810900844199019984521A2
:10903000149155221592422302F01AFC10981499AB
:10904000159ADDF864C0DCF803E0DCF80740DCF8D2
:109050000B300525139565F3891ECCF80740CCF835
:1090600003E0CCF80B30DDF864C0DCF803E0DCF89A
:109070000740DCF80B302EF4705ECCF80740CCF8DB
:1090800003E0CCF80B309DF86F51DDF864C0DCF8DC
:1090900003E0DCF80740DCF80B3065F3020ECCF897
:1090A0000740CCF803E0CCF80B30DDF864C0DCF806
:1090B00003E0DCF80740DCF80B302EF0380ECCF87B
:1090C0000740CCF803E0CCF80B30DDF864C0DCF8E6
:1090D0000340DCF807E0DCF80B303C2565F3090EB3
:1090E000CCF80340CCF807E0CCF80B30DDF864C0D6
:1090F000DCF80340DCF807E0DCF80B3040F23A75AE
:10910000119565F3942ECCF80340CCF807E0CCF829
:109110000B30DDF864C0DCF80340DCF807E0DCF875
:109120000B3040F2EE2666F35F5ECCF80340CCF8DD
:1091300007E0CCF80B30DDF864C0DCF803E0DCF8C5
:109140000740DCF80B3065F39423CCF80740CCF8EB
:1091500003E0CCF80B30DDF864C0DCF803E0DCF8A9
:109160000740DCF80B304FF4487565F35F53CCF8DB
:109170000740CCF803E0CCF80B30BDF86A300F3371
:10918000ADF86A30BDF86A30184419901998432335
:1091900002F06EFB1098DDF844E0199AD2F8033023
:1091A000D2F807C0D2F80B10062464F38913C2F872
:1091B00007C0C2F80330C2F80B10199AD2F8033076
:1091C000D2F807C0D2F80B100124129464F38D2357
:1091D000C2F807C0C2F80330C2F80B109DF86F4107
:1091E000199AD2F80330D2F807C0D2F80B1064F302
:1091F0000203C2F807C0C2F80330C2F80B10199A74
:10920000D2F80330D2F807C0D2F80B10022416941B
:1092100064F3C503C2F807C0C2F80330C2F80B10EC
:10922000199AD2F803C0D2F80730D2F80B100424F0
:1092300064F30903C2F803C0C2F80730C2F80B1088
:10924000199AD2F803C0D2F80730D2F80B106EF397
:109250009423C2F803C0C2F80730C2F80B10199A61
:10926000D2F803C0D2F80730D2F80B1040F2073E14
:109270006EF35F53C2F803C0C2F80730C2F80B1098
:10928000199AD2F80330D2F807C0D2F80B104FF079
:109290000C0E6EF30901C2F807C0C2F80330C2F821
:1092A0000B10BDF86A100F31ADF86A10BDF86A10E6
:1092B00002F066F8DDF848C013981499159ADDF8A5
:1092C00058E09DF86F416B469C6140F2DA245C6186
:1092D00040F217741C61C3F80CE04FF0140EC3F891
:1092E00008E0C3F804C018604FF6AE00C0F60200F4
:1092F000542302F0A1F93CE21BA80F904FF48071B7
:10930000D7F776FA0F980221FAF7B2FDADF86A00A6
:10931000BDF86A0008B9FFE72BE2BDF86A101BA888
:109320000E9008441990199849210B9154220C92DF
:10933000472302F09DFA0B990C9A0E98DDF864C051
:10934000DCF803E0DCF80740DCF80B30052666F3B8
:10935000891ECCF80740CCF803E0CCF80B30DDF8E0
:1093600064C0DCF803E0DCF80740DCF80B300225D1
:1093700065F38D2ECCF80740CCF803E0CCF80B3029
:109380009DF86F51DDF864C0DCF803E0DCF80740BD
:10939000DCF80B3065F3020ECCF80740CCF803E0A4
:1093A000CCF80B30DDF864C0DCF803E0DCF80740F3
:1093B000DCF80B302EF0380ECCF80740CCF803E088
:1093C000CCF80B30DDF864C0DCF80350DCF807E0C3
:1093D000DCF80B30142464F3090ECCF80350CCF8FD
:1093E00007E0CCF80B30DDF864C0DCF80350DCF8A3
:1093F00007E0DCF80B3040F2267868F3942ECCF8C6
:109400000350CCF807E0CCF80B30DDF864C0DCF892
:109410000370DCF807E0DCF80B3040F2EE2565F372
:109420005F5ECCF80370CCF807E0CCF80B30DDF8C9
:1094300064C0DCF803E0DCF80770DCF80B3068F39C
:109440009423CCF80770CCF803E0CCF80B30DDF8AF
:1094500064C0DCF803E0DCF80770DCF80B304FF494
:109460004878CDF8348068F35F53CCF80770CCF8B7
:1094700003E0CCF80B30BDF86A300F33ADF86A303A
:10948000BDF86A30184419901998572302F0F0F982
:109490000E98DDF834E0199AD2F80330D2F807C0FC
:1094A000D2F80B1066F38913C2F807C0C2F8033074
:1094B000C2F80B10199AD2F80330D2F807C0D2F8CC
:1094C0000B10082666F38D23C2F807C0C2F80330DC
:1094D000C2F80B109DF86F61199AD2F80330D2F8D8
:1094E00007C0D2F80B1066F30203C2F807C0C2F837
:1094F0000330C2F80B10199AD2F80330D2F807C023
:10950000D2F80B1023F03803C2F807C0C2F80330BA
:10951000C2F80B10199AD2F803C0D2F80730D2F86B
:109520000B1064F30903C2F803C0C2F80730C2F895
:109530000B10199AD2F803C0D2F80730D2F80B10EA
:1095400040F23A7464F39423C2F803C0C2F80730BF
:10955000C2F80B10199AD2F803C0D2F80730D2F82B
:109560000B1065F35F53C2F803C0C2F80730C2F8AE
:109570000B10199AD2F80330D2F807C0D2F80B10AA
:1095800064F39421C2F807C0C2F80330C2F80B108C
:10959000199AD2F80330D2F807C0D2F80B106EF344
:1095A0005F51C2F807C0C2F80330C2F80B10BDF813
:1095B0006A100F31ADF86A10BDF86A1001F0E0FED4
:1095C0000E984FF48071D7F713F90E980121FAF72E
:1095D0004FFCADF86A00BDF86A0008B9FFE7C8E0C3
:1095E000BDF86A101BA808900844199019984921E1
:1095F0005422522302F03CF90898199AD2F8033009
:10960000D2F807C0D2F80B104FF0050ECDF828E0C5
:109610006EF38913C2F807C0C2F80330C2F80B100A
:10962000199AD2F80330D2F807C0D2F80B1023F4FD
:109630007053C2F807C0C2F80330C2F80B109DF88F
:109640006FE1199AD2F80330D2F807C0D2F80B10A4
:109650006EF30203C2F807C0C2F80330C2F80B1061
:10966000199AD2F80330D2F807C0D2F80B1023F0C1
:109670003803C2F807C0C2F80330C2F80B10199AB9
:10968000D2F803C0D2F80730D2F80B104FF0140E06
:10969000CDF824E06EF30903C2F803C0C2F8073026
:1096A000C2F80B10199AD2F803C0D2F80730D2F8DA
:1096B0000B1040F24E7E6EF39423C2F803C0C2F842
:1096C0000730C2F80B10199AD2F803C0D2F807304D
:1096D000D2F80B1040F2EE2464F35F53C2F803C0DB
:1096E000C2F80730C2F80B10199AD2F80330D2F83A
:1096F00007C0D2F80B106EF39421C2F807C0C2F86D
:109700000330C2F80B10199AD2F80330D2F807C010
:10971000D2F80B104FF4487E6EF35F51C2F807C0C9
:10972000C2F80330C2F80B10BDF86A100F31ADF863
:109730006A10BDF86A1001F023FE099A0A989DF894
:109740006F3169468B6140F2DA234B6140F2177347
:109750000B610223CB608A6008224A6008604FF6E2
:109760003A10C0F6020053215022512301F064FF49
:10977000FFE75CB0BDE8F08180B58CB08DF82F00BC
:1097800032200A9040F2B220099040F68410C0F2D4
:10979000000000780146089101283CD0FFE70898B6
:1097A00002281ED0FFE7089803284DD1FFE70A984A
:1097B000099A9DF82F3069468B614A610861022041
:1097C000C8600F20886003204860072008604FF6BB
:1097D0004910C0F60200562145224C2301F02CFF0F
:1097E0004CE00A98099A9DF82F3069468B614A61CE
:1097F00008610220C8600F208860012048600720AF
:1098000008604FF6D000C0F60200562145224C23D6
:1098100001F012FF32E00A98099A9DF82F3069464C
:109820008B614A6108610220C8600F228A6048602B
:10983000072008604FF60B10C0F6020056214522A3
:109840004C2301F0F9FE19E00A98099A9DF82F308F
:1098500069468B614A6108610220C8600F208860F8
:1098600003204860072008604FF6BE00C0F60200E3
:10987000562145224C2301F0DFFEFFE70CB080BDEE
:1098800080B582B001908DF80310019842224F23D9
:10989000114601F0EDFF0199D1F80320D1F807300E
:1098A000D1F80B004FF0030C6CF38912C1F80730AC
:1098B000C1F80320C1F80B000199D1F80320D1F8B9
:1098C0000730D1F80B004FF0080E6EF38D22C1F86F
:1098D0000730C1F80320C1F80B009DF803E001999F
:1098E000D1F80320D1F80730D1F80B006EF3020253
:1098F000C1F80730C1F80320C1F80B000199D1F875
:109900000320D1F80730D1F80B004FF0010E6EF3B1
:10991000C502C1F80730C1F80320C1F80B00019956
:10992000D1F80330D1F80720D1F80B006CF309020D
:10993000C1F80330C1F80720C1F80B000199D1F834
:109940000330D1F80720D1F80B0040F2537C6CF3C0
:109950009422C1F80330C1F80720C1F80B00019927
:10996000D1F80330D1F80720D1F80B004FF4AF7CC9
:109970006CF35F52C1F80330C1F80720C1F80B0047
:109980000199D1F80320D1F80730D1F80B0040F24B
:10999000717C6CF39420C1F80730C1F80320C1F842
:1099A0000B000199D1F80320D1F80730D1F80B0052
:1099B0004FF42F7C6CF35F50C1F80730C1F80320DF
:1099C000C1F80B0002B080BD80B584B003908DF863
:1099D0000B1040F63830C0F20000B0F87200ADF85D
:1099E0000800BDF80800152804DBFFE71420ADF8D7
:1099F0000800FFE7BDF808004FF4AF7148434CF68C
:109A0000CD41C0F6CC41A0FB0110019002208DF8A1
:109A10000300BDF80800042804DCFFE704208DF8EB
:109A2000030009E0BDF80800092804DCFFE7012075
:109A30008DF80300FFE7FFE7039842224C2311460D
:109A400001F016FF0399D1F80320D1F80730D1F8BF
:109A50000B004FF0030C6CF38912C1F80730C1F80A
:109A60000320C1F80B009DF803C00399D1F803202F
:109A7000D1F80730D1F80B000CF00F0C22F4705223
:109A800042EA8C22C1F80730C1F80320C1F80B006C
:109A90009DF80BC00399D1F80320D1F80730D1F815
:109AA0000B006CF30202C1F80730C1F80320C1F8C3
:109AB0000B000399D1F80320D1F80730D1F80B003F
:109AC00022F03802C1F80730C1F80320C1F80B00BA
:109AD0000399D1F80330D1F80720D1F80B004FF0EB
:109AE000140C6CF30902C1F80330C1F80720C1F867
:109AF0000B000399D1F80330D1F80720D1F80B00FF
:109B000040F2627C6CF39422C1F80330C1F8072064
:109B1000C1F80B000399D1F80330D1F80720D1F830
:109B20000B0040F25F1E6EF35F52C1F80330C1F8C4
:109B30000720C1F80B000399D1F80320D1F80730B2
:109B4000D1F80B006CF39420C1F80730C1F8032062
:109B5000C1F80B00019800F25F1C0399D1F80320B3
:109B6000D1F80730D1F80B006FF35F5040EA4C504A
:109B7000C1F80730C1F80320C1F80B0004B080BD64
:109B800080B588B007908DF81B10079850214922A6
:109B9000542301F06DFE0799D1F80320D1F8073066
:109BA000D1F80B004FF0010C6CF38912C1F80730AB
:109BB000C1F80320C1F80B000799D1F80320D1F8B0
:109BC0000730D1F80B004FF0020C6CF38D22C1F876
:109BD0000730C1F80320C1F80B009DF81BC007999E
:109BE000D1F80320D1F80730D1F80B006CF3020252
:109BF000C1F80730C1F80320C1F80B000799D1F86C
:109C00000320D1F80730D1F80B0022F03802C1F858
:109C10000730C1F80320C1F80B000799D1F80330D1
:109C2000D1F80720D1F80B004FF0050C6CF30902B6
:109C3000C1F80330C1F80720C1F80B0040F2F05022
:109C4000C2F2000090ED030A30EE000A8DED050A25
:109C50009DED050A9FED3D1A8DED011A20EE010ADA
:109C600004F0EAFD9DED011A9FED392A8DED022ADF
:109C700020EE020ABDEEC00A10EE100A00F5707068
:109C800004909DED050A20EE010A04F0D5FE9DED3D
:109C9000021A20EE010ABDEEC00A10EE100A00F50D
:109CA000077003900498A0F10A0C0799D1F80330CB
:109CB000D1F80720D1F80B006FF3DF2C6FF394225B
:109CC00042EA8C22C1F80330C1F80720C1F80B002A
:109CD000DDF80CC00799D1F80330D1F80720D1F88E
:109CE0000B006FF35F5242EA4C52C1F80330C1F8E7
:109CF0000720C1F80B00049800F10A0C0799D1F86D
:109D00000320D1F80730D1F80B006FF3DF2C6FF38D
:109D1000942040EA8C20C1F80730C1F80320C1F834
:109D20000B00DDF80CC00799D1F80320D1F80730FB
:109D3000D1F80B006FF35F5040EA4C50C1F8073088
:109D4000C1F80320C1F80B0008B080BD39FA8E3C81
:109D5000000048430000000086B08DED050ACDEDFF
:109D6000040A8DED031A02909DED030A9DED041A7D
:109D700030EE410A8DED010A049800909DED050A30
:109D80009DED001A30EE410A029901208840013809
:109D900001EE100AB8EEC11A20EE010A9DED011A7B
:109DA00080EE010ABDEEC00A10EE100A06B0704740
:109DB00086B08DED050ACDED040A8DED031A0290F3
:109DC0009DED030A9DED041A30EE410A8DED010A66
:109DD000049800909DED050A9DED001A30EE410AB1
:109DE000029901208840013801EE100AB8EEC11A2C
:109DF00020EE010A9DED011A80EE010ABDEEC00AB7
:109E000010EE100A06B0704781B0EFF305800090A5
:109E10000098002818BF012001B070470000000022
:109E200081B0ADF8000040F61C30C0F20000408B5D
:109E3000BDF80010084204D0FFE701208DF80300B0
:109E400003E000208DF80300FFE79DF8030001B058
:109E5000704700000000000084B003908DED020AFE
:109E6000CDED010A039890ED000A9DED021A30EE47
:109E7000410A8DED000A9DED000A9DED011AB4EE38
:109E8000410AF1EE10FA0ADDFFE79DED020A9DEDB1
:109E9000011A30EE010A039880ED000AFFE79DEDFC
:109EA000000A9DED011AB1EE411AB4EE410AF1EE3D
:109EB00010FA0ADAFFE79DED020A9DED011A30EE75
:109EC000410A039880ED000AFFE704B070470000E4
:109ED00080B586B000200290EBF7EAFC4EF61450F5
:109EE000CEF2000000688003002801D5FFE71AE0E9
:109EF000BFF34F8FBFF36F8F4EF65071CEF200015C
:109F000000200860BFF34F8FBFF36F8F4EF61451E0
:109F1000CEF20001086840F400300860BFF34F8FB4
:109F2000BFF36F8FFFE74EF61450CEF200000068CB
:109F3000C003002801D5FFE73CE04EF68451CEF285
:109F4000000100200860BFF34F8F4EF68050CEF224
:109F50000000006805900598C0F34E300490FFE7BC
:109F60000598C0F3C9000390FFE7049903988007A0
:109F700061F34D104EF66071CEF200010860039857
:109F8000411E03910028F0D1FFE70498411E04917F
:109F90000028E5D1FFE7BFF34F8F4EF61451CEF204
:109FA0000001086840F480300860BFF34F8FBFF3B2
:109FB0006F8FFFE7E2F7F0F9F0F7CEF9EDF7F4F87D
:109FC000EBF7EEFFEBF784FDEBF766FDEBF750FEEA
:109FD000EBF78AFEECF7BCF9ECF7BEF8ECF748F9C2
:109FE000ECF706FAECF794FAECF7DAFAECF724FB64
:109FF000ECF746FAEBF7B8FEEBF7FAFCEBF788FC68
:10A00000ECF76EF8ECF7E0F8EBF73EFC40F60000FA
:10A01000C5F6020000904FF4005101220192E2F7D0
:10A0200017F80098019A4FF48041E2F711F8EBF726
:10A03000D7FE00F0DDF9FFE7FEE7000000000000BA
:10A0400082B0ADF8060000200090BDF9060084281B
:10A0500007D0FFE7BDF906000099084403300090DF
:10A06000FFE7009802B0704781B0ADF80200BDF87C
:10A07000020038B9FFE74DF20C41C2F200010020A6
:10A08000088019E0BDF8020063280ADCFFE7BDF88C
:10A09000020000F580704DF20C41C2F20001088010
:10A0A00009E0BDF8020000F580704DF20C41C2F2EB
:10A0B00000010880FFE7FFE701B0704700000000E3
:10A0C00083B08DED020ACDED010A9DED020A9DEDF2
:10A0D000011AB4EE410AF1EE10FA05DBFFE79DED3F
:10A0E000020A8DED000A04E09DED010A8DED000AE3
:10A0F000FFE79DED000A03B070470000000000007C
:10A1000086B08DED050ACDED040A8DED031A9DEDA7
:10A11000050A9DED041AB4EE410AF1EE10FA07DDCE
:10A12000FFE7059802900498059002980490FFE7D5
:10A130009DED040A9DED031AB4EE410AF1EE10FA0A
:10A1400007DDFFE7049801900398049001980390BD
:10A15000FFE79DED050A9DED041AB4EE410AF1EE0C
:10A1600010FA07DDFFE70598009004980590009825
:10A170000490FFE79DED040A06B070470000000060
:10A1800083B08DED020ACDED010A9DED020A9DED31
:10A19000011AB4EE410AF1EE10FA05DCFFE79DED7D
:10A1A000020A8DED000A04E09DED010A8DED000A22
:10A1B000FFE79DED000A03B07047000000000000BB
:10A1C00085B08DED030ACDED020A9DED030A9DEDEC
:10A1D000021AB4EE410AF1EE10FA03D1FFE7039838
:10A1E0000490BBE09DED030AB7EEC00AB0EEC00BD1
:10A1F0009FED5D1B80EE010BBCEEC00B8DED010AE7
:10A200009DED030A5AA000F10801B5EE400AF1EEF7
:10A2100010FAC8BF084690ED001B9DED012AB8EE6C
:10A22000422BB7EEC00AA1EE020BB7EEC00B8DEDCC
:10A23000030A9DED030AB7EEC00A9FED511BB4EE71
:10A24000410BF1EE10FA0DDDFFE79DED030AB7EECD
:10A25000C00A9FED4F1B30EE010BB7EEC00B8DED2A
:10A26000030A19E09DED030AB7EEC00A9FED461BF5
:10A27000B4EE410BF1EE10FA0DDAFFE79DED030AA3
:10A28000B7EEC00A9FED381B30EE010BB7EEC00BE6
:10A290008DED030AFFE7FFE79DED020AB7EEC00A66
:10A2A000B0EEC00B9FED301B80EE010BBCEEC00B7F
:10A2B0008DED000A9DED030A9DED021A2CA000F120
:10A2C0000801B4EE410AF1EE10FAC8BF084690ED5D
:10A2D000001B9DED002AB8EE422BB7EEC00AA1EE9E
:10A2E000020BB7EEC00B8DED030A9DED030A9DED49
:10A2F000021A30EE410AB7EEC00AB0EEC00B9FED75
:10A30000201BB4EE410BF1EE10FA03DCFFE70398DB
:10A31000049023E09DED030A9DED021AB4EE410A7C
:10A32000F1EE10FA0DDAFFE79DED030AB7EEC00A71
:10A330009FED0D1B30EE010BB7EEC00B8DED040A47
:10A340000CE09DED030AB7EEC00A9FED111B30EE45
:10A35000010BB7EEC00B8DED040AFFE79DED040A7B
:10A3600005B0704700BF00BF44174154FB2119409E
:10A3700044174154FB21194044174154FB2119C093
:10A3800044174154FB21094044174154FB2109C0A3
:10A3900044174154FB2119C080B584B00390039841
:10A3A0000290029818B1FFE70298019002E00120A4
:10A3B0000190FFE7019801F06BFE002004B080BD22
:10A3C00080B586B00590049104980390059802909A
:10A3D000039818B1FFE70398019002E00120019073
:10A3E000FFE70298019901F08FFE002006B080BDC2
:10A3F00080B502F005F8002080BD000000000000DC
:10A4000080B582B0FFF700FD20B1FFE703F008F848
:10A41000019003E002F0F8FF0190FFE7019802B01D
:10A4200080BD00000000000080B586B0049003915C
:10A430000498406898B1FFE7039801280CD1FFE722
:10A4400004984368694603200860012000221146F1
:10A4500002F0E6F905901CE00020059019E0039851
:10A46000012813D1FFE701200021032202F09CF90B
:10A470000290029838B1FFE70298002319461A4665
:10A4800002F0B6FAFFE70298059002E0002005907E
:10A49000FFE7059806B080BD80B584B0029000202B
:10A4A00001900090FFF7B0FCD0B1FFE70298694639
:10A4B00002F0DEFB012803D0FFE7FF2003901FE03E
:10A4C000009860B1FFE74EF60451CEF200014FF064
:10A4D00080500860BFF34F8FBFF36F8FFFE70CE032
:10A4E0000298002319461A4602F082FA012803D086
:10A4F000FFE7FF200190FFE7FFE701980390FFE7E8
:10A50000039804B080BD000080B586B0049003912C
:10A5100000200190049818B9FFE78020059043E0DF
:10A52000002002900398013020B9FFE74FF0FF3080
:10A5300002900CE0039848B1FFE70398029002985C
:10A5400018B9FFE701200290FFE7FFE7FFE7FFF7F9
:10A550005BFCD8B1FFE70498002101AA02F02CFCB3
:10A56000012803D0FFE7FF2005901DE0019860B1AE
:10A57000FFE74EF60451CEF200014FF08050086024
:10A58000BFF34F8FBFF36F8FFFE70AE00498029984
:10A5900002F0B2FC012803D0FFE7FF20059003E0A2
:10A5A000FFE700200590FFE7059806B080BD00009A
:10A5B000B0B590B00E900D910E98406938B3FFE79A
:10A5C0000E98806918B3FFE70E98016808914168FA
:10A5D0000B91016909910D990A91B0F90800FFF7F3
:10A5E0002FFD0899099A0A9B84460B98DDF838E0FC
:10A5F000DEF81440DEF81850EE46CEF80850CEF8DB
:10A600000440CEF800C002F07BFE0C9020E00E98D3
:10A610000168049141680791018A05910D9906919D
:10A62000B0F90800FFF70CFD0499059A069B8446D3
:10A630000798EE460CACCEF80440CEF800C002F00D
:10A640000FFE012803D0FFE700200F9003E0FFE793
:10A650000C980F90FFE70F9810B0B0BD00000000FD
:10A6600082B040F63830C0F20000B0F84E00ADF8CD
:10A670000600BDF80600652804DBFFE76420ADF89E
:10A680000600FFE7BDF806003C2810DCFFE7BDF838
:10A69000060000EE100AB8EEC00A9FED1C1A20EE6C
:10A6A000010ABCEEC00A10EE100A009003E0BDF8EB
:10A6B00006000090FFE70098ADF80400BDF8040024
:10A6C000652804DBFFE76420ADF80400FFE79DF890
:10A6D000040040F27031C2F20001087040F61C30F4
:10A6E000C0F20000C17EC1F3401144F62E62C0F2F8
:10A6F00000021170C07D002818BF01204DF25131B9
:10A70000C2F20001087002B0704700BFE17AD43F86
:10A7100080B584B00390029144F63C70C0F2000012
:10A72000006800904EF25810C2F200000068043039
:10A7300001F0BEFA88B9FFE74EF25810C2F20000ED
:10A740000068C16A012000FA01F244F6E061C0F23B
:10A75000000108689043086000E0FFE703980130BB
:10A7600080B9FFE7029868B1FFE74EF25810C2F2D5
:10A7700000000068011D44F62870C0F2000001F0DE
:10A7800037FB3DE0009803990844019001984EF290
:10A790005811C2F200010968486001980099884286
:10A7A0000ED2FFE744F60460C0F2000000684EF2EB
:10A7B0005811C2F200010968043101F0E1FA1EE00B
:10A7C0004EF25C10C2F2000000684EF25811C2F264
:10A7D00000010968043101F0D3FA019844F61871B8
:10A7E000C0F200010968884207D2FFE7019844F6E9
:10A7F0001871C0F20001086000E0FFE7FFE7FFE723
:10A8000004B080BD0000000080B582B0019001F06E
:10A810001BFB41F63861C2F2010108680130086093
:10A820004EF25810C2F20000006898B9FFE7019894
:10A830004EF25811C2F20001086041F63860C2F2CF
:10A8400001000068012803D1FFE700F0C1FA00E031
:10A85000FFE71CE044F62470C0F200000068A0B9D5
:10A86000FFE74EF25810C2F200000068C06A01997A
:10A87000C96A884207D8FFE701984EF25811C2F220
:10A880000001086000E0FFE700E0FFE7FFE741F6B6
:10A890004060C2F201000168013101600068019965
:10A8A0008867019890B1FFE70198EEF799FD01984C
:10A8B00000F13401D0F800C0C26A036BACEB030CAA
:10A8C000EE46CEF800C0EFF79BFCFFE70198EEF7ED
:10A8D00007FE0198C16A012000FA01F244F6E06126
:10A8E000C0F200010868104308600199C86A00EBD3
:10A8F00080024EF26010C2F2000000EB82000431D0
:10A9000001F076FA01F0CCFA44F62470C0F20000AF
:10A910000068C8B1FFE74EF25810C2F200000068AC
:10A92000C06A0199C96A88420CD2FFE74EF6045109
:10A93000CEF200014FF080500860BFF34F8FBFF39D
:10A940006F8F00E0FFE700E0FFE702B080BD00008E
:10A9500080B582B0FFE744F6DC60C0F2000000681A
:10A9600008B3FFE701F070FA42F63070C2F201005E
:10A97000C068C06801900198043001F099F941F66F
:10A980003861C2F2010108680138086044F6DC61F0
:10A99000C0F2000108680138086001F081FA0198EE
:10A9A00000F092F8D7E702B080BD00000000000080
:10A9B00080B582B0019000910198006CB8B1FFE7BA
:10A9C0000199C8680A6C1044C86001988168C06821
:10A9D000884204D3FFE701990868C86000E0FFE7F8
:10A9E0000098019AD168126CD5F783FEFFE702B098
:10A9F00080BD00000000000080B586B00590049185
:10AA00000392002002900598806B01900598006CDD
:10AA100078B9FFE70598006848B9FFE705988068AE
:10AA200002F0EEFD029005990020886000E0FFE74B
:10AA300041E00398B8B9FFE7059A04995068126C91
:10AA4000D5F757FE059948680A6C10444860059987
:10AA500048688968884204D3FFE705990868486018
:10AA600000E0FFE726E0059A0499D068126CD5F75C
:10AA700040FE0599C8680A6C801AC860059801688C
:10AA8000C068884206D2FFE7059988680A6C801A78
:10AA9000C86000E0FFE70398022809D1FFE70198AA
:10AAA00020B1FFE701980138019000E0FFE700E0E6
:10AAB000FFE7FFE7FFE701980130059988630298F7
:10AAC00006B080BD0000000080B582B00090009804
:10AAD00090F88D0040B9FFE70098006B01F008FA8C
:10AAE000009801F005FA1CE0009890F88D0001280C
:10AAF00004D1FFE7009801F0FBF911E0009890F80D
:10AB00008D0002280BD0FFE74FF0500080F3118832
:10AB1000BFF36F8FBFF34F8F0190FFE7FEE7FFE7B3
:10AB2000FFE702B080BD000082B001900198406A4A
:10AB300038B1FFE70198006B0068C0F10700009092
:10AB400002E000200090FFE7009802B0704700008C
:10AB500084B04FF4705000904EF23020C2F20000EA
:10AB600001909DF80400400788B1FFE70198073085
:10AB70000190019820F007000190019A4EF23021D7
:10AB8000C2F200010098891A08440090FFE701987A
:10AB90000290029942F62870C2F201000160002181
:10ABA00041600298009A1044019001980838019081
:10ABB000019820F007000190019A44F60060C0F26D
:10ABC00000000260026851600268116002990391FE
:10ABD0000199039A891A51600068039908600398E3
:10ABE000406842F60871C2F20101086003984068AB
:10ABF00044F61471C0F20001086041F65C61C2F2D3
:10AC000001014FF00040086004B0704700000000F0
:10AC100080B582B00190FFE7FFF79AFE4EF2601018
:10AC2000C2F20000006802280CD3FFE74EF6045180
:10AC3000CEF200014FF080500860BFF34F8FBFF39A
:10AC40006F8F00E0FFE7E7E780B584B0DDF818C05C
:10AC50000390029101928DF80330029818B9FFE732
:10AC60000698006003E0019806990860FFE70398E2
:10AC70000699C8630298069908640698012101F0B4
:10AC800057FE9DF80300069981F84C000399029A3B
:10AC90009DF803307320EEF723FD04B080BD000063
:10ACA00080B588B0DDF834C0DDF830C0DDF82CC0E8
:10ACB000DDF828C006900591049203930C98006B70
:10ACC00004998900A522D5F78BFD0C98006B049997
:10ACD00000EB810004380290029820F007000290F7
:10ACE0009DF80800400758B1FFE74FF0500080F38F
:10ACF0001188BFF36F8FBFF34F8F0790FFE7FEE719
:10AD000002980C9948670598F8B1FFE70020019078
:10AD1000FFE701983F2813D8FFE70598019A805C68
:10AD20000C99114481F8340005980199405C08B9E8
:10AD3000FFE705E0FFE7FFE7019801300190E8E752
:10AD40000C99002081F8730004E00C99002081F830
:10AD50003400FFE70A98072803D3FFE706200A908C
:10AD600000E0FFE70A980C99C8620A980C99C1F8AC
:10AD700080000C9900200090C1F884000C980430E9
:10AD800000F0F6FF0C98183000F0F2FF00980C99D4
:10AD900009610A99C1F107010C9A91610C99496204
:10ADA0000C99C1F888000C9981F88C0002980699DA
:10ADB000039A00F0B5FA0C9908600B9820B1FFE7F0
:10ADC0000C980B99086000E0FFE708B080BD000018
:10ADD00080B584B000200390FFE70398062810D8C0
:10ADE000FFE7039800EB80014EF26010C2F2000012
:10ADF00000EB810000F0A4FFFFE70398013003900F
:10AE0000EBE744F60070C0F20000019000F098FFFC
:10AE100041F66060C2F20100029000F091FF42F63C
:10AE20001470C2F2010000F08BFF42F63070C2F2E3
:10AE3000010000F085FF44F62870C0F2000000F029
:10AE40007FFF019902984EF25C12C2F2000211607B
:10AE500044F60461C0F20001086004B080BD000047
:10AE600083B0029042F62870C2F201000190FFE721
:10AE7000019800680299884205D2FFE7FFE7019830
:10AE800000680190F4E701980090009801994968E2
:10AE900008440299884209D1FFE702984268019963
:10AEA0004868104448600198029000E0FFE702986B
:10AEB00000900098029949680844019909688842FD
:10AEC00020D1FFE70198006844F60061C0F200015C
:10AED000096888420DD0FFE701980068426802992E
:10AEE000486810444860019800680068029908604A
:10AEF00007E044F60060C0F20000006802990860B4
:10AF0000FFE704E00198006802990860FFE70198F4
:10AF10000299884204D0FFE702980199086000E096
:10AF2000FFE703B07047000080B582B0019000F0E9
:10AF30008BFF0198806B18B9FFE70120009002E0B9
:10AF400000200090FFE700F0ABFF009802B080BD4A
:10AF500080B582B0019000F077FF0198806B019975
:10AF6000C96B884203D1FFE70120009002E0002076
:10AF70000090FFE700F094FF009802B080BD000051
:10AF800008480068006880F308884FF0000080F3EC
:10AF9000148862B661B6BFF34F8FBFF36F8F00DFC7
:10AFA00000BF000008ED00E081B04EF25C10C2F27C
:10AFB00000000068006840B9FFE744F61871C0F26D
:10AFC00000014FF0FF3008600FE04EF25C10C2F25B
:10AFD00000000068C068C06800900098406844F6AF
:10AFE0001871C0F200010860FFE701B0704700006F
:10AFF00083B00020009040F2E840C2F200000068F8
:10B00000013058B1FFE74FF0500080F31188BFF3D3
:10B010006F8FBFF34F8F0290FFE7FEE74FF05000B6
:10B0200080F31188BFF36F8FBFF34F8F0190FFE75D
:10B03000009808B9FFE7FBE703B070470000000085
:10B0400080B582B0019000F0FFFE019890F84500B5
:10B050008DF80300FFE79DF90300012816DBFFE7E9
:10B060000198406A58B1FFE70198243002F0FCFBD8
:10B0700018B1FFE701F0ECF800E0FFE700E005E0C1
:10B080009DF8030001388DF80300E4E70199FF20E3
:10B0900081F8450000F004FF00F0D6FE019890F81A
:10B0A00044008DF80200FFE79DF90200012816DB3D
:10B0B000FFE70198006980B1FFE70198103002F0C6
:10B0C000D3FB18B1FFE701F0C3F800E0FFE79DF8FC
:10B0D000020001388DF8020000E000E0E4E7019989
:10B0E000FF2081F8440000F0DBFE02B080BD0000CC
:10B0F00080B58AB006900020029001F001FA44F673
:10B100000060C0F20000006818B9FFE7FFF720FDFB
:10B1100000E0FFE7069841F65C61C2F201010968B0
:10B12000084240F0C580FFE7069800B3FFE70698A5
:10B13000083006909DF818004007B0B1FFE7069868
:10B1400020F00700083006909DF81800400758B11D
:10B15000FFE74FF0500080F31188BFF36F8FBFF30C
:10B160004F8F0990FFE7FEE700E0FFE700E0FFE711
:10B170000698002800F09A80FFE7069844F61471BC
:10B18000C0F200010968884200F29080FFE742F6B1
:10B190002870C2F20100049000680590FFE705984E
:10B1A0004168069A00209142019007D2FFE7059876
:10B1B0000068002818BF01200190FFE70198C00730
:10B1C00030B1FFE705980490059800680590E6E720
:10B1D000059844F60061C0F200010968884263D016
:10B1E000FFE7049800680830029005980068049909
:10B1F0000860059840680699401A112821D3FFE796
:10B2000005980699084403909DF80C00400758B132
:10B21000FFE74FF0500080F31188BFF36F8FBFF34B
:10B220004F8F0890FFE7FEE7059840680699401A9F
:10B23000039948600698059948600398FFF710FE47
:10B2400000E0FFE70598426844F61470C0F2000081
:10B250000168891A0160006842F60871C2F20101B2
:10B26000096888420BD2FFE744F61470C0F2000070
:10B27000006842F60871C2F20101086000E0FFE7D1
:10B2800041F65C60C2F2010002680599486810430B
:10B29000486005990020086044F61C71C0F2000166
:10B2A00008680130086000E0FFE700E0FFE700E029
:10B2B000FFE702F03DFB029818B9FFE700F034FD0C
:10B2C00000E0FFE79DF80800400758B1FFE74FF0A6
:10B2D000500080F31188BFF36F8FBFF34F8F07903B
:10B2E000FFE7FEE702980AB080BD00000000000002
:10B2F0004EF25810C2F20000006858B1FFE74EF25B
:10B300005810C2F200000168D1F884000130C1F881
:10B310008400FFE74EF25810C2F200000068704748
:10B3200083B0029001910092029804380290029931
:10B330004FF080700860029804380290019820F065
:10B3400001000299086002980438029002994AF6B6
:10B35000F170C0F60200086002981438029000985C
:10B360000299086002980438029002996FF0020076
:10B370000860029820380290029803B070470000DD
:10B3800080B58CB00790ADF81A10BDF81A000230E5
:10B39000ADF81800BDF81800B0F5007F01D9FFE73F
:10B3A000BCE04DF20C40C2F20000008808B9FFE793
:10B3B000B4E041F63060C2F2010000684FF0FF31A6
:10B3C000FFF7A2F80798059044F2C812C0F20002F5
:10B3D0001078411C11700599C87007980521D6F79F
:10B3E00067FE0798BDF81810D6F736FE4DF6B06028
:10B3F000C2F20000D0F88800E0280CD1FFE74DF63B
:10B40000B060C2F200000390E7F7F2FE039920203B
:10B41000C1F88800FFE7FFE744F6D060C0F2000003
:10B4200000680021FFF770F808B9FFE7F4E7079913
:10B43000BDF8182040F20000C0F200000290D5F7DD
:10B4400058F90299BDF818001F3020F01F00049031
:10B4500004980B910A900A98012820DBFFE70A98CC
:10B460000B9901F01F01084409900B980890BFF355
:10B470004F8FFFE708984EF66871CEF20001086022
:10B4800008982030089009982038099009980028D9
:10B49000F0DCFFE7BFF34F8FBFF36F8FFFE7BDF81F
:10B4A00018204DF6B060C2F2000040F20001C0F278
:10B4B0000001E8F7B9FEF0B9FFE744F6D060C0F24A
:10B4C000000000686421FFF71FF860B1FFE74DF648
:10B4D000B060C2F200000190E7F78AFE01992020D7
:10B4E000C1F88800FFE744F6CC61C0F200010868AB
:10B4F0000130086007E04DF6B061C2F20001202083
:10B50000C1F88800FFE741F63060C2F20100006830
:10B51000FEF7C2FF6E20FEF73FFFFFE70CB080BDD5
:10B5200080B5F7F72DFD4EF20921C2F20001087037
:10B53000F7F716FC44F62B61C0F200010870F7F72C
:10B54000B3FC4EF20821C2F200010870F7F7FCFECE
:10B5500044F62D61C0F200010870F7F779FD4EF254
:10B560000A21C2F200010870F7F7E2FC44F62C61F0
:10B57000C0F20001087080BD82B001908DED000A1C
:10B580009DED000AB7EEC00AB0EEC00BB7EEC00BDF
:10B590008DED000A019890ED000A9DED001AB4EEC1
:10B5A000410AF1EE10FA04DDFFE700980199086006
:10B5B00015E0019890ED000A9DED001AB1EE411AD8
:10B5C000B4EE410AF1EE10FA08DAFFE79DED000A49
:10B5D000B1EE400A019880ED000AFFE7FFE702B0F4
:10B5E000704700000000000083B002908DED010A5A
:10B5F000CDED000A029890ED000A9DED011AB4EE1F
:10B60000410AF1EE10FA04DAFFE7019802990860A6
:10B61000FFE7029890ED000A9DED001AB4EE410A92
:10B62000F1EE10FA04DDFFE7009802990860FFE7E9
:10B6300003B0704700000000F0B5B1B09E4614465C
:10B640000D4606463C983B993A993999389A379B6A
:10B65000DDF8D8C030968DF8BF508DF8BE408DF81B
:10B66000BDE08DF8BCC08DF8BB308DF8BA208DF8E8
:10B67000B9108DF8B8000EA803908021D5F7B8F85E
:10B680000020ADF834000C900B900A9009900890BF
:10B6900007900690309B4FF66512C0F6020206A88E
:10B6A00001901E210291D4F7B9FF014603988DF84D
:10B6B0001710F8F7B1FB01460398ADF81410BDF868
:10B6C00014100844049004989DF8BF109DF8BE2003
:10B6D0009DF8BD3000F0CCF80199029A03989DF8CE
:10B6E000BC50DDF810C0DCF803E0DCF80740DCF803
:10B6F0000B3005F00F052EF4707E4EEA851ECCF857
:10B700000740CCF803E0CCF80B309DF8BB50DDF8D7
:10B7100010C0DCF803E0DCF80740DCF80B3005F083
:10B720000F052EF4705E4EEA852ECCF80740CCF85B
:10B7300003E0CCF80B309DF8B850DDF810C0DCF811
:10B7400003E0DCF80740DCF80B3065F3020ECCF8C0
:10B750000740CCF803E0CCF80B30DDF810C0DCF883
:10B7600003E0DCF80740DCF80B304EF0380ECCF884
:10B770000740CCF803E0CCF80B309DF8BA50DDF868
:10B7800010C0DCF803E0DCF80740DCF80B306FF3A6
:10B79000963E4EEA853ECCF80740CCF803E0CCF864
:10B7A0000B309DF81750DDF810C0DCF803E0DCF832
:10B7B0000740DCF80B306FF3DF5E4EEAC55ECCF875
:10B7C0000740CCF803E0CCF80B309DF8B950DDF819
:10B7D00010C0DCF80340DCF807E0DCF80B3040F286
:10B7E000FF362EEA060EAE44CCF80340CCF807E054
:10B7F000CCF80B303A9DDDF810C0DCF80340DCF8E3
:10B8000007E0DCF80B306FF3DF256FF3942E4EEA80
:10B81000852ECCF80340CCF807E0CCF80B303B9DEC
:10B82000DDF810C0DCF80340DCF807E0DCF80B3092
:10B830006FF35F5E4EEA455ECCF80340CCF807E05C
:10B84000CCF80B30BDF814300F33ADF81430BDF820
:10B8500014301844D4F74DFF0398BDF814101E316E
:10B86000ADF81410BDF81410FFF78AFD31B0F0BD2B
:10B8700082B001908DF803108DF802208DF8013010
:10B880009DF80300019908709DF802000199487025
:10B890009DF801000199887002B070470000000017
:10B8A0004EF20421C2F2000140F27530086044F209
:10B8B0009011C0F2000140F20B4008604EF20C21E2
:10B8C000C2F2000140F2A140086070470000000091
:10B8D00080B588B007908DED060ACDED050A8DED97
:10B8E000041ACDED031A9DED060A079890ED001A93
:10B8F00030EE410A8DED020A9DED060A079890EDA3
:10B90000001A20EE010AB5EE400AF1EE10FA0FDB44
:10B91000FFE79DED060AB0EEC00A079890ED001A09
:10B92000B0EEC11AB4EE410AF1EE10FA09DAFFE7FF
:10B930009DED040A9DED031A20EE010A8DED000A2B
:10B9400008E09DED050A9DED031A20EE010A8DED3C
:10B95000000AFFE79DED000A8DED010A9DED010A49
:10B9600002A8FFF709FE9DED021A079890ED000A64
:10B9700030EE010A80ED000A08B080BD0000000032
:10B9800086B005908DED040ACDED030A02919DED80
:10B99000030A9DED041A30EE410A8DED010A049868
:10B9A00000909DED050AB8EEC00A9DED011A20EE4B
:10B9B000010A029901208840013801EE100AB8EE10
:10B9C000C11A80EE010A9DED001A30EE010A06B0A0
:10B9D000704700000000000086B005908DED040A5D
:10B9E000CDED030A02919DED030A9DED041A30EEA0
:10B9F000410A8DED010A049800909DED050AB8EE0C
:10BA0000C00A9DED011A20EE010A0299012088402A
:10BA1000013801EE100AB8EEC11A80EE010A9DED60
:10BA2000001A30EE010A06B0704700000000000066
:10BA300080B540F22C40C2F2000000684EF20A21AC
:10BA4000C2F20001097888420ED0FFE70220FDF71C
:10BA500077F94EF20A20C2F20000007840F22C4141
:10BA6000C2F200010860FFE740F68C10C0F200004F
:10BA7000006840F68411C0F20001097888420ED0B7
:10BA8000FFE70220FDF778FE40F68410C0F20000C8
:10BA9000007840F68C11C0F200010860FFE780BD1D
:10BAA00080B584B040F63830C0F20000C278012082
:10BAB0000421B1EB121F02900ED0FFE740F63830A0
:10BAC000C0F20000C1786FF0020000EB1110B0FA74
:10BAD00080F040090290FFE7029800F001008DF825
:10BAE0000F009DF80F00C00790B1FFE74EF28000F5
:10BAF000C2F20000006850B1FFE70620FAF72CF808
:10BB000044F2C411C0F2000100200860FFE715E014
:10BB10004EF28000C2F20000006858B9FFE7012031
:10BB20000190FCF78DFB01984EF28001C2F20001FA
:10BB3000086003E00220FCF783FBFFE704B080BD50
:10BB400080B582B04EF26C00C2F200000178012094
:10BB5000884301900198B0B3FFE701F055FC44F62B
:10BB6000AC41C0F200010968401AC8282AD3FFE797
:10BB700001F04AFC44F6AC41C0F2000108604DF20D
:10BB80005230C2F200000178013101700078C10723
:10BB90000820002918BF042044F62961C0F20001E2
:10BBA000087040F69010C0F200000068012804D030
:10BBB000FFE70120FDF7A0F903E00220FDF79CF963
:10BBC000FFE7FFE70CE040F69010C0F200000068CD
:10BBD000012804D1FFE70320FDF78EF9FFE7FFE717
:10BBE000019840F69011C0F20001086002B080BDDB
:10BBF00080B540F69410C0F2000000684EF26C016F
:10BC0000C2F20001097801F00101884210D0FFE77B
:10BC10004EF26C00C2F20000007800F0010040F625
:10BC20009411C0F2000108600220FDF725F9FFE73A
:10BC300040F22040C2F2000000684DF25131C2F2E1
:10BC40000001097801F00101884210D0FFE74DF2B0
:10BC50005130C2F20000007800F0010040F22041B3
:10BC6000C2F2000108600220F9F7B2FFFFE740F6D8
:10BC70009810C0F20000006844F62E61C0F2000186
:10BC8000097801F00101884210D0FFE744F62E60E8
:10BC9000C0F20000007800F0010040F69811C0F2F8
:10BCA000000108600220FDF74FF9FFE780BD0000AA
:10BCB00082B0019001980069009001984168806805
:10BCC00088600199486889684860009840680199CF
:10BCD000884205D1FFE7019880680099486000E03C
:10BCE000FFE70199002008610099086801380860A1
:10BCF0000098006802B0704783B0029001910092F2
:10BD0000029942F67860C2F201000860019941F69A
:10BD10007460C2F20100086000994FF4806008600E
:10BD200003B07047000000007047000000000000F2
:10BD300082B00190009102B0704700000000000046
:10BD400081B00090009901F10800486000994FF01F
:10BD5000FF308860009901F10800C860009901F186
:10BD60000800086100990020086001B070470000D9
:10BD700081B0009000990020086101B07047000078
:10BD800084B00390029102980068009000980130FE
:10BD900020B9FFE703980069019010E0039808308C
:10BDA0000190FFE70198406800680099884205D833
:10BDB000FFE7FFE7019840680190F3E7FFE701988C
:10BDC0004068029948600298416888600198029929
:10BDD0008860029801994860039802990861039964
:10BDE00008680130086004B07047000000000000DF
:10BDF00083B00290019102984068009000980199E8
:10BE00004860009880680199886001980099896865
:10BE10004860019800998860029801990861029928
:10BE200008680130086003B070470000000000009F
:10BE3000DFF80C00016841F47001016070470000F8
:10BE400088ED00E00000000082B04FF0500080F369
:10BE50001188BFF36F8FBFF34F8F019040F2E8401E
:10BE6000C2F200000168013101600068012814D1AC
:10BE7000FFE74EF60450CEF200000068000658B10D
:10BE8000FFE74FF0500080F31188BFF36F8FBFF3CF
:10BE90004F8F0090FFE7FEE7FFE702B0704700001A
:10BEA00082B040F2E840C2F20000006858B9FFE7F3
:10BEB0004FF0500080F31188BFF36F8FBFF34F8FA7
:10BEC0000090FFE7FEE740F2E840C2F200000168A0
:10BED00001390160006830B9FFE700200190019846
:10BEE00080F31188FFE702B07047000000000000F7
:10BEF00080B586B0039003980290039800285CD028
:10BF0000FFE7029808380290029801900198406873
:10BF100041F65C61C2F20101096808420BD1FFE7FA
:10BF20004FF0500080F31188BFF36F8FBFF34F8F36
:10BF30000590FFE7FEE70198006858B1FFE74FF072
:10BF4000500080F31188BFF36F8FBFF34F8F0490C1
:10BF5000FFE7FEE70198406841F65C61C2F201012B
:10BF60000968084227D0FFE70198006808BBFFE78F
:10BF700041F65C60C2F20100026801994868904392
:10BF8000486000F0BDFA0198426844F61471C0F2AE
:10BF900000010868104408600198FEF761FF42F64E
:10BFA0001071C2F2010108680130086001F0C0FCA4
:10BFB00000E0FFE700E0FFE7FFE706B080BD00001C
:10BFC0004EF21001CEF20001002008604EF218027D
:10BFD000CEF20002106040F2B420C2F2000000680D
:10BFE00044F6D352C1F26202A0FB02024FF0FF30CE
:10BFF00000EB92104EF21402CEF200021060072005
:10C00000086070470000000084B0EFF305800190E5
:10C01000019810281ED3FFE701984EF2F031CEF2BE
:10C020000001405C8DF803009DF8030044F6C861F0
:10C03000C0F20001097888420BDAFFE74FF05000A8
:10C0400080F31188BFF36F8FBFF34F8F0390FFE72B
:10C05000FEE7FFE74EF60C50CEF20000006800F459
:10C06000E06044F6D461C0F20001096888420BD94F
:10C07000FFE74FF0500080F31188BFF36F8FBFF3DD
:10C080004F8F0290FFE7FEE704B07047000000000A
:10C0900080B584B0029000200190029800B3FFE7C1
:10C0A00041F63C60C2F20100006858B1FFE74FF072
:10C0B000500080F31188BFF36F8FBFF34F8F039051
:10C0C000FFE7FEE700F01CFA02992320EDF774FA6F
:10C0D00002980021FEF71CFB01F02AFC019000E011
:10C0E000FFE7019860B9FFE74EF60451CEF2000178
:10C0F0004FF080500860BFF34F8FBFF36F8F00E0A9
:10C10000FFE704B080BD000080B58AB006900591BD
:10C1100000200290069858B9FFE74FF0500080F3D6
:10C120001188BFF36F8FBFF34F8F0990FFE7FEE7D2
:10C13000059858B9FFE74FF0500080F31188BFF31E
:10C140006F8FBFF34F8F0890FFE7FEE741F63C602B
:10C15000C2F20100006858B1FFE74FF0500080F3D1
:10C160001188BFF36F8FBFF34F8F0790FFE7FEE794
:10C1700000F0C6F944F63C70C0F20000006801907F
:10C180000698006805990844049001980699096882
:10C19000884210D2FFE7049806990968884208D2BD
:10C1A000FFE704980199884203D9FFE70120029034
:10C1B00000E0FFE70FE0049806990968884205D37C
:10C1C000FFE704980199884203D9FFE70120029014
:10C1D00000E0FFE7FFE7049806990860029850B175
:10C1E000FFE72420EDF780FB04980199401A002115
:10C1F000FEF78EFA00E0FFE701F09AFB0390039848
:10C2000060B9FFE74EF60451CEF200014FF08050C6
:10C210000860BFF34F8FBFF36F8F00E0FFE70AB0F6
:10C2200080BD00000000000081B0009042F60C705C
:10C23000C2F2010000680099086044F63C70C0F248
:10C24000000000680099486001B0704700000000DD
:10C2500042F64471C2F201010120086070470000FB
:10C2600080B584B002900191029858B9FFE74FF071
:10C27000500080F31188BFF36F8FBFF34F8F03908F
:10C28000FFE7FEE702984EF25811C2F2000109687A
:10C290001831FFF775FD01980121FEF739FA04B056
:10C2A00080BD00000000000080B588B005900491BA
:10C2B00005980390012000900598002800F09C80CC
:10C2C000FFE70398D0F8840058B9FFE74FF050001B
:10C2D00080F31188BFF36F8FBFF34F8F0790FFE795
:10C2E000FEE70398D0F880000499884203D2FFE764
:10C2F0000498019004E00398D0F880000190FFE7D3
:10C300000398C06A0199884274D0FFE70398D0F877
:10C31000840001286CD1FFE703984EF25811C2F255
:10C320000001096888420BD1FFE74FF0500080F30D
:10C330001188BFF36F8FBFF34F8F0690FFE7FEE7C3
:10C3400005994A20EDF738F90398C06A02900198E0
:10C350000399C8620398C07E0006002806D4FFE750
:10C360000198C0F107000399886100E0FFE7039896
:10C370004069029901EB81024EF26011C2F20001A4
:10C3800001EB8201884231D1FFE703980430FFF7C7
:10C390008FFC68B9FFE70398C16A012000FA01F237
:10C3A00044F6E061C0F2000108689043086000E0D4
:10C3B000FFE70398EDF794F80398C16A012000FAAB
:10C3C00001F244F6E061C0F2000108681043086021
:10C3D0000399C86A00EB80024EF26010C2F20000BE
:10C3E00000EB82000431FFF703FD00E0FFE700E00F
:10C3F000FFE700E0FFE700E0FFE708B080BD0000D6
:10C4000080B58AB0002003900690059006A805A983
:10C4100004AAFFF771FC039B049A0599DDF818C084
:10C420006846C0F808C0416003604AF61140C0F693
:10C4300002004FF66811C0F6020100F061FF0146EC
:10C4400042F67460C2F201000160006818B1FFE7B3
:10C450000120079002E000200790FFE707980128DD
:10C460003BD1FFE74FF0500080F31188BFF36F8F8F
:10C47000BFF34F8F099044F61871C0F200014FF0DE
:10C48000FF30086044F62471C0F20001012008600A
:10C4900044F63C71C0F20001002008604EF25810D2
:10C4A000C2F20000006842F67461C2F2010109683C
:10C4B000884203D1FFE7ECF777FF07E04EF2581010
:10C4C000C2F200000068ECF7CBFFFFE700F0C0F815
:10C4D00008B1FFE700E0FFE70FE00798013058B927
:10C4E000FFE74FF0500080F31188BFF36F8FBFF369
:10C4F0004F8F0890FFE7FEE7FFE70AB080BD00001E
:10C5000041F63C61C2F201010868013008607047E1
:10C5100080B588B041F63C60C2F20100006838B1D5
:10C52000FFE742F64471C2F20101012008608DE08C
:10C5300042F64471C2F20101002008604EF2581028
:10C54000C2F200000068006B04904FF0A530039029
:10C5500004980068B0F1A53F12D1FFE70498406845
:10C56000B0F1A53F0CD1FFE704988068B0F1A53F7A
:10C5700006D1FFE70498C068B0F1A53F0AD0FFE7F5
:10C580004EF25811C2F20001086809683431FFF711
:10C59000CFFBFFE744F6E060C0F2000000680790C0
:10C5A0000798B0FA80F08DF81B009DF81B00C0F1D1
:10C5B0001F000290029800EB80014EF26010C2F260
:10C5C000000050F8210058B9FFE74FF0500080F309
:10C5D0001188BFF36F8FBFF34F8F0590FFE7FEE722
:10C5E000029800EB80014EF26010C2F2000000EBF6
:10C5F0008100019001994868406848600199486845
:10C600000831884205D1FFE70199486840684860D1
:10C61000FFE701984068C1684EF25810C2F200006E
:10C620000160006842F67461C2F201010968884243
:10C6300003D1FFE7ECF7B8FE07E04EF25810C2F264
:10C6400000000068ECF70CFFFFE7FFE708B080BDD3
:10C6500080B588B04EF60050CEF2000000684CF273
:10C660007121C4F20F1188420BD1FFE74FF0500047
:10C6700080F31188BFF36F8FBFF34F8F0790FFE7F1
:10C68000FEE74EF60050CEF2000000684CF270213A
:10C69000C4F20F1188420BD1FFE74FF0500080F336
:10C6A0001188BFF36F8FBFF34F8F0690FFE7FEE750
:10C6B0004EF20040CEF20000039001780491FF2179
:10C6C000017000788DF80B009DF80B0000F0500011
:10C6D00044F6C861C0F20001087044F6D461C0F2AB
:10C6E000000107200860FFE79DF80B000006002806
:10C6F0000DD5FFE744F6D461C0F2000108680138A7
:10C7000008609DF80B0040008DF80B00ECE744F644
:10C71000D460C0F20000006803280BD0FFE74FF0A0
:10C72000500080F31188BFF36F8FBFF34F8F0590D8
:10C73000FFE7FEE744F6D461C0F20001086800029A
:10C740000860086800F4E060086004984EF2004158
:10C75000CEF2000108704EF62051CEF200010868BA
:10C7600040F470000860086840F070400860FFF70F
:10C7700027FC40F2E841C2F200010020019008606D
:10C78000FFF756FB4EF63471CEF20001086840F018
:10C7900040400860FEF7F4FBFFF7BAFEFEF728FC06
:10C7A000019808B080BD000080B588B00690059162
:10C7B0008DF81320069858B9FFE74FF0500080F32A
:10C7C0001188BFF36F8FBFF34F8F0790FFE7FEE72E
:10C7D000069805994843029002985030FEF788FC6D
:10C7E00003900398B0B1FFE703980190019850308F
:10C7F00001900399002081F8460006980599019A56
:10C800009DF81330DDF80CC0EE46CEF800C0FEF700
:10C810001BFA00E0FFE7039808B080BD00000000AD
:10C8200080B590B084461298CDF828C0099108923E
:10C8300007938DF81B000A9858B9FFE74FF0500096
:10C8400080F31188BFF36F8FBFF34F8F0F90FFE717
:10C85000FEE7079858B9FFE74FF0500080F31188C2
:10C86000BFF36F8FBFF34F8F0E90FFE7FEE708997E
:10C870000020039031B1FFE70998B0FA80F0400939
:10C880000390FFE70398C00758B1FFE74FF050004F
:10C8900080F31188BFF36F8FBFF34F8F0D90FFE7C9
:10C8A000FEE708990020029031B9FFE709980028B7
:10C8B00018BF01200290FFE70298C00758B1FFE7B8
:10C8C0004FF0500080F31188BFF36F8FBFF34F8F8D
:10C8D0000C90FFE7FEE750200490049850280BD0FE
:10C8E000FFE74FF0500080F31188BFF36F8FBFF365
:10C8F0004F8F0B90FFE7FEE7049807980590059887
:10C9000088B1FFE70599012081F846000A98099946
:10C91000089A9DF81B30DDF814C0EE46CEF800C032
:10C92000FEF792F900E0FFE7059810B080BD000027
:10C9300080B584B00290019102980090009858B997
:10C94000FFE74FF0500080F31188BFF36F8FBFF304
:10C950004F8F0390FFE7FEE7FFF776FA00990B6829
:10C96000C86B0A6C00FB0230886000990020886365
:10C9700000990868486000990B68C86B0A6C013818
:10C9800000FB0230C8600099FF2081F84400009944
:10C9900081F845000198D0B9FFE700980069A0B17F
:10C9A000FFE70098103000F05FFF60B1FFE74EF640
:10C9B0000451CEF200014FF080500860BFF34F8F5A
:10C9C000BFF36F8F00E0FFE700E0FFE708E00098AB
:10C9D0001030FFF7B5F900982430FFF7B1F9FFE701
:10C9E000FFF75EFA012004B080BD000000000000E7
:10C9F00080B592B00C900B910A9209930020089098
:10CA00000C980490049858B9FFE74FF0500080F359
:10CA10001188BFF36F8FBFF34F8F1190FFE7FEE7D1
:10CA20000B990020039039B9FFE70498006C0028A7
:10CA300018BF01200390FFE70398C00758B1FFE734
:10CA40004FF0500080F31188BFF36F8FBFF34F8F0B
:10CA50001090FFE7FEE7099900200229029007D114
:10CA6000FFE70498C06B013818BF01200290FFE770
:10CA70000298C00758B1FFE74FF0500080F31188CB
:10CA8000BFF36F8FBFF34F8F0F90FFE7FEE700F00C
:10CA90009FFC01460020019031B9FFE70A98002869
:10CAA00018BF01200190FFE70198C00758B1FFE7C8
:10CAB0004FF0500080F31188BFF36F8FBFF34F8F9B
:10CAC0000E90FFE7FEE7FFE7FFF7BEF90498806BE3
:10CAD0000499C96B884204D3FFE70998022841D121
:10CAE000FFE70498EDF70CF901460B9A0A9B0998A9
:10CAF000EC46CCF800005A20ECF766FE04980B993F
:10CB0000099AFDF779FF07900498406AA0B1FFE702
:10CB10000498243000F0A8FE60B1FFE74EF60451FF
:10CB2000CEF200014FF080500860BFF34F8FBFF38B
:10CB30006F8F00E0FFE710E0079860B1FFE74EF667
:10CB40000451CEF200014FF080500860BFF34F8FC8
:10CB5000BFF36F8F00E0FFE7FFE7FFF7A1F90120C8
:10CB60000D907FE00A9890B9FFE7FFF799F90498D4
:10CB7000EDF7C6F801460B9A0A9B0998EC46CCF8EB
:10CB800000005A20ECF720FE00200D906AE0089883
:10CB900030B9FFE705A8FFF747FB0120089000E048
:10CBA000FFE7FFE7FFE7FFF77BF9FFF7A9FCFFF7D8
:10CBB0004BF9049890F94400013028B9FFE7049933
:10CBC000002081F84400FFE7049890F94500013007
:10CBD00028B9FFE70499002081F84500FFE7FFF737
:10CBE0005FF905A80AA900F0D3FA28BBFFE704986B
:10CBF000FEF7AEF9C8B1FFE7049810300A99FFF7C5
:10CC00002FFB0498FEF71CFA00F092FE60B9FFE7D4
:10CC10004EF60451CEF200014FF080500860BFF391
:10CC20004F8FBFF36F8FFFE705E00498FEF708FA18
:10CC300000F07EFEFFE714E00498FEF701FA00F032
:10CC400077FE0498EDF75CF801460B9A0A9B099869
:10CC5000EC46CCF800005A20ECF7B6FD00200D9011
:10CC600000E031E70D9812B080BD00000000000028
:10CC700080B58EB00790069107980390039858B935
:10CC8000FFE74FF0500080F31188BFF36F8FBFF3C1
:10CC90004F8F0A90FFE7FEE70398006C58B1FFE75B
:10CCA0004FF0500080F31188BFF36F8FBFF34F8FA9
:10CCB0000990FFE7FEE7039801680020009039B96A
:10CCC000FFE703988068002818BF01200090FFE765
:10CCD0000098C00758B1FFE74FF0500080F311886B
:10CCE000BFF36F8FBFF34F8F0890FFE7FEE7FFF7AB
:10CCF0008BF9EFF311814FF0500080F31188BFF3EF
:10CD00006F8FBFF34F8F0C910B900C98049003988A
:10CD1000806B029002980399C96B884237D2FFE773
:10CD2000039890F845008DF807000398ECF7E8FFAA
:10CD30000146069A6020ECF77BFC029801300399CB
:10CD400088639DF907000130B8B9FFE70398406A8E
:10CD500088B1FFE70398243000F086FD48B1FFE773
:10CD6000069820B1FFE706990120086000E0FFE780
:10CD700000E0FFE700E0FFE706E09DF80700013074
:10CD8000039981F84500FFE7012005900AE0039828
:10CD9000ECF7B6FF0146069A6020ECF749FC00204C
:10CDA0000590FFE704980D900D9880F31188059881
:10CDB0000EB080BD0000000080B590B00A900991CF
:10CDC00008920A980590059858B9FFE74FF050006F
:10CDD00080F31188BFF36F8FBFF34F8F0C90FFE785
:10CDE000FEE709990020029039B9FFE70598006C29
:10CDF000002818BF01200290FFE70298C00758B131
:10CE0000FFE74FF0500080F31188BFF36F8FBFF33F
:10CE10004F8F0B90FFE7FEE7FFF7F6F8EFF3118176
:10CE20004FF0500080F31188BFF36F8FBFF34F8F27
:10CE30000E910D900E9806900598806B04900498C2
:10CE4000002840D0FFE7059890F844008DF80F00C7
:10CE50000598ECF755FF01900998ECF751FF0199FF
:10CE60000246089B6220ECF73BFC05980999FDF708
:10CE70009FFD04980138059988639DF90F000130E2
:10CE8000B8B9FFE70598006988B1FFE70598103049
:10CE900000F0EAFC48B1FFE7089820B1FFE70899E5
:10CEA0000120086000E0FFE700E0FFE700E0FFE7A7
:10CEB00006E09DF80F000130059981F84400FFE776
:10CEC000012007900FE0002007900598ECF718FF6D
:10CED00000900998ECF714FF00990246089B622025
:10CEE000ECF7FEFBFFE706980F900F9880F3118890
:10CEF000079810B080BD000080B596B010900F91DB
:10CF000000200E9010990B910A900B9858B9FFE7EA
:10CF10004FF0500080F31188BFF36F8FBFF34F8F36
:10CF20001590FFE7FEE70B98006C58B1FFE74FF054
:10CF3000500080F31188BFF36F8FBFF34F8F1490B1
:10CF4000FFE7FEE700F044FA01460020079031B900
:10CF5000FFE70F98002818BF01200790FFE7079808
:10CF6000C00758B1FFE74FF0500080F31188BFF3BE
:10CF70006F8FBFF34F8F1390FFE7FEE7FFE7FEF7DA
:10CF800063FF0B98806B0990099800283DD0FFE75C
:10CF90000B98ECF7B5FE06900020ECF7B1FE069971
:10CFA00002460F9BEC460120CCF800005C20ECF719
:10CFB0000BFC099801380B9988630B98006828B915
:10CFC000FFE7FEF795F90B99886000E0FFE70B9803
:10CFD0000069A0B1FFE70B98103000F045FC60B18C
:10CFE000FFE74EF60451CEF200014FF0805008608A
:10CFF000BFF34F8FBFF36F8F00E0FFE700E0FFE765
:10D00000FEF74EFF01201190BFE00F9828BBFFE70D
:10D010000A9858B1FFE74FF0500080F31188BFF332
:10D020006F8FBFF34F8F1290FFE7FEE7FEF738FFD9
:10D030000B98ECF765FE049000200590ECF760FE7D
:10D04000049902460F9BEC460120CCF800005C20BE
:10D05000ECF7BAFB0598119097E00E9830B9FFE70E
:10D060000CA8FFF7E1F801200E9000E0FFE7FFE7D2
:10D07000FFE7FEF715FFFFF743FAFEF7E5FE0B9813
:10D0800090F94400013028B9FFE70B99002081F89E
:10D090004400FFE70B9890F94500013028B9FFE7FD
:10D0A0000B99002081F84500FFE7FEF7F9FE0CA878
:10D0B0000FA900F06DF8A8BBFFE70B98FDF734FF50
:10D0C00048B3FFE70B98006850B9FFE7FEF7BCFED6
:10D0D0000B98806800F030FB0A90FEF7E1FE00E05C
:10D0E000FFE70B9824300F99FFF7BAF80B98FDF77C
:10D0F000A7FF00F01DFC60B9FFE74EF60451CEF229
:10D1000000014FF080500860BFF34F8FBFF36F8F67
:10D1100000E0FFE705E00B98FDF792FF00F008FC48
:10D12000FFE731E00B98FDF78BFF00F001FC0B9857
:10D13000FDF7FAFE30B3FFE70A9870B1FFE7FEF79C
:10D1400083FE0B98FDF7F0FC08900B988068089917
:10D15000FFF7AAF8FEF7A4FEFFE70B98ECF7D0FD67
:10D16000029000200390ECF7CBFD029902460F9B42
:10D17000EC460120CCF800005C20ECF725FB03987E
:10D18000119002E0FFE7FFE7F9E6119816B080BDC5
:10D1900080B588B005900491059858B9FFE74FF025
:10D1A000500080F31188BFF36F8FBFF34F8F07904C
:10D1B000FFE7FEE7049858B9FFE74FF0500080F30F
:10D1C0001188BFF36F8FBFF34F8F0690FFE7FEE725
:10D1D000FEF73AFE44F63C70C0F200000068029090
:10D1E000029805994968401A019004980068013036
:10D1F00018B9FFE7002003902BE042F60C70C2F252
:10D200000100006805990968884209D0FFE7029883
:10D2100005994968884203D3FFE70120039017E08E
:10D2200001980499096888420BD2FFE7019A049992
:10D230000868801A08600598FEF7F6FF0020039042
:10D2400005E004990020086001200390FFE7FFE754
:10D25000FFE7FEF725FE039808B080BD0000000040
:10D2600070B58CB0DDF844C0DDF840C00B900A9179
:10D27000ADF826200893BDF826008000FDF738FFA2
:10D280000590059880B1FFE79020FDF731FF0790EA
:10D29000079820B1FFE705980799086303E0059810
:10D2A000FEF726FEFFE702E000200790FFE7079861
:10D2B000F0B1FFE70798002680F88D600B980A9977
:10D2C000BDF82620089BDDF840C0119C079DEE4666
:10D2D000CEF80C60CEF80850CEF80440CEF800C06E
:10D2E000FDF7DEFC0798FDF78FFA0120069003E0BA
:10D2F0004FF0FF300690FFE706980CB070BD0000BD
:10D30000B0B58EB0DDF850C0DDF84CC0DDF848C0D7
:10D310000A90099108920793139858B9FFE74FF0C4
:10D32000500080F31188BFF36F8FBFF34F8F0D90C4
:10D33000FFE7FEE7149858B9FFE74FF0500080F37D
:10D340001188BFF36F8FBFF34F8F0C90FFE7FEE79D
:10D3500090200490049890280BD0FFE74FF05000E5
:10D3600080F31188BFF36F8FBFF34F8F0B90FFE7F0
:10D37000FEE70498149820B3FFE7139808B3FFE77B
:10D38000149806901398069908630699022081F86C
:10D390008D000A980999089A079BDDF848C0069CF9
:10D3A000EE460025CEF80C50CEF8084005ACCEF87D
:10D3B0000440CEF800C0FDF773FC0698FDF724FA90
:10D3C00002E000200590FFE705980EB0B0BD000018
:10D3D00081B044F62470C0F20000006818B9FFE77D
:10D3E000012000900DE041F63C60C2F201000068AF
:10D3F00018B9FFE70220009002E000200090FFE74C
:10D40000FFE7009801B0704781B044F63C70C0F26D
:10D41000000000680090009801B070470000000014
:10D4200080B582B0FEF7F0FD0020009044F63C701D
:10D43000C0F2000000680190019802B080BD0000B9
:10D4400080B586B00020029041F63C60C2F2010037
:10D450000068002840F0C880FFE744F63C71C0F245
:10D46000000108680130019001980860019858BBDC
:10D47000FFE74EF25C10C2F200000068006858B18D
:10D48000FFE74FF0500080F31188BFF36F8FBFF3B9
:10D490004F8F0590FFE7FEE74EF25C12C2F20002EA
:10D4A0001068009044F60461C0F200010868106042
:10D4B0000098086042F60C71C2F201010868013060
:10D4C0000860FDF771FD00E0FFE7019844F6187170
:10D4D000C0F200010968884265D3FFE7FFE74EF21A
:10D4E0005C10C2F200000068006840B9FFE744F633
:10D4F0001871C0F200014FF0FF30086052E04EF2A8
:10D500005C10C2F200000068C068C0680490049813
:10D510004068039001980399884207D2FFE7039877
:10D5200044F61871C0F2000108603BE0FFE7049880
:10D530000430FEF7BDFB0498806A28B1FFE7049829
:10D540001830FEF7B5FB00E0FFE70498EBF7C8FFE3
:10D550000498C16A012000FA01F244F6E061C0F2C9
:10D5600000010868104308600499C86A00EB800253
:10D570004EF26010C2F2000000EB82000431FEF7B0
:10D5800037FC0498C06A4EF25811C2F200010968D3
:10D59000C96A884203D3FFE70120029000E0FFE759
:10D5A000FFE79CE7FFE74EF25810C2F20000006868
:10D5B000C06A00EB80014EF26010C2F2000050F829
:10D5C0002100022803D3FFE70120029000E0FFE7DB
:10D5D00042F64470C2F20100006818B1FFE7012072
:10D5E000029000E0FFE707E044F62071C0F200017E
:10D5F000086801300860FFE7029806B080BD0000AF
:10D6000080B586B0039003980290002001900398A3
:10D61000002800F08A80FFE702984EF25811C2F20B
:10D620000001096888420BD0FFE74FF0500080F3FB
:10D630001188BFF36F8FBFF34F8F0590FFE7FEE7B1
:10D640000298D0F8840058B9FFE74FF0500080F3FB
:10D650001188BFF36F8FBFF34F8F0490FFE7FEE792
:10D660000299D1F884000138C1F884000299C86A8F
:10D67000D1F88010884256D0FFE70298D0F8840095
:10D6800000284ED1FFE702980430FEF711FBD0B915
:10D69000FFE70298C06A00EB80014EF26010C2F210
:10D6A000000050F8210068B9FFE70298C16A012024
:10D6B00000FA01F244F6E061C0F20001086890430C
:10D6C0000860FFE700E0FFE703994A20EBF774FFEB
:10D6D0000299D1F88000C8620299C86AC0F10700B7
:10D6E00088610298EBF7FCFE0298C16A0120009065
:10D6F00000FA01F244F6E061C0F20001086810434C
:10D7000008600299C86A00EB80024EF26010C2F213
:10D71000000000EB82000431FEF76AFB00980190E4
:10D7200000E0FFE700E0FFE700E0FFE7019806B058
:10D7300080BD00000000000080B584B00390039815
:10D740000290002001900398002800F08780FFE7F6
:10D750000298C06A4EF25811C2F200010968C96A03
:10D76000884269D2FFE70298C07E000600280BD4E9
:10D77000FFE74EF25810C2F200000068C06AC0F124
:10D7800007000299886100E0FFE702994869C96AC9
:10D7900001EB81024EF26011C2F2000101EB820145
:10D7A000884239D1FFE702980430FEF781FA68B960
:10D7B000FFE70298C16A012000FA01F244F6E06135
:10D7C000C0F2000108689043086000E0FFE74EF2F5
:10D7D0005810C2F200000068C06A0299C86202983C
:10D7E000EBF77EFE0298C16A012000FA01F244F6CE
:10D7F000E061C0F200010868104308600299C86A3D
:10D8000000EB80024EF26010C2F2000000EB8200DA
:10D810000431FEF7EDFA08E04EF25810C2F20000B3
:10D820000068C06A0299C862FFE703994920EBF7D4
:10D83000C3FE0120019010E00298D0F880004EF263
:10D840005811C2F200010968C96A884203D2FFE791
:10D850000120019000E0FFE7FFE700E0FFE701980B
:10D8600004B080BD0000000080B584B00290029832
:10D87000C068C0680190019858B9FFE74FF05000A8
:10D8800080F31188BFF36F8FBFF34F8F0390FFE7D3
:10D89000FEE701981830FEF70BFA41F63C60C2F241
:10D8A0000100006808BBFFE701980430FEF700FAAA
:10D8B0000198EBF715FE0198C16A012000FA01F208
:10D8C00044F6E061C0F20001086810430860019965
:10D8D000C86A00EB80024EF26010C2F2000000EB5A
:10D8E00082000431FEF784FA09E0019800F1180182
:10D8F00042F61470C2F20100FEF77AFAFFE70198CF
:10D90000C06A4EF25811C2F200010968C96A884221
:10D9100008D9FFE70120009042F64471C2F20101EC
:10D92000086002E000200090FFE7009804B080BD8E
:10D9300080B584B000200290019041F63C60C2F2B4
:10D940000100006858B9FFE74FF0500080F31188DC
:10D95000BFF36F8FBFF34F8F0390FFE7FEE7FEF734
:10D9600073FA41F63C60C2F20100016801390160BE
:10D970000068002840F09680FFE741F63860C2F268
:10D9800001000068002800F08C80FFE7FFE742F606
:10D990001470C2F20100006800283FD0FFE742F691
:10D9A0001470C2F20100C068C0680290029818307A
:10D9B000FEF77EF902980430FEF77AF90298EBF749
:10D9C0008FFD0298C16A012000FA01F244F6E0617D
:10D9D000C0F200010868104308600299C86A00EBB1
:10D9E00080024EF26010C2F2000000EB82000431AF
:10D9F000FEF7FEF90298C06A4EF25811C2F2000119
:10DA00000968C96A884207D3FFE742F64471C2F247
:10DA100001010120086000E0FFE7B8E7029818B1B3
:10DA2000FFE7FDF7C1FAFFE744F62070C0F20000FF
:10DA3000006800900098E0B1FFE7FFE7FFF700FD06
:10DA400038B1FFE742F64471C2F2010101200860DB
:10DA500000E0FFE7009801380090FFE700980028F9
:10DA6000ECD1FFE744F62071C0F20001002008600D
:10DA700000E0FFE742F64470C2F20100006870B1B6
:10DA8000FFE7012001904EF60451CEF200014FF065
:10DA900080500860BFF34F8FBFF36F8F00E0FFE748
:10DAA000FFE700E0FFE7FEF7FBF9019804B080BD57
:10DAB0005FEA400C08BF91F0000F4FEA8C234FEA59
:10DAC000C12243EA51514FEA1C5018BF00F5F04003
:10DAD0004FEA300018BF41F000415FEA6C5C00F093
:10DAE0002980BCF1FF3F08BF40F080407047130C15
:10DAF00006BF12044FF0100C4FF0000C130E04BFC1
:10DB000012020CF1080C130F04BF12010CF1040CEB
:10DB1000930F04BF92000CF1020CD30F04BF52000C
:10DB20000CF1010C11464FF00002A0F11F00A0EB18
:10DB30000C00704711F0004F08BF704731F00041F2
:10DB40003FF4D5AF0B0C06BF09044FF0100C4FF09B
:10DB5000000C0B0E04BF09020CF1080C0B0F04BFE4
:10DB600009010CF1040C8B0F04BF89000CF1020CAD
:10DB7000CB0F04BF49000CF1010CCCF1200322FAB9
:10DB800003F341EA030102FA0CF2A0EB0C0000F1EE
:10DB90000100704723F07F4720F07F4C80EA0300AC
:10DBA00000F00040ACEB070303F57C5303F1FF03E7
:10DBB0002DE9804909B44FEA144324EA03484FEAA7
:10DBC000154B25EA0B4E0FF2042606EB13273E7881
:10DBD00003FB0667C7F5000707FB06F64FEAD646C4
:10DBE00006F102064FEA543707FB066CCCF1005CE5
:10DBF0004FEA1C472CEA074C0CFB06F507FB06F422
:10DC000004EB15464FEA961649085FEA320234BF24
:10DC100000204FF000404FEAD13706FB07FC4FEAE7
:10DC20001C4C0CFB0BF7D21B03FB0CF761EB070141
:10DC30000CFB0EF7B0EB074072EB17420CFB08F73A
:10DC400034BFA2EB0742B2EB074261EB17414FEA48
:10DC50000C444FEA910706FB07FC4FEA1C4C0CFBF7
:10DC60000BF7B0EBC74072EB573203FB0CF734BF36
:10DC7000A2EBC742B2EBC74261EB57310CFB0EF788
:10DC8000B0EBC70072EB57720CFB08F734BFA2EB86
:10DC9000C702B2EBC70261EB57714FEA816141EAFB
:10DCA00092114FEA826242EA90124FEA806004EBDE
:10DCB000CC04039F4FEAD13706FB07FC4FEA1C4C0C
:10DCC0000CFB0BF7D21B03FB0CF761EB07010CFB02
:10DCD0000EF7B0EB074072EB17420CFB08F734BFAE
:10DCE000A2EB0742B2EB074261EB17414FEA8C55BA
:10DCF00004EB9C244FEA910706FB07FC4FEA1C4CFF
:10DD00000CFB0BF7B0EBC74072EB573203FB0CF781
:10DD100034BFA2EBC742B2EBC74261EB57310CFBF9
:10DD20000EF7B0EBC70072EB57720CFB08F734BF6D
:10DD3000A2EBC702B2EBC70261EB57714FEA8161F8
:10DD400041EA92114FEA826242EA90124FEA806001
:10DD500015EB4C2544F100044FEAD13706FB07FCD4
:10DD60004FEA1C4C0CFB0BF7D21B03FB0CF761EBCF
:10DD700007010CFB0EF7B0EB074072EB17420CFBF0
:10DD800008F734BFA2EB0742B2EB074261EB174141
:10DD90004FEA813141EA92414FEA823242EA9042AF
:10DDA0004FEA80304FEA0C7615EB1C1544F1000465
:10DDB00048EA03434EEA0B484FF0000EB2EB080C62
:10DDC00071EB030724BF624639464EEB0E0E4FF04F
:10DDD000000B0018524149414BEB0B0BB2EB080C06
:10DDE00071EB03077BF1000B24BF624639464EEB13
:10DDF0000E0E4FF0000B0018524149414BEB0B0B3C
:10DE0000B2EB080C71EB03077BF1000B24BF6246F9
:10DE100039464EEB0E0E51EA020718BF46F00106D6
:10DE200016EB0E7655F1000254F1000103D5BDE862
:10DE30008901BDE80088BDE88901BDE80048B61940
:10DE4000524141EB0101A3F10103704780807F7EC5
:10DE50007D7C7B7A79787776767574737271717060
:10DE60006F6E6E6D6C6C6B6A6A6968686766666512
:10DE70006464636362616160605F5F5E5E5D5D5CA0
:10DE80005C5B5B5A5A595958585757565655555511
:10DE90005454535352525251515050504F4F4F4E71
:10DEA0004E4D4D4D4C4C4C4B4B4B4A4A4A494949BF
:10DEB0004848484747474746464645454544444401
:10DEC0004443434343424242424141419C46002B2A
:10DED00030D477002BD04FEA37071CB503B44FF08E
:10DEE00010004FF01001BAF1000F06D0BCF1000F86
:10DEF000DCBF40F0080040F008014FF000000FBC0C
:10DF0000BDE810400BF1010BBBF1010F08BF5FEA48
:10DF1000170722BF12F1010211F101014FF0004178
:10DF200043F1000300F0004043EA00007047F9D3DA
:10DF30005708D0E746EA06464FEA164613F1400F67
:10DF40001FDD13F1200FDFBF16430A4600212033E7
:10DF50005B42BED0C3F1200746EA06464FEA1646AA
:10DF600002FA07F746EA070622FA03F2C3F120078E
:10DF700001FA07F742EA070221FA03F14FF0000322
:10DF8000A7E746EA020646EA06464FEA164646EA8A
:10DF90000106BCBF46EA0646360C4FF000034FF0C0
:10DFA00000024FF0000194E72DE9804C70B49A46CE
:10DFB000934691E8380007C831EA400C48BF34EA7C
:10DFC000430C03D5FFF7E6FDFFF780FFF0BCBDE88B
:10DFD000008C2DE9804C70B49A46934691E8380045
:10DFE00007C810F0804F08BF13F0804F03D100F036
:10DFF00005F8FFF76BFFF0BCBDE8008C20F07F4711
:10E0000023F07F4C80EA030000F0004007EB0C0394
:10E01000A3F57C53A3F1FE0392F0000F00F0B38050
:10E0200095F0000F00F077802DE901494FEA11408B
:10E0300021EA00484FEA144624EA064700FB06FCA2
:10E0400008FB06F607FB08F818EB06484CEB164CE5
:10E0500000FB07F718EB07484CEB17404FEA124B51
:10E0600022EA0B4E4FEA154625EA06470BFB06FC53
:10E070000EFB06F607FB0EFE1EEB064E4CEB164C97
:10E080000BFB07F71EEB074E4CEB174B18EB0B087F
:10E0900040F1000018EB0E0B58EB000840F10000B7
:10E0A0008F1A4FF000014FF000063CBFC943661BBA
:10E0B00014BFB5EB040C00213CBFC943F61B4FEA6B
:10E0C000174427EA04454FEA1C472CEA074C04FB97
:10E0D000076205FB07F70CFB05F616EB074642EB5C
:10E0E000174204FB0CFC16EB0C4642EB1C421BEBEC
:10E0F000060658EB020241414EEA8E0E46EA9E06A3
:10E1000001D5BDE80189B619524141EB0101A3F1E6
:10E110000103BDE801894FEA144524EA05464FEAA8
:10E12000114721EA074C05FB07F406FB07F70CFB38
:10E1300006F111EB074144EB174405FB0CFC11EB16
:10E140000C4144EB1C444FEA124722EA074C05FB02
:10E1500007F206FB07F70CFB06F616EB074642EB49
:10E16000174205FB0CFC16EB0C4642EB1C456A18EB
:10E1700054F1000148BF7047B619524141EB01010B
:10E18000A3F10103704795F0000F37D04FEA114219
:10E1900021EA02464FEA144724EA074C02FB07F142
:10E1A00006FB07F70CFB06F414EB074441EB1741A1
:10E1B00002FB0CFC14EB0C4441EB1C414FEA1547ED
:10E1C00025EA074C02FB07F506FB07F70CFB06F6F2
:10E1D00016EB074645EB174502FB0CFC16EB0C460D
:10E1E00045EB1C42121951F1000148BF7047B619A6
:10E1F000524141EB0101A3F1010370474FEA14457D
:10E2000024EA05464FEA114721EA074C05FB07F1CE
:10E2100006FB07F70CFB06F212EB074241EB174136
:10E2200005FB0CFC12EB0C4251EB1C414FF00006BD
:10E2300048BF7047921841EB0101A3F101037047F9
:10E2400003B401984100009850EAC12018BF04208F
:10E250004A0D18BF40F0010040F2FF72B2EB515F6F
:10E2600008BF40F00200012808BF052002B0704737
:10E270004100080218BF04200A0E18BF40F0010038
:10E280004FF07F4232EA010108BF40F0020001284E
:10E2900008BF05207047000010B510EE104A4FF07F
:10E2A0001A402DED028B00EB4400B0F1C85F4AD854
:10E2B0004FF0FC40B0EB440F22D2B0EEC00AF7EEB4
:10E2C000000A30EEC00AF6EE000A20EE208A18EEB0
:10E2D000100A00F0D4FF00EE100A14F0004F1DBF2A
:10E2E0009FED281ADFED280AB1EE400A9FED271AAC
:10E2F00008BFF0EE410AF8EE001A20EE210A05E010
:10E3000020EE008A9FED221ADFED220ADFED221AAD
:10E310009FED222A70EEC00A20EE080A08EE212A9C
:10E32000DFED1F1A48EE021A9FED1E2A08EE212A81
:10E33000DFED1D1A48EE021ABDEC028B40EE610AB9
:10E3400030EE810A10BD4FF0CC40B0EB440F82BFDD
:10E350009FED160ABDEC028B10BD4FF07F40B0EB75
:10E36000440F05D2BDEC028BBDE8104000F0B4BEF6
:10E370000120D2F706FBBDEC028BBDE8104000F097
:10E38000B1BE00000000494022AA7D3A0000000012
:10E390000000C93F22AAFD3924FE1C3DC78AD83C93
:10E3A0001E67383D1B93993DAFAA2A3EDB0FC93F3C
:10E3B00010B54FF00E402DED028BB0EE408A18EEF6
:10E3C000104A00EB4400B0F1506F4AD84FF0FC40C7
:10E3D000B0EB440F22D2B0EEC80AF7EE000A30EEDE
:10E3E000C00AF6EE000A60EE208A18EE900A00F0ED
:10E3F00046FF01EE100A14F0004F1DBFDFED2D0A9D
:10E400009FED2D0AB1EE411ADFED2C0A08BF9FEDFA
:10E410002C0AF8EE001A21EE218A05E0DFED290A28
:10E4200068EE088AB0EE600A9FED271ADFED271A22
:10E4300030EE080A48EE811A9FED251A08EEA11A5F
:10E44000DFED241A48EE811A9FED231A08EEA11A77
:10E4500068EE281ABDEC028B01EE810A30EE200A2C
:10E4600010BD4FF0E440B0EB440F0CD918EE100A89
:10E47000FFF7FEFE042808BF00F03CFEB0EE480A9D
:10E48000BDEC028B10BD4FF07F40B0EB440F07D2C4
:10E49000B0EE480ABDEC028BBDE8104000F01CBE97
:10E4A0000120D2F76EFABDEC028BBDE8104000F0FF
:10E4B00019BE00000000C9BF22AAFDB90000C93F73
:10E4C00022AAFD390000000024FE1C3DC78AD83C6A
:10E4D0001E67383D1B93993DAFAA2A3E70B54FF099
:10E4E00068422DED048BF0EE408A18EE900AB0EEF3
:10E4F000608A18EE101A02EB4003B3F1654F3CBF7F
:10E5000002EB4102B2F1654F7DD200BFC0F3C753A9
:10E51000C1F3C7529A1A1B2A09DD10F0004F14BF2D
:10E520009FED830A9FED830ABDEC048B70BD12F151
:10E530001A0F36DA11F0004F09D010F0004F0CBF5F
:10E540009FED7D0A9FED7D0ABDEC048B70BD88EECA
:10E55000889A19EE100AFFF78BFE042808BF00F016
:10E56000C9FD18EE900AFFF783FE054618EE100A63
:10E57000FFF77EFE044619EE100AFFF779FE042D20
:10E5800018BF052D08D1042C18BF052C04D1002874
:10E5900004BF0220D2F7F5F9B0EE490ABDEC048BB6
:10E5A00070BD4200B2EB410F3AD910F0004F19BFD5
:10E5B000DFED630A9FED630ADFED630A9FED630AF7
:10E5C000B0EE481A0A46B1EE688A80F00041F0EEDB
:10E5D000418A10460A1A5200B2F1807F34D2484074
:10E5E00010F0004FDFED5A1A9FED5A2A1DBFBEEE04
:10E5F000001A70EEE10A30EE420AB6EE001A08BFC9
:10E6000070EEA10A00E040E008BF30EE020AB0EE72
:10E61000682A01EE482A08EE818AC2EE081A15E03F
:10E6200011F0004F04BF9FED4C0AF0EE400AD1D02C
:10E6300010F0004F19BFDFED490A9FED490ADFEDE9
:10E64000490A9FED490AC5E7C8EE881A21EEA11ACA
:10E650009FED462ADFED462A41EE022A9FED452A2C
:10E6600001EE222ADFED442A41EE022A9FED432AE1
:10E67000BDEC048B01EE222A21EE811A01EE020A82
:10E6800030EE210A30EE200A70BD4FF07F42B2EB2F
:10E69000400F28BFB2EB410F09D2F0EE480AB0EEAE
:10E6A000680ABDEC048BBDE8704000F018BD40EA7C
:10E6B00001035B0008BF41F0FF410BD0B2EB400FFC
:10E6C00008BFB2EB410F08D120F0804008EE900A5D
:10E6D00021F0804108EE101A18E7B2EB400F12BF8C
:10E6E0005FEA410340F0FF4001F000413FF40EAF0C
:10E6F000B2EB410F12BF5FEA400200F0004041F070
:10E70000FF413FF403AF4A0092EA40033FF5FEAEFB
:10E71000002AACBF9FED1A0A9FED1A0A68EE808AA4
:10E7200028EE008A18EE900A18EE101AEEE60000A5
:10E73000DB0FC9BFDB0FC93FDB0F4940DB0F49C00F
:10E740000000C9BF22AAFDB90000C93F22AAFD39B5
:10E750000060ED3EC30ACE3700000000000049C053
:10E7600022AA7DBA0000494022AA7D3A2DAD65BD9E
:10E770008FB8D53D0FB511BE61C84C3EA8AAAABE40
:10E780000000804F0000802F10B529499FED261B07
:10E790002DED020B84B0059820F000408842D8BFD0
:10E7A0009DED040B2DDD2349884209D1049840B921
:10E7B0004FF00100D2F7E5F800F076FC06B010BD8E
:10E7C00005DB9DED040B30EE000B06B010BD684676
:10E7D0009DED040B00F0F8F910F0030004BF9DED6F
:10E7E000021B9DED000B0CD001280ED09DED021BED
:10E7F0009DED000B022810D0012000F005FC06B0B2
:10E8000010BD00F065FB06B010BD9DED021B9DED37
:10E81000000B012000F0F8FB01E000F059FBB1EE25
:10E82000400B06B010BD000000000000000000001A
:10E83000FB21E93F0000F07F10EE101A08B5444AB2
:10E840006846B2EB410F28D94FF0E640B0EB410FDC
:10E8500094BF00204FF0FF3000900098002861DB4B
:10E8600060EE000A10F0010F45D010F0020FDFED4E
:10E87000391A9FED391A00EEA11ADFED381A40EE71
:10E88000811A21EEA01AF0EE400A40EE010A08BFFC
:10E89000F1EE600AB0EE600A08BD314B21F0004293
:10E8A00093423CD911F0004FDFED2E0A20EE201AE2
:10E8B000DFED2D0A19BF31EE601A71EE200A31EE3C
:10E8C000201A71EE600ABDEEE01A11EE100A9FEDFB
:10E8D000271A00F0030000EEC10A9FED251A0090F0
:10E8E00000EEC10A9FED231A00EEC10A9FED221A25
:10E8F00000EEC10AB1E79FED211A9FED210A10F049
:10E90000020F00EE810A9FED1F1A00EE801AB7EE8B
:10E91000000A00EE810A18BFB1EE400A08BD00F0FF
:10E92000F1FB9AE710EE100A4000B0F17F4F3CBFB8
:10E93000B7EE000A08BD07D14FF00100D2F721F869
:10E94000BDE8084000F0CEBBBDE8084000F0C4BB05
:10E95000B61F927E336D4CB9DA82083CA0AA2ABE5B
:10E96000490E494683F9223F0000004B0000C93F91
:10E9700000A0FD390020A2331A61342CB93AB2BA92
:10E98000CA9F2A3DDDFFFFBE10B529499FED261B1A
:10E990002DED020B84B0059820F000408842DCBFCA
:10E9A00000209DED040B2EDD2249884209D10498F8
:10E9B00040B94FF00100D1F7E4FF00F075FB06B05D
:10E9C00010BD05DB9DED040B30EE000B06B010BD55
:10E9D00068469DED040B00F0F7F810F003000DD031
:10E9E000012814D09DED021B9DED000B022816D0CE
:10E9F00000F06EFAB1EE400B06B010BD9DED021BAB
:10EA00009DED000B012000F0FFFA06B010BD9DED5A
:10EA1000021B9DED000B00F05BFA06B010BD01205B
:10EA200000F0F2FAE6E7000000000000000000003D
:10EA3000FB21E93F0000F07F00B510EE101A2DED2C
:10EA4000028B81B0524A6846B2EB410F2ED94FF08B
:10EA5000E640B0EB410F94BF00204FF0FF30009034
:10EA60000098B0EE408A00286ADB10F0010F4BD00E
:10EA700068EE080A9FED471A9FED470A00EE810AEB
:10EA80009FED461A10F0020F00EE801AB7EE000A52
:10EA900000EE810A02BF01B0BDEC028B00BD00BFD9
:10EAA00001B0B1EE400ABDEC028B00BD3C4B21F041
:10EAB0000042934241D911F0004FDFED3A0A20EEB7
:10EAC000201ADFED390A19BF31EE601A71EE200A03
:10EAD00031EE201A71EE600ABDEEE01A11EE100A56
:10EAE0009FED321A00F0030000EEC10A9FED301ACC
:10EAF000009000EEC10A9FED2F1A00EEC10A9FEDB3
:10EB00002E1A00EEC10AABE728EE080A9FED2B1A79
:10EB1000DFED2B0A10F0020F40EE010A9FED291ADB
:10EB200000EE201A61EE000AB0EE480A08EE200A54
:10EB3000B6D101B0BDEC028B00BD00F0E3FA8FE767
:10EB400018EE100A4000B0F17F4F0DD218EE100AF7
:10EB5000FFF78EFB042808BF00F0CCFAB0EE480A9D
:10EB600001B0BDEC028B00BD09D10120D1F709FF36
:10EB700001B0BDEC028B5DF804EB00F0B3BA01B05C
:10EB8000B0EE480ABDEC028B5DF804EB00F0A4BACD
:10EB9000B61F927EB93AB2BACA9F2A3DDDFFFFBEC8
:10EBA000490E494683F9223F0000004B0000C93F4F
:10EBB00000A0FD390020A2331A61342C336D4CB90A
:10EBC000DA82083CA0AA2ABE2DE9F14F04462DEDB9
:10EBD000020B2DED048B94B09FED9D0B80ED020B8D
:10EBE000199E9D4826F0004585420ADC9DED180BD4
:10EBF000002084ED000B14B0BDEC048B03B0BDE825
:10EC0000F08F96489FED969B9FED978BA84225DD50
:10EC100097489FED991B9FED9A2B9DED180B002EA9
:10EC20000DDD30EE490B854212BF30EE480B30EE61
:10EC3000410B30EE420B84ED000B0120DBE730EEA0
:10EC4000090B854212BF30EE080B30EE010B30EE9F
:10EC5000020B84ED000B4FF0FF30CCE78A48A8424E
:10EC600053DB9DED180B51EC100B00F0FCFA41EC5E
:10EC7000100BB0EE401B9FED862BB6EE000B01EEA5
:10EC8000020BFDEEC00B10EE903A00EE903AB8EE9B
:10EC9000E02BB0EE410B02EE490B22EE081BDFF831
:10ECA000F8C1290D0120FC4430EE411B84ED001B0E
:10ECB00003281DD011EE902A00EB4015113DC2F340
:10ECC0000A528A1A954213DAB0EE403B0CEB00125E
:10ECD00092ED000B20EE021B33EE410B33EE403B76
:10ECE00033EE411B92ED023B12EE031B401CDBE7AF
:10ECF000002EA8BF1846BFF67EAF94ED000BB1EE14
:10ED0000400B84ED000B584275E7C6F3130040F446
:10ED1000801EC6F30A50A0F2F530471100F01F051F
:10ED2000C5F12000DDF860B0139000200890099034
:10ED300005200DF1080C5949002D07EB000279441C
:10ED400008BF51F8221009D051F8223001EB82019E
:10ED5000AB404A68139922FA01F11943A1FB0E2630
:10ED6000A1FB0B131A449A4234BF0123002303EB87
:10ED700006080CEB8003D3E901A60E448E4234BF93
:10ED80000121002192448A4411B1924502D903E045
:10ED9000924501D2012100E00021C3E901A64144CE
:10EDA0004CF82010011EA0F10100C4DC04989DED78
:10EDB000050A00F10050810F0498DDED060A80007D
:10EDC0009DED072A01EE100AB8EEC13BB8EE401BDC
:10EDD0009FED334B21EE041BB8EE600B9FED324BE1
:10EDE00020EE040BB8EE422B9FED314B22EE042BAC
:10EDF00030EE024B34EE014B34EE034B8DED004B05
:10EE0000002000909DED004B34EE433B33EE411B60
:10EE100031EE400B32EE401B9DED000B9FED262B9B
:10EE200020EE020B9FED262B01EE020B9DED001B49
:10EE30009FED252B01EE020B199810F0004F1CBF1F
:10EE40004942B1EE400B84ED000B0846D3E60000CA
:10EE50000000000000000000FB21E93F7CD90240D7
:10EE600000004054FB21F93F3163621A61B4D03D88
:10EE7000FB21F93F000000000000601A61B4D03DA2
:10EE80007370032E8A19A33BFB2139410000000057
:10EE900083C8C96D305FE43F060700009E0600008E
:10EEA000000000000000103E000000000000103CC8
:10EEB000000000000000103A3326A611460B113C5A
:10EEC000182D4454FB21F93D00000054FB21F93D6D
:10EED00010B52DED040B2DED048B82B0B0EE419BEF
:10EEE000079820F00044B4F1795F0FDA9DED060B2E
:10EEF000BDEEC00B10EE100A002801BFB7EE000BEC
:10EF000002B0BDEC048B04B008BF10BD9DED060B34
:10EF100020EE008BB0EE480B1B480621784400F031
:10EF200039F820EE080B28EE000B9DED061B01EED4
:10EF3000490BB6EE001B28EE011B1448B7EE002B60
:10EF40008442BCBF31EE400B32EE400B16DB104862
:10EF5000A042BCBFB5EE023B8DED003B06DBA4F545
:10EF600000100190002000909DED003B31EE431B0E
:10EF700032EE432B31EE400B32EE400B02B0BDECD3
:10EF8000048B04B010BD0000600400003333D33F95
:10EF90000000E93FB0EE401B491E00EBC10292EDBC
:10EFA000000B31F006020DD0491E00EBC10292EDBC
:10EFB000002BB0EE403BB0EE420B03EE010B31F004
:10EFC0000602F1D1022914D004290AD0062918BF5B
:10EFD000704790ED0A2B00EE012B90ED080B02EE2E
:10EFE000010B90ED062B00EE012B90ED040B02EED1
:10EFF000010B90ED022B00EE012B90ED000B02EEC9
:10F00000010B70470000000031B504462DED040BE4
:10F010002DED068BB0EE419B07989DED060B20F081
:10F020000040B0F1795F0DDA51EC100BFFF708F9F1
:10F03000042808BF00F044F89DED060BBDEC068BDC
:10F0400005B030BD20EE008B28EE00ABB0EE480BD3
:10F05000114805217844FFF79DFF9FED111B8CB1EE
:10F06000B6EE002B29EE022B0AEE402B18EE029B87
:10F070000AEE419B9DED060B30EE490BBDEC068B75
:10F0800005B030BD08EE001B9DED060B0AEE010B2E
:10F09000BDEC068B05B030BD480400000000000048
:10F0A000495555555555C5BF9FED031B81EE010BC5
:10F0B0007047000000000000000000000000000099
:10F0C0009FED030B20EE000B7047000000000000D6
:10F0D000000000000000001030EE000A704730EE23
:10F0E000200A7047DFED020A80EEA00A7047000098
:10F0F000000000009FED020A20EE000A70470000A9
:10F10000000000102DE9F0014FF07F42B2EB410FFB
:10F110009FBF4FF0FF310160BDE8F00170474FF035
:10F12000004242EA0123C1F3C752783A551112F066
:10F130001F0C434CCCF120067C44C1F3C752A2F112
:10F1400078024FEA621204EB820254F8254008BFAD
:10F15000D2E9015612D0556804FA0CF425FA06F7E4
:10F160003C43976805FA0CF527FA06F8D26807FAC7
:10F170000CFCF24045EA08054CEA0206A4FB034CED
:10F18000A5FB0352A6FB03631D449D4234BF012629
:10F1900000261319334416B1934202D903E0934277
:10F1A00001D2012200E00022624402F1200C92060A
:10F1B000DC0C42EA443200EE102A5B03DFED210A48
:10F1C000F8EEC01A00EE103A4FEA9C1C11F0004F06
:10F1D000B8EE400AC0F800C020EE201A00EE105A27
:10F1E000DFED190AB8EE400A20EE200A71EE810A1E
:10F1F00070EE800A10EE902A02F500626FF30B02A7
:10F2000000EE902A70EEE11A31EEC11ADFED101A0D
:10F2100030EE411A9FED0D0A20EE800A01EE210A20
:10F220009FED0C1A00EE810A04BFBDE8F0017047A3
:10F23000CCF180510160BDE8F001B1EE400A7047A9
:10F2400040030000000000360000802C22AAFD29A7
:10F25000DB0FC92F0000C92F30380A2801D2012046
:10F2600070470020704782B0CDE9000121F00040D6
:10F2700001909DED000B02B051EC100B704710B5E2
:10F2800000EE100A2DED028BB1EEC08A18EE100AC6
:10F2900020F00040C0F1FF40C00F0AD010EE100A6D
:10F2A00020F00040C0F1FF40C00F04BF0120D1F7A3
:10F2B00068FB18EE100ABDEC028B10BD10B50029DA
:10F2C0000AD00878002807D005487844D2F7F4FB24
:10F2D000002801D0002010BD0248784410BD000075
:10F2E0007E0900007609000010B500290AD00878D0
:10F2F000002807D005487844D2F7DEFB002801D06B
:10F30000002010BD0248784410BD00006E090000C6
:10F3100066090000F1EE100A4FF6FF71C0F2C0312D
:10F3200020EA010040F04070E1EE100A7047D1F78A
:10F330007BBFD2F7AFB80000000000000000000063
:10F34000303132333435363738394142434445461B
:10F350004030580030313233343536373839616215
:10F360006364656640307800040000080000000017
:10F37000000000020001000010000000000000007A
:10F380004C5555555555A53F7751C1166CC156BFC3
:10F390009015CB19A001FA3EAD529C804F7E92BED3
:10F3A000C4B1B4BD9EEE213ED43888BEE9FAA8BDF2
:10F3B00000004054FB21F93F3163621A61B4D03D33
:10F3C0000000601A61B4D03D7370032E8A19A33B0C
:10F3D0000000002E8A19A33BC14920259A837B395E
:10F3E00000000000000000006E83F9A22915444EC1
:10F3F000D15727FCC0DD34F5999562DB4190433C41
:10F40000AB6351FE61C5BBDE3A6E24B7E0D24D421C
:10F41000EA2E49061C92D1091CEB1DFE3EA729B11C
:10F42000F53582E88444BB2E26709CE9417E5FB4AA
:10F4300039D69139F43953838B5F849C3B28F9BDCD
:10F44000FF97F81F0F9805DE8B112FEF1F6D0A5ADB
:10F45000CF7E366DB709CB27663F464F2DEA5F9EBC
:10F46000C7BA27757BF1E5EBF739073DEA92528A77
:10F47000B15FFB6B085D8D1F463003560000000036
:10F480006E83F9A22915444ED15727FCC0DD34F50F
:10F49000999562DB4190433CAB6351FE0000000054
:10F4A000A6F810111111813FD561C119A0012ABF21
:10F4B0007DFEB157E31DC73EEB9C2B8AE6E55ABEA5
:10F4C0007CD5CF5A3AD9E53D3031323334353637F1
:10F4D0003839616263646566787000303132333484
:10F4E00035363738394142434445465850000000CC
:10F4F00002400000000000A00000000005400000E5
:10F50000000000C8000000000C4000000000409C0B
:10F5100000000000194000000020BCBE00000000F8
:10F5200034400000BFC91B8E00000004B54000003D
:10F53000504BCFD06607E2CF010000006C410000C5
:10F540003E8251AADFEEA73401000000D94200003C
:10F55000DCB5A0E23A301F97FFFFFFFFB445000083
:10F56000FD25A0C8E9A3C14FFFFFFFFFFF3F00003B
:10F570000000008000000000FF3F0000000000804D
:10F58000000000000000000000000000000000007B
:10F590000000000000000000010000000200000068
:10F5A000030000000400000000000000050000004F
:10F5B0000000000000000000000000000600000045
:10F5C0000000000000000000000000000700000034
:10F5D00057F80208312A000801000000000000006E
:10F5E00000080000E8070020480D00009BF8020812
:10F5F000D1390008000000000000000000080000F1
:10F60000E8270020E847002089F802081958000878
:10F610000100000000000000000800007C480020FD
:10F620007C68002066F80208C1430108020000005F
:10F63000000000000008000010690020DC0D000040
:10F6400075F8020801A30108FFFF00000000000098
:10F65000000800006C0E00001489002049F8020820
:10F66000E9C90108FEFF00000000000000080000DA
:10F67000A88900206C2E000033F80208E10402087B
:10F68000FFFF00000000000000080000A8A9002003
:10F69000002F00000CCA0020942F00001CCA00207C
:10F6A000A42F0000000070420000F04100000000A4
:10F6B0000000F0C1000070C2005EBCE2613FDD836B
:10F6C000C29C7E20A3FD1F419DC3217FFCA2401E42
:10F6D0005F01E3BD3E6082DC237D9FC1421CFEA032
:10F6E000E1BF5D0380DE3C62BEE0025CDF81633D22
:10F6F0007C22C09E1D43A1FF4618FAA427799BC512
:10F7000084DA3866E5BB5907DB856739BAE4065801
:10F710001947A5FB7826C49A653BD987045AB8E6F1
:10F72000A7F91B45C6987A24F8A6441A99C7257BE1
:10F730003A6486D85B05E7B98CD2306EEDB3510FD1
:10F740004E10F2AC2F7193CD114FADF3702ECC92C1
:10F75000D38D6F31B2EC0E50AFF1134DCE90722CB1
:10F760006D33D18F0C52B0EE326C8ED0530DEFB1A1
:10F77000F0AE4C1291CF2D73CA947628ABF5174991
:10F780000856B4EA6937D58B5709EBB536688AD481
:10F7900095CB2977F4AA4816E9B7550B88D6346A71
:10F7A0002B7597C94A14F6A8742AC896154BA9F761
:10F7B000B6E80A54D7896B35000000000102030443
:10F7C0000102030406070809ABAAAA45CDCC4C44A4
:10F7D000CDCC4C4400007A44000102030405060726
:10F7E000080C1014182030400006101600061016E1
:10F7F00008040204080101010101010307010000DE
:10F80000010002000400060008000A000C001000BD
:10F81000200040008000000100000000000054545F
:10F8200052205245474745530000000000000000A9
:10F8300000000053746172745F5553425F4D696EEE
:10F840006950435F5461736B0053746172745F5508
:10F85000495F5461736B0053746172745F43414E2E
:10F860005F5461736B0053746172745F494E535FF0
:10F870005461736B0053746172745F53686F6F747B
:10F88000696E675F5461736B0053746172745F4794
:10F89000696D62616C5F5461736B00537461727463
:10F8A0005F436861737369735F5461736B002045D4
:10F8B00055200052554F5441414121002C005645DE
:10F8C0004C3A203F3F3F005245563A203F3F3F00D1
:10F8D00056454C3A204D4944005245563A2053492A
:10F8E0004E474C45005245563A204D554C544950D0
:10F8F0004C450041494D204F464600434150204F62
:10F90000464600257350495443480056454C3A201A
:10F9100048494748005245563A20554E535455439E
:10F920004B0041494D204F4E00434150204F4E0067
:10F930005245563A2053544F5000535051520025CF
:10F9400073524556005941570056454C3A204C4F8A
:10F9500057002C25640043483A25640053484F4F14
:10F96000543A25640025730049444C45005465729F
:10F970006D696E616C0053595354454D5649455756
:10F980003A20436F756C64206E6F74207265636FEC
:10F990007264207461736B20696E666F726D61743E
:10F9A000696F6E2E204D6178696D756D206E756D75
:10F9B000626572206F66207461736B73207265617B
:10F9C000636865642E0043444320496E7465726623
:10F9D0006163650043444320436F6E66696700536B
:10F9E000544D6963726F656C656374726F6E6963A1
:10F9F000730053544D3332205669727475616C2014
:10FA0000436F6D506F7274000000891112239B3296
:10FA10002446AD573665BF74488CC19D5AAFD3BEDE
:10FA20006CCAE5DB7EE9F7F88110080193331A22EE
:10FA3000A5562C47B7753E64C99C408DDBBF52AEBE
:10FA4000EDDA64CBFFF976E802218B3010029913CE
:10FA50002667AF763444BD554AADC3BC588ED19F9E
:10FA60006EEBE7FA7CC8F5D983310A2091121803AE
:10FA7000A7772E66B5543C45CBBD42ACD99E508F7E
:10FA8000EFFB66EAFDD874C904428D5316619F707E
:10FA90002004A9153227BB364CCEC5DF5EEDD7FC5E
:10FAA0006888E1997AABF3BA85520C4397711E606E
:10FAB000A1142805B3373A26CDDE44CFDFFD56EC3E
:10FAC000E9986089FBBB72AA06638F7214409D514E
:10FAD0002225AB343006B9174EEFC7FE5CCCD5DD1E
:10FAE0006AA9E3B8788AF19B87730E6295501C412E
:10FAF000A3352A24B1163807CFFF46EEDDDC54CDFE
:10FB0000EBB962A8F99A708B088481951AA793B60D
:10FB10002CC2A5D33EE1B7F04008C919522BDB3AFD
:10FB2000644EED5F766DFF7C899400859BB712A6CD
:10FB3000ADD224C3BFF136E0C1184809D33B5A2ADD
:10FB4000E55E6C4FF77D7E6C0AA583B418869197AD
:10FB50002EE3A7F23CC0B5D14229CB38500AD91BBD
:10FB6000666FEF7E744CFD5D8BB502A4999610878D
:10FB7000AFF326E2BDD034C1C3394A28D11A580B9D
:10FB8000E77F6E6EF55C7C4D0CC685D71EE597F45D
:10FB90002880A1913AA3B3B2444ACD5B5669DF787D
:10FBA000600CE91D722FFB3E8DD604C79FF516E44D
:10FBB000A9902081BBB332A2C55A4C4BD7795E685D
:10FBC000E11C680DF33F7A2E0EE787F61CC495D52D
:10FBD0002AA1A3B03882B193466BCF7A5448DD593D
:10FBE000622DEB3C700EF91F8FF706E69DD414C50D
:10FBF000ABB122A0B9923083C77B4E6AD5585C491D
:10FC0000E33D6A2CF11E780F78FD02080000002009
:10FC1000F004000030030008E0FE020800000000CD
:10FC2000680A000030030008C8FE0208F004002043
:10FC3000606A010090030008F8FF0208680A0000EB
:10FC4000E0640000900300081C0000004300000076
:10FC5000F8FFFFFF0C0000000E0000000F00000086
:10FC60002E0000001001000043000000F8FFFFFF1D
:10FC700000404040404040404040414141414140BF
:10FC80004040404040404040404040404040404074
:10FC90004005020202020202020202020202020203
:10FCA0000220202020202020202020020202020208
:10FCB0000202909090909090101010101010101060
:10FCC000101010101010101010101010020202026C
:10FCD00002028888888888880808080808080808B0
:10FCE00008080808080808080808080802020202AC
:10FCF00040000000000000000000000000000000C4
:10FD000000000000000000000000000000000000F3
:10FD100000000000000000000000000000000000E3
:10FD200000000000000000000000000000000000D3
:10FD300000000000000000000000000000000000C3
:10FD400000000000000000000000000000000000B3
:10FD500000000000000000000000000000000000A3
:10FD60000000000000000000000000000000000093
:10FD70000000000000000000157D04017C200E0240
:10FD800040AC034101055308065804076758A08B8F
:10FD90003A82815A7904212348412334421AC808FF
:10FDA00023FA430324A0405A7A040936405A7B04BC
:10FDB0000936405A7E0409324042031A02081904E7
:10FDC00001245A010432111CD80F496029701A40CD
:10FDD00070012A1340D8C220021F080A2DE03012F9
:10FDE0000F160810810911160A15800B164D0C18F4
:10FDF000010D770D15CDCC4C3ED622FA031A803F6B
:10FE000009711C2490D0032396440312A041400F93
:10FE1000FA44E9D3010819D1010849D70108480B70
:10FE200009D20108B1CF0108A9D010811A09281AF6
:10FE3000991C1A79081A8108140902431302011D3A
:10FE4000C0320904F71A020B130524161001052409
:10FE50000110090104240202052406170107058286
:10FE60000308151009040133020A2E070501024098
:10FE7000072A8107111A1A9A011A34AF4332045320
:10FE80000404052C9642010151180AC03FA69BC4E8
:10FE90003BCDCC9C934BA041141AE00CF3803F293E
:10FEA000B3061641CDCCCC3DDC2041FF011120082A
:10FEB0008009445839943E06A1704102020229FC8F
:10FEC00032101AAA0129B40000000000000000004E
:10FED0000000000000000000000000000000000022
:10FEE00001FF01FF01FF01FF01FF01FF015A36334E
:10FEF00033EB3A012D8FC2F53E085A020421234804
:10FF0000412334421AC80823FA430320A040393859
:10FF100019054A0141012169300A2502304132099F
:10FF200052191AC89C29A01A40A0012AE3D84802F5
:10FF30001F081E89E10108F9041E19E201084104A5
:10FF40001A91041A39101AA9044120115AF8F63FDF
:10FF50005D896EBFD5A9183BCDCC4C3F1BA0420894
:10FF6000123E08081250C347CDCCCC3D0409531CA7
:10FF7000111AC87809181C111690D0030A0632020B
:10FF80003340011312011402020216408304405749
:10FF90001D020102031513D1331B08C9041A690499
:10FFA0001309341B08390425040309043A80D86175
:10FFB0002B40415092052F70426F12833A04295111
:10FFC00001A03A0101411AA0C8011429186A701C45
:10FFD000A2401A20142BF041E20A11FF010008AFE1
:10FFE0000AD7A33D03020343803F632C014B102734
:08FFF000E80000000000000021
:04000005080002CD20
:00000001FF
